Workbook

Sheet SR3
A2: =SOFR3mo_PX[[#This Row],[Column1]] -> Dates | B2: =SOFR3mo_PX[[#This Row],[Column2]] -> 46174 | C2: =SOFR3mo_PX[[#This Row],[Column3]] -> 46171 | D2: =SOFR3mo_PX[[#This Row],[Column4]] -> 46170 | E2: =SOFR3mo_PX[[#This Row],[Column5]] -> 46169 | F2: =SOFR3mo_PX[[#This Row],[Column6]] -> 46168 | G2: =SOFR3mo_PX[[#This Row],[Column7]] -> 46167 | H2: =SOFR3mo_PX[[#This Row],[Column8]] -> 46164 | I2: =SOFR3mo_PX[[#This Row],[Column9]] -> 46163 | J2: =SOFR3mo_PX[[#This Row],[Column10]] -> 46162 | K2: =SOFR3mo_PX[[#This Row],[Column11]] -> 46161 | L2: =SOFR3mo_PX[[#This Row],[Column12]] -> 46160 | M2: =SOFR3mo_PX[[#This Row],[Column13]] -> 46157 | N2: =SOFR3mo_PX[[#This Row],[Column14]] -> 46156 | O2: =SOFR3mo_PX[[#This Row],[Column15]] -> 46155 | P2: =SOFR3mo_PX[[#This Row],[Column16]] -> 46154 | Q2: =SOFR3mo_PX[[#This Row],[Column17]] -> 46153 | R2: =SOFR3mo_PX[[#This Row],[Column18]] -> 46150 | S2: =SOFR3mo_PX[[#This Row],[Column19]] -> 46149 | T2: =SOFR3mo_PX[[#This Row],[Column20]] -> 46148 | U2: =SOFR3mo_PX[[#This Row],[Column21]] -> 46147 | V2: =SOFR3mo_PX[[#This Row],[Column22]] -> 46146 | W2: =SOFR3mo_PX[[#This Row],[Column23]] -> 46143 | X2: =SOFR3mo_PX[[#This Row],[Column24]] -> 46142 | Y2: =SOFR3mo_PX[[#This Row],[Column25]] -> 46141 | Z2: =SOFR3mo_PX[[#This Row],[Column26]] -> 46140 | AA2: =SOFR3mo_PX[[#This Row],[Column27]] -> 46139 | AB2: =SOFR3mo_PX[[#This Row],[Column28]] -> 46136 | AC2: =SOFR3mo_PX[[#This Row],[Column29]] -> 46135 | AD2: =SOFR3mo_PX[[#This Row],[Column30]] -> 46134 | AE2: =SOFR3mo_PX[[#This Row],[Column31]] -> 46133 | AF2: =SOFR3mo_PX[[#This Row],[Column32]] -> 46132 | AG2: =SOFR3mo_PX[[#This Row],[Column33]] -> 46129 | AH2: =SOFR3mo_PX[[#This Row],[Column34]] -> 46128 | AI2: =SOFR3mo_PX[[#This Row],[Column35]] -> 46127 | AJ2: =SOFR3mo_PX[[#This Row],[Column36]] -> 46126 | AK2: =SOFR3mo_PX[[#This Row],[Column37]] -> 46125 | AL2: =SOFR3mo_PX[[#This Row],[Column38]] -> 46122 | AM2: =SOFR3mo_PX[[#This Row],[Column39]] -> 46121 | AN2: =SOFR3mo_PX[[#This Row],[Column40]] -> 46120 | AO2: =SOFR3mo_PX[[#This Row],[Column41]] -> 46119 | AP2: =SOFR3mo_PX[[#This Row],[Column42]] -> 46118 | AQ2: =SOFR3mo_PX[[#This Row],[Column43]] -> 46115 | AR2: =SOFR3mo_PX[[#This Row],[Column44]] -> 46114
A3: ='cont list_0'!I6 -> H26 | B3: =SOFR3mo_PX[[#This Row],[Column2]] -> 1264197 | C3: =SOFR3mo_PX[[#This Row],[Column3]] -> 1264197 | D3: =SOFR3mo_PX[[#This Row],[Column4]] -> 1259500 | E3: =SOFR3mo_PX[[#This Row],[Column5]] -> 1265901 | F3: =SOFR3mo_PX[[#This Row],[Column6]] -> 1261614 | G3: =SOFR3mo_PX[[#This Row],[Column7]] -> 1281279 | H3: =SOFR3mo_PX[[#This Row],[Column8]] -> 1281279 | I3: =SOFR3mo_PX[[#This Row],[Column9]] -> 1282558 | J3: =SOFR3mo_PX[[#This Row],[Column10]] -> 1294002 | K3: =SOFR3mo_PX[[#This Row],[Column11]] -> 1293609 | L3: =SOFR3mo_PX[[#This Row],[Column12]] -> 1285094 | M3: =SOFR3mo_PX[[#This Row],[Column13]] -> 1287215 | N3: =SOFR3mo_PX[[#This Row],[Column14]] -> 1283535 | O3: =SOFR3mo_PX[[#This Row],[Column15]] -> 1291699 | P3: =SOFR3mo_PX[[#This Row],[Column16]] -> 1296220 | Q3: =SOFR3mo_PX[[#This Row],[Column17]] -> 1258708 | R3: =SOFR3mo_PX[[#This Row],[Column18]] -> 1275889 | S3: =SOFR3mo_PX[[#This Row],[Column19]] -> 1275824 | T3: =SOFR3mo_PX[[#This Row],[Column20]] -> 1267709 | U3: =SOFR3mo_PX[[#This Row],[Column21]] -> 1272437 | V3: =SOFR3mo_PX[[#This Row],[Column22]] -> 1266890 | W3: =SOFR3mo_PX[[#This Row],[Column23]] -> 1256190 | X3: =SOFR3mo_PX[[#This Row],[Column24]] -> 1261004 | Y3: =SOFR3mo_PX[[#This Row],[Column25]] -> 1241344 | Z3: =SOFR3mo_PX[[#This Row],[Column26]] -> 1251870 | AA3: =SOFR3mo_PX[[#This Row],[Column27]] -> 1248920 | AB3: =SOFR3mo_PX[[#This Row],[Column28]] -> 1242329 | AC3: =SOFR3mo_PX[[#This Row],[Column29]] -> 1250509 | AD3: =SOFR3mo_PX[[#This Row],[Column30]] -> 1273849 | AE3: =SOFR3mo_PX[[#This Row],[Column31]] -> 1278079 | AF3: =SOFR3mo_PX[[#This Row],[Column32]] -> 1265693 | AG3: =SOFR3mo_PX[[#This Row],[Column33]] -> 1296164 | AH3: =SOFR3mo_PX[[#This Row],[Column34]] -> 1234253 | AI3: =SOFR3mo_PX[[#This Row],[Column35]] -> 1230574 | AJ3: =SOFR3mo_PX[[#This Row],[Column36]] -> 1218653 | AK3: =SOFR3mo_PX[[#This Row],[Column37]] -> 1216403 | AL3: =SOFR3mo_PX[[#This Row],[Column38]] -> 1217492 | AM3: =SOFR3mo_PX[[#This Row],[Column39]] -> 1215896 | AN3: =SOFR3mo_PX[[#This Row],[Column40]] -> 1219583 | AO3: =SOFR3mo_PX[[#This Row],[Column41]] -> 1183264 | AP3: =SOFR3mo_PX[[#This Row],[Column42]] -> 1180422 | AQ3: =SOFR3mo_PX[[#This Row],[Column43]] -> 1173264 | AR3: =SOFR3mo_PX[[#This Row],[Column44]] -> 1178767
A4: ='cont list_0'!I7 -> M26 | B4: =SOFR3mo_PX[[#This Row],[Column2]] -> 1363116 | C4: =SOFR3mo_PX[[#This Row],[Column3]] -> 1363116 | D4: =SOFR3mo_PX[[#This Row],[Column4]] -> 1344797 | E4: =SOFR3mo_PX[[#This Row],[Column5]] -> 1360292 | F4: =SOFR3mo_PX[[#This Row],[Column6]] -> 1340893 | G4: =SOFR3mo_PX[[#This Row],[Column7]] -> 1346607 | H4: =SOFR3mo_PX[[#This Row],[Column8]] -> 1346607 | I4: =SOFR3mo_PX[[#This Row],[Column9]] -> 1320775 | J4: =SOFR3mo_PX[[#This Row],[Column10]] -> 1323873 | K4: =SOFR3mo_PX[[#This Row],[Column11]] -> 1321973 | L4: =SOFR3mo_PX[[#This Row],[Column12]] -> 1323354 | M4: =SOFR3mo_PX[[#This Row],[Column13]] -> 1297332 | N4: =SOFR3mo_PX[[#This Row],[Column14]] -> 1293681 | O4: =SOFR3mo_PX[[#This Row],[Column15]] -> 1282357 | P4: =SOFR3mo_PX[[#This Row],[Column16]] -> 1288683 | Q4: =SOFR3mo_PX[[#This Row],[Column17]] -> 1258962 | R4: =SOFR3mo_PX[[#This Row],[Column18]] -> 1260285 | S4: =SOFR3mo_PX[[#This Row],[Column19]] -> 1282346 | T4: =SOFR3mo_PX[[#This Row],[Column20]] -> 1263827 | U4: =SOFR3mo_PX[[#This Row],[Column21]] -> 1253177 | V4: =SOFR3mo_PX[[#This Row],[Column22]] -> 1225764 | W4: =SOFR3mo_PX[[#This Row],[Column23]] -> 1255447 | X4: =SOFR3mo_PX[[#This Row],[Column24]] -> 1253773 | Y4: =SOFR3mo_PX[[#This Row],[Column25]] -> 1241811 | Z4: =SOFR3mo_PX[[#This Row],[Column26]] -> 1225715 | AA4: =SOFR3mo_PX[[#This Row],[Column27]] -> 1214224 | AB4: =SOFR3mo_PX[[#This Row],[Column28]] -> 1225850 | AC4: =SOFR3mo_PX[[#This Row],[Column29]] -> 1228856 | AD4: =SOFR3mo_PX[[#This Row],[Column30]] -> 1224745 | AE4: =SOFR3mo_PX[[#This Row],[Column31]] -> 1233345 | AF4: =SOFR3mo_PX[[#This Row],[Column32]] -> 1244256 | AG4: =SOFR3mo_PX[[#This Row],[Column33]] -> 1244990 | AH4: =SOFR3mo_PX[[#This Row],[Column34]] -> 1229998 | AI4: =SOFR3mo_PX[[#This Row],[Column35]] -> 1235115 | AJ4: =SOFR3mo_PX[[#This Row],[Column36]] -> 1226152 | AK4: =SOFR3mo_PX[[#This Row],[Column37]] -> 1228580 | AL4: =SOFR3mo_PX[[#This Row],[Column38]] -> 1220727 | AM4: =SOFR3mo_PX[[#This Row],[Column39]] -> 1231199 | AN4: =SOFR3mo_PX[[#This Row],[Column40]] -> 1238002 | AO4: =SOFR3mo_PX[[#This Row],[Column41]] -> 1245240 | AP4: =SOFR3mo_PX[[#This Row],[Column42]] -> 1245777 | AQ4: =SOFR3mo_PX[[#This Row],[Column43]] -> 1242501 | AR4: =SOFR3mo_PX[[#This Row],[Column44]] -> 1231457
A5: ='cont list_0'!I8 -> U26 | B5: =SOFR3mo_PX[[#This Row],[Column2]] -> 1441434 | C5: =SOFR3mo_PX[[#This Row],[Column3]] -> 1441434 | D5: =SOFR3mo_PX[[#This Row],[Column4]] -> 1441302 | E5: =SOFR3mo_PX[[#This Row],[Column5]] -> 1413425 | F5: =SOFR3mo_PX[[#This Row],[Column6]] -> 1402683 | G5: =SOFR3mo_PX[[#This Row],[Column7]] -> 1390354 | H5: =SOFR3mo_PX[[#This Row],[Column8]] -> 1390354 | I5: =SOFR3mo_PX[[#This Row],[Column9]] -> 1361732 | J5: =SOFR3mo_PX[[#This Row],[Column10]] -> 1380295 | K5: =SOFR3mo_PX[[#This Row],[Column11]] -> 1385212 | L5: =SOFR3mo_PX[[#This Row],[Column12]] -> 1364431 | M5: =SOFR3mo_PX[[#This Row],[Column13]] -> 1371895 | N5: =SOFR3mo_PX[[#This Row],[Column14]] -> 1385479 | O5: =SOFR3mo_PX[[#This Row],[Column15]] -> 1382717 | P5: =SOFR3mo_PX[[#This Row],[Column16]] -> 1360639 | Q5: =SOFR3mo_PX[[#This Row],[Column17]] -> 1302360 | R5: =SOFR3mo_PX[[#This Row],[Column18]] -> 1304712 | S5: =SOFR3mo_PX[[#This Row],[Column19]] -> 1287176 | T5: =SOFR3mo_PX[[#This Row],[Column20]] -> 1280994 | U5: =SOFR3mo_PX[[#This Row],[Column21]] -> 1261691 | V5: =SOFR3mo_PX[[#This Row],[Column22]] -> 1248872 | W5: =SOFR3mo_PX[[#This Row],[Column23]] -> 1225308 | X5: =SOFR3mo_PX[[#This Row],[Column24]] -> 1211239 | Y5: =SOFR3mo_PX[[#This Row],[Column25]] -> 1199860 | Z5: =SOFR3mo_PX[[#This Row],[Column26]] -> 1159173 | AA5: =SOFR3mo_PX[[#This Row],[Column27]] -> 1145603 | AB5: =SOFR3mo_PX[[#This Row],[Column28]] -> 1146489 | AC5: =SOFR3mo_PX[[#This Row],[Column29]] -> 1140932 | AD5: =SOFR3mo_PX[[#This Row],[Column30]] -> 1119602 | AE5: =SOFR3mo_PX[[#This Row],[Column31]] -> 1123377 | AF5: =SOFR3mo_PX[[#This Row],[Column32]] -> 1115571 | AG5: =SOFR3mo_PX[[#This Row],[Column33]] -> 1181927 | AH5: =SOFR3mo_PX[[#This Row],[Column34]] -> 1136951 | AI5: =SOFR3mo_PX[[#This Row],[Column35]] -> 1135835 | AJ5: =SOFR3mo_PX[[#This Row],[Column36]] -> 1161935 | AK5: =SOFR3mo_PX[[#This Row],[Column37]] -> 1161515 | AL5: =SOFR3mo_PX[[#This Row],[Column38]] -> 1175691 | AM5: =SOFR3mo_PX[[#This Row],[Column39]] -> 1164171 | AN5: =SOFR3mo_PX[[#This Row],[Column40]] -> 1165477 | AO5: =SOFR3mo_PX[[#This Row],[Column41]] -> 1174098 | AP5: =SOFR3mo_PX[[#This Row],[Column42]] -> 1173757 | AQ5: =SOFR3mo_PX[[#This Row],[Column43]] -> 1173873 | AR5: =SOFR3mo_PX[[#This Row],[Column44]] -> 1166618
A6: ='cont list_0'!I9 -> Z26 | B6: =SOFR3mo_PX[[#This Row],[Column2]] -> 1563980 | C6: =SOFR3mo_PX[[#This Row],[Column3]] -> 1563980 | D6: =SOFR3mo_PX[[#This Row],[Column4]] -> 1565606 | E6: =SOFR3mo_PX[[#This Row],[Column5]] -> 1548820 | F6: =SOFR3mo_PX[[#This Row],[Column6]] -> 1548828 | G6: =SOFR3mo_PX[[#This Row],[Column7]] -> 1553506 | H6: =SOFR3mo_PX[[#This Row],[Column8]] -> 1553506 | I6: =SOFR3mo_PX[[#This Row],[Column9]] -> 1559757 | J6: =SOFR3mo_PX[[#This Row],[Column10]] -> 1561669 | K6: =SOFR3mo_PX[[#This Row],[Column11]] -> 1597349 | L6: =SOFR3mo_PX[[#This Row],[Column12]] -> 1576113 | M6: =SOFR3mo_PX[[#This Row],[Column13]] -> 1574266 | N6: =SOFR3mo_PX[[#This Row],[Column14]] -> 1587796 | O6: =SOFR3mo_PX[[#This Row],[Column15]] -> 1584795 | P6: =SOFR3mo_PX[[#This Row],[Column16]] -> 1611789 | Q6: =SOFR3mo_PX[[#This Row],[Column17]] -> 1591464 | R6: =SOFR3mo_PX[[#This Row],[Column18]] -> 1578041 | S6: =SOFR3mo_PX[[#This Row],[Column19]] -> 1571393 | T6: =SOFR3mo_PX[[#This Row],[Column20]] -> 1582377 | U6: =SOFR3mo_PX[[#This Row],[Column21]] -> 1578555 | V6: =SOFR3mo_PX[[#This Row],[Column22]] -> 1572436 | W6: =SOFR3mo_PX[[#This Row],[Column23]] -> 1569464 | X6: =SOFR3mo_PX[[#This Row],[Column24]] -> 1546657 | Y6: =SOFR3mo_PX[[#This Row],[Column25]] -> 1527515 | Z6: =SOFR3mo_PX[[#This Row],[Column26]] -> 1511888 | AA6: =SOFR3mo_PX[[#This Row],[Column27]] -> 1484698 | AB6: =SOFR3mo_PX[[#This Row],[Column28]] -> 1450593 | AC6: =SOFR3mo_PX[[#This Row],[Column29]] -> 1422829 | AD6: =SOFR3mo_PX[[#This Row],[Column30]] -> 1428616 | AE6: =SOFR3mo_PX[[#This Row],[Column31]] -> 1438156 | AF6: =SOFR3mo_PX[[#This Row],[Column32]] -> 1437603 | AG6: =SOFR3mo_PX[[#This Row],[Column33]] -> 1460474 | AH6: =SOFR3mo_PX[[#This Row],[Column34]] -> 1442030 | AI6: =SOFR3mo_PX[[#This Row],[Column35]] -> 1451099 | AJ6: =SOFR3mo_PX[[#This Row],[Column36]] -> 1439880 | AK6: =SOFR3mo_PX[[#This Row],[Column37]] -> 1449750 | AL6: =SOFR3mo_PX[[#This Row],[Column38]] -> 1449830 | AM6: =SOFR3mo_PX[[#This Row],[Column39]] -> 1444484 | AN6: =SOFR3mo_PX[[#This Row],[Column40]] -> 1436586 | AO6: =SOFR3mo_PX[[#This Row],[Column41]] -> 1482219 | AP6: =SOFR3mo_PX[[#This Row],[Column42]] -> 1470307 | AQ6: =SOFR3mo_PX[[#This Row],[Column43]] -> 1464008 | AR6: =SOFR3mo_PX[[#This Row],[Column44]] -> 1456972
A7: ='cont list_0'!I10 -> H27 | B7: =SOFR3mo_PX[[#This Row],[Column2]] -> 1027566 | C7: =SOFR3mo_PX[[#This Row],[Column3]] -> 1027566 | D7: =SOFR3mo_PX[[#This Row],[Column4]] -> 1053220 | E7: =SOFR3mo_PX[[#This Row],[Column5]] -> 1040753 | F7: =SOFR3mo_PX[[#This Row],[Column6]] -> 1039214 | G7: =SOFR3mo_PX[[#This Row],[Column7]] -> 1039886 | H7: =SOFR3mo_PX[[#This Row],[Column8]] -> 1039886 | I7: =SOFR3mo_PX[[#This Row],[Column9]] -> 1027553 | J7: =SOFR3mo_PX[[#This Row],[Column10]] -> 1019013 | K7: =SOFR3mo_PX[[#This Row],[Column11]] -> 1013491 | L7: =SOFR3mo_PX[[#This Row],[Column12]] -> 1001541 | M7: =SOFR3mo_PX[[#This Row],[Column13]] -> 1002056 | N7: =SOFR3mo_PX[[#This Row],[Column14]] -> 1009422 | O7: =SOFR3mo_PX[[#This Row],[Column15]] -> 1015878 | P7: =SOFR3mo_PX[[#This Row],[Column16]] -> 1030612 | Q7: =SOFR3mo_PX[[#This Row],[Column17]] -> 1006097 | R7: =SOFR3mo_PX[[#This Row],[Column18]] -> 999593 | S7: =SOFR3mo_PX[[#This Row],[Column19]] -> 1014309 | T7: =SOFR3mo_PX[[#This Row],[Column20]] -> 1002729 | U7: =SOFR3mo_PX[[#This Row],[Column21]] -> 998837 | V7: =SOFR3mo_PX[[#This Row],[Column22]] -> 983978 | W7: =SOFR3mo_PX[[#This Row],[Column23]] -> 966142 | X7: =SOFR3mo_PX[[#This Row],[Column24]] -> 955810 | Y7: =SOFR3mo_PX[[#This Row],[Column25]] -> 953797 | Z7: =SOFR3mo_PX[[#This Row],[Column26]] -> 970050 | AA7: =SOFR3mo_PX[[#This Row],[Column27]] -> 961388 | AB7: =SOFR3mo_PX[[#This Row],[Column28]] -> 947054 | AC7: =SOFR3mo_PX[[#This Row],[Column29]] -> 934671 | AD7: =SOFR3mo_PX[[#This Row],[Column30]] -> 949208 | AE7: =SOFR3mo_PX[[#This Row],[Column31]] -> 955389 | AF7: =SOFR3mo_PX[[#This Row],[Column32]] -> 946691 | AG7: =SOFR3mo_PX[[#This Row],[Column33]] -> 944578 | AH7: =SOFR3mo_PX[[#This Row],[Column34]] -> 943040 | AI7: =SOFR3mo_PX[[#This Row],[Column35]] -> 948226 | AJ7: =SOFR3mo_PX[[#This Row],[Column36]] -> 954455 | AK7: =SOFR3mo_PX[[#This Row],[Column37]] -> 947042 | AL7: =SOFR3mo_PX[[#This Row],[Column38]] -> 943023 | AM7: =SOFR3mo_PX[[#This Row],[Column39]] -> 945925 | AN7: =SOFR3mo_PX[[#This Row],[Column40]] -> 946387 | AO7: =SOFR3mo_PX[[#This Row],[Column41]] -> 962742 | AP7: =SOFR3mo_PX[[#This Row],[Column42]] -> 960453 | AQ7: =SOFR3mo_PX[[#This Row],[Column43]] -> 966082 | AR7: =SOFR3mo_PX[[#This Row],[Column44]] -> 959835
A8: ='cont list_0'!I11 -> M27 | B8: =SOFR3mo_PX[[#This Row],[Column2]] -> 1201412 | C8: =SOFR3mo_PX[[#This Row],[Column3]] -> 1201412 | D8: =SOFR3mo_PX[[#This Row],[Column4]] -> 1208144 | E8: =SOFR3mo_PX[[#This Row],[Column5]] -> 1201962 | F8: =SOFR3mo_PX[[#This Row],[Column6]] -> 1208746 | G8: =SOFR3mo_PX[[#This Row],[Column7]] -> 1214289 | H8: =SOFR3mo_PX[[#This Row],[Column8]] -> 1214289 | I8: =SOFR3mo_PX[[#This Row],[Column9]] -> 1175056 | J8: =SOFR3mo_PX[[#This Row],[Column10]] -> 1174811 | K8: =SOFR3mo_PX[[#This Row],[Column11]] -> 1181295 | L8: =SOFR3mo_PX[[#This Row],[Column12]] -> 1171362 | M8: =SOFR3mo_PX[[#This Row],[Column13]] -> 1189876 | N8: =SOFR3mo_PX[[#This Row],[Column14]] -> 1172866 | O8: =SOFR3mo_PX[[#This Row],[Column15]] -> 1178534 | P8: =SOFR3mo_PX[[#This Row],[Column16]] -> 1206764 | Q8: =SOFR3mo_PX[[#This Row],[Column17]] -> 1118896 | R8: =SOFR3mo_PX[[#This Row],[Column18]] -> 1119520 | S8: =SOFR3mo_PX[[#This Row],[Column19]] -> 1119867 | T8: =SOFR3mo_PX[[#This Row],[Column20]] -> 1092106 | U8: =SOFR3mo_PX[[#This Row],[Column21]] -> 1092767 | V8: =SOFR3mo_PX[[#This Row],[Column22]] -> 1099075 | W8: =SOFR3mo_PX[[#This Row],[Column23]] -> 1074460 | X8: =SOFR3mo_PX[[#This Row],[Column24]] -> 1050119 | Y8: =SOFR3mo_PX[[#This Row],[Column25]] -> 1059338 | Z8: =SOFR3mo_PX[[#This Row],[Column26]] -> 1003341 | AA8: =SOFR3mo_PX[[#This Row],[Column27]] -> 985628 | AB8: =SOFR3mo_PX[[#This Row],[Column28]] -> 984495 | AC8: =SOFR3mo_PX[[#This Row],[Column29]] -> 978479 | AD8: =SOFR3mo_PX[[#This Row],[Column30]] -> 951393 | AE8: =SOFR3mo_PX[[#This Row],[Column31]] -> 955445 | AF8: =SOFR3mo_PX[[#This Row],[Column32]] -> 961327 | AG8: =SOFR3mo_PX[[#This Row],[Column33]] -> 961546 | AH8: =SOFR3mo_PX[[#This Row],[Column34]] -> 965751 | AI8: =SOFR3mo_PX[[#This Row],[Column35]] -> 974868 | AJ8: =SOFR3mo_PX[[#This Row],[Column36]] -> 977552 | AK8: =SOFR3mo_PX[[#This Row],[Column37]] -> 974647 | AL8: =SOFR3mo_PX[[#This Row],[Column38]] -> 970884 | AM8: =SOFR3mo_PX[[#This Row],[Column39]] -> 979584 | AN8: =SOFR3mo_PX[[#This Row],[Column40]] -> 975320 | AO8: =SOFR3mo_PX[[#This Row],[Column41]] -> 991255 | AP8: =SOFR3mo_PX[[#This Row],[Column42]] -> 982753 | AQ8: =SOFR3mo_PX[[#This Row],[Column43]] -> 983430 | AR8: =SOFR3mo_PX[[#This Row],[Column44]] -> 970704
A9: ='cont list_0'!I12 -> U27 | B9: =SOFR3mo_PX[[#This Row],[Column2]] -> 833603 | C9: =SOFR3mo_PX[[#This Row],[Column3]] -> 833603 | D9: =SOFR3mo_PX[[#This Row],[Column4]] -> 831361 | E9: =SOFR3mo_PX[[#This Row],[Column5]] -> 823923 | F9: =SOFR3mo_PX[[#This Row],[Column6]] -> 834877 | G9: =SOFR3mo_PX[[#This Row],[Column7]] -> 872764 | H9: =SOFR3mo_PX[[#This Row],[Column8]] -> 872764 | I9: =SOFR3mo_PX[[#This Row],[Column9]] -> 854828 | J9: =SOFR3mo_PX[[#This Row],[Column10]] -> 855880 | K9: =SOFR3mo_PX[[#This Row],[Column11]] -> 862285 | L9: =SOFR3mo_PX[[#This Row],[Column12]] -> 856357 | M9: =SOFR3mo_PX[[#This Row],[Column13]] -> 850889 | N9: =SOFR3mo_PX[[#This Row],[Column14]] -> 860140 | O9: =SOFR3mo_PX[[#This Row],[Column15]] -> 855037 | P9: =SOFR3mo_PX[[#This Row],[Column16]] -> 861242 | Q9: =SOFR3mo_PX[[#This Row],[Column17]] -> 824870 | R9: =SOFR3mo_PX[[#This Row],[Column18]] -> 822743 | S9: =SOFR3mo_PX[[#This Row],[Column19]] -> 828587 | T9: =SOFR3mo_PX[[#This Row],[Column20]] -> 819178 | U9: =SOFR3mo_PX[[#This Row],[Column21]] -> 817242 | V9: =SOFR3mo_PX[[#This Row],[Column22]] -> 814030 | W9: =SOFR3mo_PX[[#This Row],[Column23]] -> 805455 | X9: =SOFR3mo_PX[[#This Row],[Column24]] -> 788366 | Y9: =SOFR3mo_PX[[#This Row],[Column25]] -> 775400 | Z9: =SOFR3mo_PX[[#This Row],[Column26]] -> 757382 | AA9: =SOFR3mo_PX[[#This Row],[Column27]] -> 759123 | AB9: =SOFR3mo_PX[[#This Row],[Column28]] -> 771167 | AC9: =SOFR3mo_PX[[#This Row],[Column29]] -> 773015 | AD9: =SOFR3mo_PX[[#This Row],[Column30]] -> 780701 | AE9: =SOFR3mo_PX[[#This Row],[Column31]] -> 775949 | AF9: =SOFR3mo_PX[[#This Row],[Column32]] -> 785276 | AG9: =SOFR3mo_PX[[#This Row],[Column33]] -> 787636 | AH9: =SOFR3mo_PX[[#This Row],[Column34]] -> 781064 | AI9: =SOFR3mo_PX[[#This Row],[Column35]] -> 780580 | AJ9: =SOFR3mo_PX[[#This Row],[Column36]] -> 792699 | AK9: =SOFR3mo_PX[[#This Row],[Column37]] -> 789553 | AL9: =SOFR3mo_PX[[#This Row],[Column38]] -> 801088 | AM9: =SOFR3mo_PX[[#This Row],[Column39]] -> 806129 | AN9: =SOFR3mo_PX[[#This Row],[Column40]] -> 811009 | AO9: =SOFR3mo_PX[[#This Row],[Column41]] -> 814409 | AP9: =SOFR3mo_PX[[#This Row],[Column42]] -> 799991 | AQ9: =SOFR3mo_PX[[#This Row],[Column43]] -> 797622 | AR9: =SOFR3mo_PX[[#This Row],[Column44]] -> 789263
A10: ='cont list_0'!I13 -> Z27 | B10: =SOFR3mo_PX[[#This Row],[Column2]] -> 1100561 | C10: =SOFR3mo_PX[[#This Row],[Column3]] -> 1100561 | D10: =SOFR3mo_PX[[#This Row],[Column4]] -> 1092931 | E10: =SOFR3mo_PX[[#This Row],[Column5]] -> 1083821 | F10: =SOFR3mo_PX[[#This Row],[Column6]] -> 1092241 | G10: =SOFR3mo_PX[[#This Row],[Column7]] -> 1129736 | H10: =SOFR3mo_PX[[#This Row],[Column8]] -> 1129736 | I10: =SOFR3mo_PX[[#This Row],[Column9]] -> 1120370 | J10: =SOFR3mo_PX[[#This Row],[Column10]] -> 1123703 | K10: =SOFR3mo_PX[[#This Row],[Column11]] -> 1139114 | L10: =SOFR3mo_PX[[#This Row],[Column12]] -> 1145264 | M10: =SOFR3mo_PX[[#This Row],[Column13]] -> 1151655 | N10: =SOFR3mo_PX[[#This Row],[Column14]] -> 1130159 | O10: =SOFR3mo_PX[[#This Row],[Column15]] -> 1143425 | P10: =SOFR3mo_PX[[#This Row],[Column16]] -> 1157523 | Q10: =SOFR3mo_PX[[#This Row],[Column17]] -> 1143637 | R10: =SOFR3mo_PX[[#This Row],[Column18]] -> 1132496 | S10: =SOFR3mo_PX[[#This Row],[Column19]] -> 1141438 | T10: =SOFR3mo_PX[[#This Row],[Column20]] -> 1159851 | U10: =SOFR3mo_PX[[#This Row],[Column21]] -> 1171759 | V10: =SOFR3mo_PX[[#This Row],[Column22]] -> 1167146 | W10: =SOFR3mo_PX[[#This Row],[Column23]] -> 1165688 | X10: =SOFR3mo_PX[[#This Row],[Column24]] -> 1151823 | Y10: =SOFR3mo_PX[[#This Row],[Column25]] -> 1115651 | Z10: =SOFR3mo_PX[[#This Row],[Column26]] -> 1091729 | AA10: =SOFR3mo_PX[[#This Row],[Column27]] -> 1096692 | AB10: =SOFR3mo_PX[[#This Row],[Column28]] -> 1107841 | AC10: =SOFR3mo_PX[[#This Row],[Column29]] -> 1102887 | AD10: =SOFR3mo_PX[[#This Row],[Column30]] -> 1118773 | AE10: =SOFR3mo_PX[[#This Row],[Column31]] -> 1110757 | AF10: =SOFR3mo_PX[[#This Row],[Column32]] -> 1107665 | AG10: =SOFR3mo_PX[[#This Row],[Column33]] -> 1106095 | AH10: =SOFR3mo_PX[[#This Row],[Column34]] -> 1082629 | AI10: =SOFR3mo_PX[[#This Row],[Column35]] -> 1092163 | AJ10: =SOFR3mo_PX[[#This Row],[Column36]] -> 1102861 | AK10: =SOFR3mo_PX[[#This Row],[Column37]] -> 1106856 | AL10: =SOFR3mo_PX[[#This Row],[Column38]] -> 1108384 | AM10: =SOFR3mo_PX[[#This Row],[Column39]] -> 1100877 | AN10: =SOFR3mo_PX[[#This Row],[Column40]] -> 1105661 | AO10: =SOFR3mo_PX[[#This Row],[Column41]] -> 1094766 | AP10: =SOFR3mo_PX[[#This Row],[Column42]] -> 1094724 | AQ10: =SOFR3mo_PX[[#This Row],[Column43]] -> 1085545 | AR10: =SOFR3mo_PX[[#This Row],[Column44]] -> 1079084
A11: ='cont list_0'!I14 -> H28 | B11: =SOFR3mo_PX[[#This Row],[Column2]] -> 687749 | C11: =SOFR3mo_PX[[#This Row],[Column3]] -> 687749 | D11: =SOFR3mo_PX[[#This Row],[Column4]] -> 672282 | E11: =SOFR3mo_PX[[#This Row],[Column5]] -> 676543 | F11: =SOFR3mo_PX[[#This Row],[Column6]] -> 720030 | G11: =SOFR3mo_PX[[#This Row],[Column7]] -> 741320 | H11: =SOFR3mo_PX[[#This Row],[Column8]] -> 741320 | I11: =SOFR3mo_PX[[#This Row],[Column9]] -> 729376 | J11: =SOFR3mo_PX[[#This Row],[Column10]] -> 753468 | K11: =SOFR3mo_PX[[#This Row],[Column11]] -> 765038 | L11: =SOFR3mo_PX[[#This Row],[Column12]] -> 762510 | M11: =SOFR3mo_PX[[#This Row],[Column13]] -> 765701 | N11: =SOFR3mo_PX[[#This Row],[Column14]] -> 773212 | O11: =SOFR3mo_PX[[#This Row],[Column15]] -> 773240 | P11: =SOFR3mo_PX[[#This Row],[Column16]] -> 762104 | Q11: =SOFR3mo_PX[[#This Row],[Column17]] -> 693076 | R11: =SOFR3mo_PX[[#This Row],[Column18]] -> 687306 | S11: =SOFR3mo_PX[[#This Row],[Column19]] -> 675902 | T11: =SOFR3mo_PX[[#This Row],[Column20]] -> 668183 | U11: =SOFR3mo_PX[[#This Row],[Column21]] -> 667719 | V11: =SOFR3mo_PX[[#This Row],[Column22]] -> 657644 | W11: =SOFR3mo_PX[[#This Row],[Column23]] -> 655046 | X11: =SOFR3mo_PX[[#This Row],[Column24]] -> 650569 | Y11: =SOFR3mo_PX[[#This Row],[Column25]] -> 649702 | Z11: =SOFR3mo_PX[[#This Row],[Column26]] -> 641359 | AA11: =SOFR3mo_PX[[#This Row],[Column27]] -> 642207 | AB11: =SOFR3mo_PX[[#This Row],[Column28]] -> 638995 | AC11: =SOFR3mo_PX[[#This Row],[Column29]] -> 651431 | AD11: =SOFR3mo_PX[[#This Row],[Column30]] -> 644175 | AE11: =SOFR3mo_PX[[#This Row],[Column31]] -> 650874 | AF11: =SOFR3mo_PX[[#This Row],[Column32]] -> 650357 | AG11: =SOFR3mo_PX[[#This Row],[Column33]] -> 655201 | AH11: =SOFR3mo_PX[[#This Row],[Column34]] -> 639485 | AI11: =SOFR3mo_PX[[#This Row],[Column35]] -> 638871 | AJ11: =SOFR3mo_PX[[#This Row],[Column36]] -> 645518 | AK11: =SOFR3mo_PX[[#This Row],[Column37]] -> 639385 | AL11: =SOFR3mo_PX[[#This Row],[Column38]] -> 646390 | AM11: =SOFR3mo_PX[[#This Row],[Column39]] -> 639433 | AN11: =SOFR3mo_PX[[#This Row],[Column40]] -> 636140 | AO11: =SOFR3mo_PX[[#This Row],[Column41]] -> 633456 | AP11: =SOFR3mo_PX[[#This Row],[Column42]] -> 617599 | AQ11: =SOFR3mo_PX[[#This Row],[Column43]] -> 612798 | AR11: =SOFR3mo_PX[[#This Row],[Column44]] -> 609918
A12: ='cont list_0'!I15 -> M28 | B12: =SOFR3mo_PX[[#This Row],[Column2]] -> 525784 | C12: =SOFR3mo_PX[[#This Row],[Column3]] -> 525784 | D12: =SOFR3mo_PX[[#This Row],[Column4]] -> 532514 | E12: =SOFR3mo_PX[[#This Row],[Column5]] -> 512921 | F12: =SOFR3mo_PX[[#This Row],[Column6]] -> 525081 | G12: =SOFR3mo_PX[[#This Row],[Column7]] -> 535745 | H12: =SOFR3mo_PX[[#This Row],[Column8]] -> 535745 | I12: =SOFR3mo_PX[[#This Row],[Column9]] -> 531001 | J12: =SOFR3mo_PX[[#This Row],[Column10]] -> 535977 | K12: =SOFR3mo_PX[[#This Row],[Column11]] -> 541826 | L12: =SOFR3mo_PX[[#This Row],[Column12]] -> 531711 | M12: =SOFR3mo_PX[[#This Row],[Column13]] -> 522450 | N12: =SOFR3mo_PX[[#This Row],[Column14]] -> 516970 | O12: =SOFR3mo_PX[[#This Row],[Column15]] -> 518266 | P12: =SOFR3mo_PX[[#This Row],[Column16]] -> 521985 | Q12: =SOFR3mo_PX[[#This Row],[Column17]] -> 507435 | R12: =SOFR3mo_PX[[#This Row],[Column18]] -> 510547 | S12: =SOFR3mo_PX[[#This Row],[Column19]] -> 505354 | T12: =SOFR3mo_PX[[#This Row],[Column20]] -> 482590 | U12: =SOFR3mo_PX[[#This Row],[Column21]] -> 487373 | V12: =SOFR3mo_PX[[#This Row],[Column22]] -> 479751 | W12: =SOFR3mo_PX[[#This Row],[Column23]] -> 479249 | X12: =SOFR3mo_PX[[#This Row],[Column24]] -> 477000 | Y12: =SOFR3mo_PX[[#This Row],[Column25]] -> 477598 | Z12: =SOFR3mo_PX[[#This Row],[Column26]] -> 463424 | AA12: =SOFR3mo_PX[[#This Row],[Column27]] -> 460249 | AB12: =SOFR3mo_PX[[#This Row],[Column28]] -> 455252 | AC12: =SOFR3mo_PX[[#This Row],[Column29]] -> 457746 | AD12: =SOFR3mo_PX[[#This Row],[Column30]] -> 452848 | AE12: =SOFR3mo_PX[[#This Row],[Column31]] -> 450539 | AF12: =SOFR3mo_PX[[#This Row],[Column32]] -> 455422 | AG12: =SOFR3mo_PX[[#This Row],[Column33]] -> 458146 | AH12: =SOFR3mo_PX[[#This Row],[Column34]] -> 454066 | AI12: =SOFR3mo_PX[[#This Row],[Column35]] -> 456154 | AJ12: =SOFR3mo_PX[[#This Row],[Column36]] -> 458659 | AK12: =SOFR3mo_PX[[#This Row],[Column37]] -> 455729 | AL12: =SOFR3mo_PX[[#This Row],[Column38]] -> 462014 | AM12: =SOFR3mo_PX[[#This Row],[Column39]] -> 474860 | AN12: =SOFR3mo_PX[[#This Row],[Column40]] -> 473017 | AO12: =SOFR3mo_PX[[#This Row],[Column41]] -> 458263 | AP12: =SOFR3mo_PX[[#This Row],[Column42]] -> 455410 | AQ12: =SOFR3mo_PX[[#This Row],[Column43]] -> 452348 | AR12: =SOFR3mo_PX[[#This Row],[Column44]] -> 447974
A13: ='cont list_0'!I16 -> U28 | B13: =SOFR3mo_PX[[#This Row],[Column2]] -> 465709 | C13: =SOFR3mo_PX[[#This Row],[Column3]] -> 465709 | D13: =SOFR3mo_PX[[#This Row],[Column4]] -> 465470 | E13: =SOFR3mo_PX[[#This Row],[Column5]] -> 468110 | F13: =SOFR3mo_PX[[#This Row],[Column6]] -> 473171 | G13: =SOFR3mo_PX[[#This Row],[Column7]] -> 474223 | H13: =SOFR3mo_PX[[#This Row],[Column8]] -> 474223 | I13: =SOFR3mo_PX[[#This Row],[Column9]] -> 467204 | J13: =SOFR3mo_PX[[#This Row],[Column10]] -> 472857 | K13: =SOFR3mo_PX[[#This Row],[Column11]] -> 469873 | L13: =SOFR3mo_PX[[#This Row],[Column12]] -> 467201 | M13: =SOFR3mo_PX[[#This Row],[Column13]] -> 462369 | N13: =SOFR3mo_PX[[#This Row],[Column14]] -> 460348 | O13: =SOFR3mo_PX[[#This Row],[Column15]] -> 455073 | P13: =SOFR3mo_PX[[#This Row],[Column16]] -> 454996 | Q13: =SOFR3mo_PX[[#This Row],[Column17]] -> 419738 | R13: =SOFR3mo_PX[[#This Row],[Column18]] -> 414255 | S13: =SOFR3mo_PX[[#This Row],[Column19]] -> 418328 | T13: =SOFR3mo_PX[[#This Row],[Column20]] -> 405939 | U13: =SOFR3mo_PX[[#This Row],[Column21]] -> 409716 | V13: =SOFR3mo_PX[[#This Row],[Column22]] -> 403228 | W13: =SOFR3mo_PX[[#This Row],[Column23]] -> 397669 | X13: =SOFR3mo_PX[[#This Row],[Column24]] -> 394070 | Y13: =SOFR3mo_PX[[#This Row],[Column25]] -> 394344 | Z13: =SOFR3mo_PX[[#This Row],[Column26]] -> 389640 | AA13: =SOFR3mo_PX[[#This Row],[Column27]] -> 389999 | AB13: =SOFR3mo_PX[[#This Row],[Column28]] -> 383098 | AC13: =SOFR3mo_PX[[#This Row],[Column29]] -> 389191 | AD13: =SOFR3mo_PX[[#This Row],[Column30]] -> 380815 | AE13: =SOFR3mo_PX[[#This Row],[Column31]] -> 380583 | AF13: =SOFR3mo_PX[[#This Row],[Column32]] -> 376467 | AG13: =SOFR3mo_PX[[#This Row],[Column33]] -> 378396 | AH13: =SOFR3mo_PX[[#This Row],[Column34]] -> 375583 | AI13: =SOFR3mo_PX[[#This Row],[Column35]] -> 374859 | AJ13: =SOFR3mo_PX[[#This Row],[Column36]] -> 376345 | AK13: =SOFR3mo_PX[[#This Row],[Column37]] -> 374455 | AL13: =SOFR3mo_PX[[#This Row],[Column38]] -> 375571 | AM13: =SOFR3mo_PX[[#This Row],[Column39]] -> 373031 | AN13: =SOFR3mo_PX[[#This Row],[Column40]] -> 376019 | AO13: =SOFR3mo_PX[[#This Row],[Column41]] -> 372318 | AP13: =SOFR3mo_PX[[#This Row],[Column42]] -> 367194 | AQ13: =SOFR3mo_PX[[#This Row],[Column43]] -> 364820 | AR13: =SOFR3mo_PX[[#This Row],[Column44]] -> 366028
A14: ='cont list_0'!I17 -> Z28 | B14: =SOFR3mo_PX[[#This Row],[Column2]] -> 400332 | C14: =SOFR3mo_PX[[#This Row],[Column3]] -> 400332 | D14: =SOFR3mo_PX[[#This Row],[Column4]] -> 397240 | E14: =SOFR3mo_PX[[#This Row],[Column5]] -> 396504 | F14: =SOFR3mo_PX[[#This Row],[Column6]] -> 392101 | G14: =SOFR3mo_PX[[#This Row],[Column7]] -> 382735 | H14: =SOFR3mo_PX[[#This Row],[Column8]] -> 382735 | I14: =SOFR3mo_PX[[#This Row],[Column9]] -> 378131 | J14: =SOFR3mo_PX[[#This Row],[Column10]] -> 381858 | K14: =SOFR3mo_PX[[#This Row],[Column11]] -> 367293 | L14: =SOFR3mo_PX[[#This Row],[Column12]] -> 367189 | M14: =SOFR3mo_PX[[#This Row],[Column13]] -> 374861 | N14: =SOFR3mo_PX[[#This Row],[Column14]] -> 376812 | O14: =SOFR3mo_PX[[#This Row],[Column15]] -> 372269 | P14: =SOFR3mo_PX[[#This Row],[Column16]] -> 367082 | Q14: =SOFR3mo_PX[[#This Row],[Column17]] -> 366990 | R14: =SOFR3mo_PX[[#This Row],[Column18]] -> 367058 | S14: =SOFR3mo_PX[[#This Row],[Column19]] -> 373253 | T14: =SOFR3mo_PX[[#This Row],[Column20]] -> 368330 | U14: =SOFR3mo_PX[[#This Row],[Column21]] -> 359319 | V14: =SOFR3mo_PX[[#This Row],[Column22]] -> 355265 | W14: =SOFR3mo_PX[[#This Row],[Column23]] -> 357124 | X14: =SOFR3mo_PX[[#This Row],[Column24]] -> 356227 | Y14: =SOFR3mo_PX[[#This Row],[Column25]] -> 356810 | Z14: =SOFR3mo_PX[[#This Row],[Column26]] -> 348038 | AA14: =SOFR3mo_PX[[#This Row],[Column27]] -> 347928 | AB14: =SOFR3mo_PX[[#This Row],[Column28]] -> 348531 | AC14: =SOFR3mo_PX[[#This Row],[Column29]] -> 348815 | AD14: =SOFR3mo_PX[[#This Row],[Column30]] -> 352032 | AE14: =SOFR3mo_PX[[#This Row],[Column31]] -> 350761 | AF14: =SOFR3mo_PX[[#This Row],[Column32]] -> 352400 | AG14: =SOFR3mo_PX[[#This Row],[Column33]] -> 350335 | AH14: =SOFR3mo_PX[[#This Row],[Column34]] -> 354209 | AI14: =SOFR3mo_PX[[#This Row],[Column35]] -> 356377 | AJ14: =SOFR3mo_PX[[#This Row],[Column36]] -> 360997 | AK14: =SOFR3mo_PX[[#This Row],[Column37]] -> 363691 | AL14: =SOFR3mo_PX[[#This Row],[Column38]] -> 363448 | AM14: =SOFR3mo_PX[[#This Row],[Column39]] -> 366762 | AN14: =SOFR3mo_PX[[#This Row],[Column40]] -> 367043 | AO14: =SOFR3mo_PX[[#This Row],[Column41]] -> 353377 | AP14: =SOFR3mo_PX[[#This Row],[Column42]] -> 352340 | AQ14: =SOFR3mo_PX[[#This Row],[Column43]] -> 353827 | AR14: =SOFR3mo_PX[[#This Row],[Column44]] -> 354612
... A34: ='cont list_0'!I37 -> Z33 | B34: =SOFR3mo_PX[[#This Row],[Column2]] -> 3 | C34: =SOFR3mo_PX[[#This Row],[Column3]] -> 3 | D34: =SOFR3mo_PX[[#This Row],[Column4]] -> 3 | E34: =SOFR3mo_PX[[#This Row],[Column5]] -> 3 | F34: =SOFR3mo_PX[[#This Row],[Column6]] -> 3 | G34: =SOFR3mo_PX[[#This Row],[Column7]] -> 3 | H34: =SOFR3mo_PX[[#This Row],[Column8]] -> 3 | I34: =SOFR3mo_PX[[#This Row],[Column9]] -> 3 | J34: =SOFR3mo_PX[[#This Row],[Column10]] -> 3 | K34: =SOFR3mo_PX[[#This Row],[Column11]] -> 3 | L34: =SOFR3mo_PX[[#This Row],[Column12]] -> 3 | M34: =SOFR3mo_PX[[#This Row],[Column13]] -> 3 | N34: =SOFR3mo_PX[[#This Row],[Column14]] -> 3 | O34: =SOFR3mo_PX[[#This Row],[Column15]] -> 3 | P34: =SOFR3mo_PX[[#This Row],[Column16]] -> 3 | Q34: =SOFR3mo_PX[[#This Row],[Column17]] -> 3 | R34: =SOFR3mo_PX[[#This Row],[Column18]] -> 3 | S34: =SOFR3mo_PX[[#This Row],[Column19]] -> 3 | T34: =SOFR3mo_PX[[#This Row],[Column20]] -> 3 | U34: =SOFR3mo_PX[[#This Row],[Column21]] -> 3 | V34: =SOFR3mo_PX[[#This Row],[Column22]] -> 3 | W34: =SOFR3mo_PX[[#This Row],[Column23]] -> 3 | X34: =SOFR3mo_PX[[#This Row],[Column24]] -> 3 | Y34: =SOFR3mo_PX[[#This Row],[Column25]] -> 3 | Z34: =SOFR3mo_PX[[#This Row],[Column26]] -> 3 | AA34: =SOFR3mo_PX[[#This Row],[Column27]] -> 3 | AB34: =SOFR3mo_PX[[#This Row],[Column28]] -> 3 | AC34: =SOFR3mo_PX[[#This Row],[Column29]] -> 3 | AD34: =SOFR3mo_PX[[#This Row],[Column30]] -> 3 | AE34: =SOFR3mo_PX[[#This Row],[Column31]] -> 3 | AF34: =SOFR3mo_PX[[#This Row],[Column32]] -> 3 | AG34: =SOFR3mo_PX[[#This Row],[Column33]] -> 3 | AH34: =SOFR3mo_PX[[#This Row],[Column34]] -> 3 | AI34: =SOFR3mo_PX[[#This Row],[Column35]] -> 3 | AJ34: =SOFR3mo_PX[[#This Row],[Column36]] -> 3 | AK34: =SOFR3mo_PX[[#This Row],[Column37]] -> 3 | AL34: =SOFR3mo_PX[[#This Row],[Column38]] -> 3 | AM34: =SOFR3mo_PX[[#This Row],[Column39]] -> 3 | AN34: =SOFR3mo_PX[[#This Row],[Column40]] -> 3 | AO34: =SOFR3mo_PX[[#This Row],[Column41]] -> 3 | AP34: =SOFR3mo_PX[[#This Row],[Column42]] -> 3 | AQ34: =SOFR3mo_PX[[#This Row],[Column43]] -> 3 | AR34: =SOFR3mo_PX[[#This Row],[Column44]] -> 3

Sheet FF
A2: =FF_PX[[#This Row],[Column1]] -> Dates | B2: =FF_PX[[#This Row],[Column2]] -> 46174 | C2: =FF_PX[[#This Row],[Column3]] -> 46171 | D2: =FF_PX[[#This Row],[Column4]] -> 46170 | E2: =FF_PX[[#This Row],[Column5]] -> 46169 | F2: =FF_PX[[#This Row],[Column6]] -> 46168 | G2: =FF_PX[[#This Row],[Column7]] -> 46167 | H2: =FF_PX[[#This Row],[Column8]] -> 46164 | I2: =FF_PX[[#This Row],[Column9]] -> 46163 | J2: =FF_PX[[#This Row],[Column10]] -> 46162 | K2: =FF_PX[[#This Row],[Column11]] -> 46161 | L2: =FF_PX[[#This Row],[Column12]] -> 46160 | M2: =FF_PX[[#This Row],[Column13]] -> 46157 | N2: =FF_PX[[#This Row],[Column14]] -> 46156 | O2: =FF_PX[[#This Row],[Column15]] -> 46155 | P2: =FF_PX[[#This Row],[Column16]] -> 46154 | Q2: =FF_PX[[#This Row],[Column17]] -> 46153 | R2: =FF_PX[[#This Row],[Column18]] -> 46150 | S2: =FF_PX[[#This Row],[Column19]] -> 46149 | T2: =FF_PX[[#This Row],[Column20]] -> 46148 | U2: =FF_PX[[#This Row],[Column21]] -> 46147 | V2: =FF_PX[[#This Row],[Column22]] -> 46146 | W2: =FF_PX[[#This Row],[Column23]] -> 46143 | X2: =FF_PX[[#This Row],[Column24]] -> 46142 | Y2: =FF_PX[[#This Row],[Column25]] -> 46141 | Z2: =FF_PX[[#This Row],[Column26]] -> 46140 | AA2: =FF_PX[[#This Row],[Column27]] -> 46139 | AB2: =FF_PX[[#This Row],[Column28]] -> 46136 | AC2: =FF_PX[[#This Row],[Column29]] -> 46135 | AD2: =FF_PX[[#This Row],[Column30]] -> 46134 | AE2: =FF_PX[[#This Row],[Column31]] -> 46133 | AF2: =FF_PX[[#This Row],[Column32]] -> 46132 | AG2: =FF_PX[[#This Row],[Column33]] -> 46129 | AH2: =FF_PX[[#This Row],[Column34]] -> 46128 | AI2: =FF_PX[[#This Row],[Column35]] -> 46127 | AJ2: =FF_PX[[#This Row],[Column36]] -> 46126 | AK2: =FF_PX[[#This Row],[Column37]] -> 46125 | AL2: =FF_PX[[#This Row],[Column38]] -> 46122 | AM2: =FF_PX[[#This Row],[Column39]] -> 46121 | AN2: =FF_PX[[#This Row],[Column40]] -> 46120 | AO2: =FF_PX[[#This Row],[Column41]] -> 46119 | AP2: =FF_PX[[#This Row],[Column42]] -> 46118 | AQ2: =FF_PX[[#This Row],[Column43]] -> 46115 | AR2: =FF_PX[[#This Row],[Column44]] -> 46114 | AS2: =FF_PX[[#This Row],[Column45]] -> 46113 | AT2: =FF_PX[[#This Row],[Column46]] -> 46112 | AU2: =FF_PX[[#This Row],[Column47]] -> 46111 | AV2: =FF_PX[[#This Row],[Column48]] -> 46108 | AW2: =FF_PX[[#This Row],[Column49]] -> 46107 | AX2: =FF_PX[[#This Row],[Column50]] -> 46106 | AY2: =FF_PX[[#This Row],[Column51]] -> 46105 | AZ2: =FF_PX[[#This Row],[Column52]] -> 46104 | BA2: =FF_PX[[#This Row],[Column53]] -> 46101 | BB2: =FF_PX[[#This Row],[Column54]] -> 46100 | BC2: =FF_PX[[#This Row],[Column55]] -> 46099 | BD2: =FF_PX[[#This Row],[Column56]] -> 46098 | BE2: =FF_PX[[#This Row],[Column57]] -> 46097 | BF2: =FF_PX[[#This Row],[Column58]] -> 46094 | BG2: =FF_PX[[#This Row],[Column59]] -> 46093 | BH2: =FF_PX[[#This Row],[Column60]] -> 46092 | BI2: =FF_PX[[#This Row],[Column61]] -> 46091 | BJ2: =FF_PX[[#This Row],[Column62]] -> 46090 | BK2: =FF_PX[[#This Row],[Column63]] -> 46087 | BL2: =FF_PX[[#This Row],[Column64]] -> 46086 | BM2: =FF_PX[[#This Row],[Column65]] -> 46085 | BN2: =FF_PX[[#This Row],[Column66]] -> 46084 | BO2: =FF_PX[[#This Row],[Column67]] -> 46083 | BP2: =FF_PX[[#This Row],[Column68]] -> 46080 | BQ2: =FF_PX[[#This Row],[Column69]] -> 46079 | BR2: =FF_PX[[#This Row],[Column70]] -> 46078 | BS2: =FF_PX[[#This Row],[Column71]] -> 46077 | BT2: =FF_PX[[#This Row],[Column72]] -> 46076 | BU2: =FF_PX[[#This Row],[Column73]] -> 46073 | BV2: =FF_PX[[#This Row],[Column74]] -> 46072 | BW2: =FF_PX[[#This Row],[Column75]] -> 46071 | BX2: =FF_PX[[#This Row],[Column76]] -> 46070 | BY2: =FF_PX[[#This Row],[Column77]] -> 46069 | BZ2: =FF_PX[[#This Row],[Column78]] -> 46066 | CA2: =FF_PX[[#This Row],[Column79]] -> 46065 | CB2: =FF_PX[[#This Row],[Column80]] -> 46064 | CC2: =FF_PX[[#This Row],[Column81]] -> 46063 | CD2: =FF_PX[[#This Row],[Column82]] -> 46062 | CE2: =FF_PX[[#This Row],[Column83]] -> 46059 | CF2: =FF_PX[[#This Row],[Column84]] -> 46058 | CG2: =FF_PX[[#This Row],[Column85]] -> 46057 | CH2: =FF_PX[[#This Row],[Column86]] -> 46056 | CI2: =FF_PX[[#This Row],[Column87]] -> 46055 | CJ2: =FF_PX[[#This Row],[Column88]] -> 46052 | CK2: =FF_PX[[#This Row],[Column89]] -> 46051 | CL2: =FF_PX[[#This Row],[Column90]] -> 46050 | CM2: =FF_PX[[#This Row],[Column91]] -> 46049 | CN2: =FF_PX[[#This Row],[Column92]] -> 46048 | CO2: =FF_PX[[#This Row],[Column93]] -> 46045 | CP2: =FF_PX[[#This Row],[Column94]] -> 46044 | CQ2: =FF_PX[[#This Row],[Column95]] -> 46043 | CR2: =FF_PX[[#This Row],[Column96]] -> 46042 | CS2: =FF_PX[[#This Row],[Column97]] -> 46041 | CT2: =FF_PX[[#This Row],[Column98]] -> 46038 | CU2: =FF_PX[[#This Row],[Column99]] -> 46037 | CV2: =FF_PX[[#This Row],[Column100]] -> 46036 | CW2: =FF_PX[[#This Row],[Column101]] -> 46035 | CX2: =FF_PX[[#This Row],[Column102]] -> 46034 | CY2: =FF_PX[[#This Row],[Column103]] -> 46031 | CZ2: =FF_PX[[#This Row],[Column104]] -> 46030 | DA2: =FF_PX[[#This Row],[Column105]] -> 46029
A3: ='cont list_0'!M6 -> M26 | B3: =FF_PX[[#This Row],[Column2]] -> 323336 | C3: =FF_PX[[#This Row],[Column3]] -> 323336 | D3: =FF_PX[[#This Row],[Column4]] -> 324391 | E3: =FF_PX[[#This Row],[Column5]] -> 324416 | F3: =FF_PX[[#This Row],[Column6]] -> 320965 | G3: =FF_PX[[#This Row],[Column7]] -> 325473 | H3: =FF_PX[[#This Row],[Column8]] -> 325473 | I3: =FF_PX[[#This Row],[Column9]] -> 314232 | J3: =FF_PX[[#This Row],[Column10]] -> 321563 | K3: =FF_PX[[#This Row],[Column11]] -> 339047 | L3: =FF_PX[[#This Row],[Column12]] -> 331499 | M3: =FF_PX[[#This Row],[Column13]] -> 325600 | N3: =FF_PX[[#This Row],[Column14]] -> 347204 | O3: =FF_PX[[#This Row],[Column15]] -> 372190 | P3: =FF_PX[[#This Row],[Column16]] -> 354771 | Q3: =FF_PX[[#This Row],[Column17]] -> 349687 | R3: =FF_PX[[#This Row],[Column18]] -> 345614 | S3: =FF_PX[[#This Row],[Column19]] -> 360148 | T3: =FF_PX[[#This Row],[Column20]] -> 355498 | U3: =FF_PX[[#This Row],[Column21]] -> 358206 | V3: =FF_PX[[#This Row],[Column22]] -> 357134 | W3: =FF_PX[[#This Row],[Column23]] -> 377707 | X3: =FF_PX[[#This Row],[Column24]] -> 422543 | Y3: =FF_PX[[#This Row],[Column25]] -> 423054 | Z3: =FF_PX[[#This Row],[Column26]] -> 422968 | AA3: =FF_PX[[#This Row],[Column27]] -> 425475 | AB3: =FF_PX[[#This Row],[Column28]] -> 425463 | AC3: =FF_PX[[#This Row],[Column29]] -> 416168 | AD3: =FF_PX[[#This Row],[Column30]] -> 410461 | AE3: =FF_PX[[#This Row],[Column31]] -> 419261 | AF3: =FF_PX[[#This Row],[Column32]] -> 423594 | AG3: =FF_PX[[#This Row],[Column33]] -> 424477 | AH3: =FF_PX[[#This Row],[Column34]] -> 417377 | AI3: =FF_PX[[#This Row],[Column35]] -> 416400 | AJ3: =FF_PX[[#This Row],[Column36]] -> 418680 | AK3: =FF_PX[[#This Row],[Column37]] -> 417814 | AL3: =FF_PX[[#This Row],[Column38]] -> 421196 | AM3: =FF_PX[[#This Row],[Column39]] -> 432056 | AN3: =FF_PX[[#This Row],[Column40]] -> 432542 | AO3: =FF_PX[[#This Row],[Column41]] -> 443085 | AP3: =FF_PX[[#This Row],[Column42]] -> 438136 | AQ3: =FF_PX[[#This Row],[Column43]] -> 438181 | AR3: =FF_PX[[#This Row],[Column44]] -> 439019 | AS3: =FF_PX[[#This Row],[Column45]] -> 437364 | AT3: =FF_PX[[#This Row],[Column46]] -> 334518 | AU3: =FF_PX[[#This Row],[Column47]] -> 332764 | AV3: =FF_PX[[#This Row],[Column48]] -> 340817 | AW3: =FF_PX[[#This Row],[Column49]] -> 333754 | AX3: =FF_PX[[#This Row],[Column50]] -> 330360 | AY3: =FF_PX[[#This Row],[Column51]] -> 325809 | AZ3: =FF_PX[[#This Row],[Column52]] -> 326176 | BA3: =FF_PX[[#This Row],[Column53]] -> 322743 | BB3: =FF_PX[[#This Row],[Column54]] -> 330114 | BC3: =FF_PX[[#This Row],[Column55]] -> 333567 | BD3: =FF_PX[[#This Row],[Column56]] -> 345029 | BE3: =FF_PX[[#This Row],[Column57]] -> 308665 | BF3: =FF_PX[[#This Row],[Column58]] -> 316759 | BG3: =FF_PX[[#This Row],[Column59]] -> 305994 | BH3: =FF_PX[[#This Row],[Column60]] -> 299099 | BI3: =FF_PX[[#This Row],[Column61]] -> 305287 | BJ3: =FF_PX[[#This Row],[Column62]] -> 302007 | BK3: =FF_PX[[#This Row],[Column63]] -> 288405 | BL3: =FF_PX[[#This Row],[Column64]] -> 250202 | BM3: =FF_PX[[#This Row],[Column65]] -> 235029 | BN3: =FF_PX[[#This Row],[Column66]] -> 226477 | BO3: =FF_PX[[#This Row],[Column67]] -> 237738 | BP3: =FF_PX[[#This Row],[Column68]] -> 550744 | BQ3: =FF_PX[[#This Row],[Column69]] -> 553778 | BR3: =FF_PX[[#This Row],[Column70]] -> 557938 | BS3: =FF_PX[[#This Row],[Column71]] -> 558466 | BT3: =FF_PX[[#This Row],[Column72]] -> 555397 | BU3: =FF_PX[[#This Row],[Column73]] -> 549043 | BV3: =FF_PX[[#This Row],[Column74]] -> 541193 | BW3: =FF_PX[[#This Row],[Column75]] -> 541578 | BX3: =FF_PX[[#This Row],[Column76]] -> 553960 | BY3: =FF_PX[[#This Row],[Column77]] -> 523356 | BZ3: =FF_PX[[#This Row],[Column78]] -> 523356 | CA3: =FF_PX[[#This Row],[Column79]] -> 525777 | CB3: =FF_PX[[#This Row],[Column80]] -> 525020 | CC3: =FF_PX[[#This Row],[Column81]] -> 525135 | CD3: =FF_PX[[#This Row],[Column82]] -> 535114 | CE3: =FF_PX[[#This Row],[Column83]] -> 538150 | CF3: =FF_PX[[#This Row],[Column84]] -> 509965 | CG3: =FF_PX[[#This Row],[Column85]] -> 512442 | CH3: =FF_PX[[#This Row],[Column86]] -> 517549 | CI3: =FF_PX[[#This Row],[Column87]] -> 531872 | CJ3: =FF_PX[[#This Row],[Column88]] -> 591841 | CK3: =FF_PX[[#This Row],[Column89]] -> 592473 | CL3: =FF_PX[[#This Row],[Column90]] -> 596030 | CM3: =FF_PX[[#This Row],[Column91]] -> 596247 | CN3: =FF_PX[[#This Row],[Column92]] -> 594636 | CO3: =FF_PX[[#This Row],[Column93]] -> 590461 | CP3: =FF_PX[[#This Row],[Column94]] -> 567513 | CQ3: =FF_PX[[#This Row],[Column95]] -> 566668 | CR3: =FF_PX[[#This Row],[Column96]] -> 528958 | CS3: =FF_PX[[#This Row],[Column97]] -> 524403 | CT3: =FF_PX[[#This Row],[Column98]] -> 524403 | CU3: =FF_PX[[#This Row],[Column99]] -> 535449 | CV3: =FF_PX[[#This Row],[Column100]] -> 537924 | CW3: =FF_PX[[#This Row],[Column101]] -> 592384 | CX3: =FF_PX[[#This Row],[Column102]] -> 608289 | CY3: =FF_PX[[#This Row],[Column103]] -> 615684 | CZ3: =FF_PX[[#This Row],[Column104]] -> 623117 | DA3: =FF_PX[[#This Row],[Column105]] -> 634193
A4: ='cont list_0'!M7 -> N26 | B4: =FF_PX[[#This Row],[Column2]] -> 249169 | C4: =FF_PX[[#This Row],[Column3]] -> 249169 | D4: =FF_PX[[#This Row],[Column4]] -> 243531 | E4: =FF_PX[[#This Row],[Column5]] -> 243171 | F4: =FF_PX[[#This Row],[Column6]] -> 242292 | G4: =FF_PX[[#This Row],[Column7]] -> 250240 | H4: =FF_PX[[#This Row],[Column8]] -> 250240 | I4: =FF_PX[[#This Row],[Column9]] -> 235593 | J4: =FF_PX[[#This Row],[Column10]] -> 231524 | K4: =FF_PX[[#This Row],[Column11]] -> 232215 | L4: =FF_PX[[#This Row],[Column12]] -> 251709 | M4: =FF_PX[[#This Row],[Column13]] -> 243400 | N4: =FF_PX[[#This Row],[Column14]] -> 230647 | O4: =FF_PX[[#This Row],[Column15]] -> 245847 | P4: =FF_PX[[#This Row],[Column16]] -> 245191 | Q4: =FF_PX[[#This Row],[Column17]] -> 252083 | R4: =FF_PX[[#This Row],[Column18]] -> 241645 | S4: =FF_PX[[#This Row],[Column19]] -> 238143 | T4: =FF_PX[[#This Row],[Column20]] -> 229140 | U4: =FF_PX[[#This Row],[Column21]] -> 224043 | V4: =FF_PX[[#This Row],[Column22]] -> 220602 | W4: =FF_PX[[#This Row],[Column23]] -> 218558 | X4: =FF_PX[[#This Row],[Column24]] -> 364863 | Y4: =FF_PX[[#This Row],[Column25]] -> 358936 | Z4: =FF_PX[[#This Row],[Column26]] -> 409462 | AA4: =FF_PX[[#This Row],[Column27]] -> 406302 | AB4: =FF_PX[[#This Row],[Column28]] -> 415552 | AC4: =FF_PX[[#This Row],[Column29]] -> 414530 | AD4: =FF_PX[[#This Row],[Column30]] -> 412422 | AE4: =FF_PX[[#This Row],[Column31]] -> 414697 | AF4: =FF_PX[[#This Row],[Column32]] -> 431884 | AG4: =FF_PX[[#This Row],[Column33]] -> 438216 | AH4: =FF_PX[[#This Row],[Column34]] -> 432322 | AI4: =FF_PX[[#This Row],[Column35]] -> 436897 | AJ4: =FF_PX[[#This Row],[Column36]] -> 442797 | AK4: =FF_PX[[#This Row],[Column37]] -> 438533 | AL4: =FF_PX[[#This Row],[Column38]] -> 447470 | AM4: =FF_PX[[#This Row],[Column39]] -> 448145 | AN4: =FF_PX[[#This Row],[Column40]] -> 451884 | AO4: =FF_PX[[#This Row],[Column41]] -> 453119 | AP4: =FF_PX[[#This Row],[Column42]] -> 449934 | AQ4: =FF_PX[[#This Row],[Column43]] -> 449466 | AR4: =FF_PX[[#This Row],[Column44]] -> 444569 | AS4: =FF_PX[[#This Row],[Column45]] -> 462530 | AT4: =FF_PX[[#This Row],[Column46]] -> 436271 | AU4: =FF_PX[[#This Row],[Column47]] -> 442015 | AV4: =FF_PX[[#This Row],[Column48]] -> 451210 | AW4: =FF_PX[[#This Row],[Column49]] -> 477604 | AX4: =FF_PX[[#This Row],[Column50]] -> 477480 | AY4: =FF_PX[[#This Row],[Column51]] -> 476530 | AZ4: =FF_PX[[#This Row],[Column52]] -> 483621 | BA4: =FF_PX[[#This Row],[Column53]] -> 471704 | BB4: =FF_PX[[#This Row],[Column54]] -> 466301 | BC4: =FF_PX[[#This Row],[Column55]] -> 481494 | BD4: =FF_PX[[#This Row],[Column56]] -> 478215 | BE4: =FF_PX[[#This Row],[Column57]] -> 449085 | BF4: =FF_PX[[#This Row],[Column58]] -> 428730 | BG4: =FF_PX[[#This Row],[Column59]] -> 404961 | BH4: =FF_PX[[#This Row],[Column60]] -> 409169 | BI4: =FF_PX[[#This Row],[Column61]] -> 403830 | BJ4: =FF_PX[[#This Row],[Column62]] -> 391063 | BK4: =FF_PX[[#This Row],[Column63]] -> 360566 | BL4: =FF_PX[[#This Row],[Column64]] -> 340749 | BM4: =FF_PX[[#This Row],[Column65]] -> 328478 | BN4: =FF_PX[[#This Row],[Column66]] -> 330255 | BO4: =FF_PX[[#This Row],[Column67]] -> 332947 | BP4: =FF_PX[[#This Row],[Column68]] -> 254738 | BQ4: =FF_PX[[#This Row],[Column69]] -> 245226 | BR4: =FF_PX[[#This Row],[Column70]] -> 248182 | BS4: =FF_PX[[#This Row],[Column71]] -> 247782 | BT4: =FF_PX[[#This Row],[Column72]] -> 245311 | BU4: =FF_PX[[#This Row],[Column73]] -> 242987 | BV4: =FF_PX[[#This Row],[Column74]] -> 240472 | BW4: =FF_PX[[#This Row],[Column75]] -> 240756 | BX4: =FF_PX[[#This Row],[Column76]] -> 239176 | BY4: =FF_PX[[#This Row],[Column77]] -> 243419 | BZ4: =FF_PX[[#This Row],[Column78]] -> 243419 | CA4: =FF_PX[[#This Row],[Column79]] -> 244670 | CB4: =FF_PX[[#This Row],[Column80]] -> 242210 | CC4: =FF_PX[[#This Row],[Column81]] -> 224479 | CD4: =FF_PX[[#This Row],[Column82]] -> 214657 | CE4: =FF_PX[[#This Row],[Column83]] -> 214606 | CF4: =FF_PX[[#This Row],[Column84]] -> 210446 | CG4: =FF_PX[[#This Row],[Column85]] -> 203374 | CH4: =FF_PX[[#This Row],[Column86]] -> 198232 | CI4: =FF_PX[[#This Row],[Column87]] -> 201233 | CJ4: =FF_PX[[#This Row],[Column88]] -> 535806 | CK4: =FF_PX[[#This Row],[Column89]] -> 524616 | CL4: =FF_PX[[#This Row],[Column90]] -> 541586 | CM4: =FF_PX[[#This Row],[Column91]] -> 586400 | CN4: =FF_PX[[#This Row],[Column92]] -> 591267 | CO4: =FF_PX[[#This Row],[Column93]] -> 589586 | CP4: =FF_PX[[#This Row],[Column94]] -> 586302 | CQ4: =FF_PX[[#This Row],[Column95]] -> 585464 | CR4: =FF_PX[[#This Row],[Column96]] -> 588496 | CS4: =FF_PX[[#This Row],[Column97]] -> 598143 | CT4: =FF_PX[[#This Row],[Column98]] -> 598143 | CU4: =FF_PX[[#This Row],[Column99]] -> 598284 | CV4: =FF_PX[[#This Row],[Column100]] -> 607935 | CW4: =FF_PX[[#This Row],[Column101]] -> 588301 | CX4: =FF_PX[[#This Row],[Column102]] -> 646598 | CY4: =FF_PX[[#This Row],[Column103]] -> 648922 | CZ4: =FF_PX[[#This Row],[Column104]] -> 698820 | DA4: =FF_PX[[#This Row],[Column105]] -> 691795
A5: ='cont list_0'!M8 -> Q26 | B5: =FF_PX[[#This Row],[Column2]] -> 300668 | C5: =FF_PX[[#This Row],[Column3]] -> 300668 | D5: =FF_PX[[#This Row],[Column4]] -> 304948 | E5: =FF_PX[[#This Row],[Column5]] -> 295703 | F5: =FF_PX[[#This Row],[Column6]] -> 296314 | G5: =FF_PX[[#This Row],[Column7]] -> 297152 | H5: =FF_PX[[#This Row],[Column8]] -> 297152 | I5: =FF_PX[[#This Row],[Column9]] -> 289312 | J5: =FF_PX[[#This Row],[Column10]] -> 289148 | K5: =FF_PX[[#This Row],[Column11]] -> 291788 | L5: =FF_PX[[#This Row],[Column12]] -> 274982 | M5: =FF_PX[[#This Row],[Column13]] -> 254664 | N5: =FF_PX[[#This Row],[Column14]] -> 252122 | O5: =FF_PX[[#This Row],[Column15]] -> 262634 | P5: =FF_PX[[#This Row],[Column16]] -> 251886 | Q5: =FF_PX[[#This Row],[Column17]] -> 250517 | R5: =FF_PX[[#This Row],[Column18]] -> 252634 | S5: =FF_PX[[#This Row],[Column19]] -> 240372 | T5: =FF_PX[[#This Row],[Column20]] -> 232062 | U5: =FF_PX[[#This Row],[Column21]] -> 211023 | V5: =FF_PX[[#This Row],[Column22]] -> 206918 | W5: =FF_PX[[#This Row],[Column23]] -> 206565 | X5: =FF_PX[[#This Row],[Column24]] -> 217838 | Y5: =FF_PX[[#This Row],[Column25]] -> 222988 | Z5: =FF_PX[[#This Row],[Column26]] -> 210388 | AA5: =FF_PX[[#This Row],[Column27]] -> 210921 | AB5: =FF_PX[[#This Row],[Column28]] -> 211990 | AC5: =FF_PX[[#This Row],[Column29]] -> 211685 | AD5: =FF_PX[[#This Row],[Column30]] -> 197990 | AE5: =FF_PX[[#This Row],[Column31]] -> 197976 | AF5: =FF_PX[[#This Row],[Column32]] -> 211713 | AG5: =FF_PX[[#This Row],[Column33]] -> 210820 | AH5: =FF_PX[[#This Row],[Column34]] -> 206702 | AI5: =FF_PX[[#This Row],[Column35]] -> 206539 | AJ5: =FF_PX[[#This Row],[Column36]] -> 199499 | AK5: =FF_PX[[#This Row],[Column37]] -> 194553 | AL5: =FF_PX[[#This Row],[Column38]] -> 190006 | AM5: =FF_PX[[#This Row],[Column39]] -> 188876 | AN5: =FF_PX[[#This Row],[Column40]] -> 187508 | AO5: =FF_PX[[#This Row],[Column41]] -> 190733 | AP5: =FF_PX[[#This Row],[Column42]] -> 189011 | AQ5: =FF_PX[[#This Row],[Column43]] -> 192259 | AR5: =FF_PX[[#This Row],[Column44]] -> 192497 | AS5: =FF_PX[[#This Row],[Column45]] -> 193891 | AT5: =FF_PX[[#This Row],[Column46]] -> 467845 | AU5: =FF_PX[[#This Row],[Column47]] -> 460427 | AV5: =FF_PX[[#This Row],[Column48]] -> 448906 | AW5: =FF_PX[[#This Row],[Column49]] -> 461884 | AX5: =FF_PX[[#This Row],[Column50]] -> 454246 | AY5: =FF_PX[[#This Row],[Column51]] -> 458996 | AZ5: =FF_PX[[#This Row],[Column52]] -> 458390 | BA5: =FF_PX[[#This Row],[Column53]] -> 458699 | BB5: =FF_PX[[#This Row],[Column54]] -> 433299 | BC5: =FF_PX[[#This Row],[Column55]] -> 402069 | BD5: =FF_PX[[#This Row],[Column56]] -> 370745 | BE5: =FF_PX[[#This Row],[Column57]] -> 368707 | BF5: =FF_PX[[#This Row],[Column58]] -> 376699 | BG5: =FF_PX[[#This Row],[Column59]] -> 362584 | BH5: =FF_PX[[#This Row],[Column60]] -> 367266 | BI5: =FF_PX[[#This Row],[Column61]] -> 363874 | BJ5: =FF_PX[[#This Row],[Column62]] -> 351425 | BK5: =FF_PX[[#This Row],[Column63]] -> 365862 | BL5: =FF_PX[[#This Row],[Column64]] -> 367350 | BM5: =FF_PX[[#This Row],[Column65]] -> 371082 | BN5: =FF_PX[[#This Row],[Column66]] -> 373924 | BO5: =FF_PX[[#This Row],[Column67]] -> 399034 | BP5: =FF_PX[[#This Row],[Column68]] -> 330655 | BQ5: =FF_PX[[#This Row],[Column69]] -> 322070 | BR5: =FF_PX[[#This Row],[Column70]] -> 311847 | BS5: =FF_PX[[#This Row],[Column71]] -> 312771 | BT5: =FF_PX[[#This Row],[Column72]] -> 309698 | BU5: =FF_PX[[#This Row],[Column73]] -> 289883 | BV5: =FF_PX[[#This Row],[Column74]] -> 277632 | BW5: =FF_PX[[#This Row],[Column75]] -> 277153 | BX5: =FF_PX[[#This Row],[Column76]] -> 277371 | BY5: =FF_PX[[#This Row],[Column77]] -> 278891 | BZ5: =FF_PX[[#This Row],[Column78]] -> 278891 | CA5: =FF_PX[[#This Row],[Column79]] -> 275058 | CB5: =FF_PX[[#This Row],[Column80]] -> 280130 | CC5: =FF_PX[[#This Row],[Column81]] -> 284247 | CD5: =FF_PX[[#This Row],[Column82]] -> 284907 | CE5: =FF_PX[[#This Row],[Column83]] -> 276947 | CF5: =FF_PX[[#This Row],[Column84]] -> 267296 | CG5: =FF_PX[[#This Row],[Column85]] -> 257319 | CH5: =FF_PX[[#This Row],[Column86]] -> 259826 | CI5: =FF_PX[[#This Row],[Column87]] -> 262871 | CJ5: =FF_PX[[#This Row],[Column88]] -> 200038 | CK5: =FF_PX[[#This Row],[Column89]] -> 198176 | CL5: =FF_PX[[#This Row],[Column90]] -> 198404 | CM5: =FF_PX[[#This Row],[Column91]] -> 195468 | CN5: =FF_PX[[#This Row],[Column92]] -> 196075 | CO5: =FF_PX[[#This Row],[Column93]] -> 195684 | CP5: =FF_PX[[#This Row],[Column94]] -> 198118 | CQ5: =FF_PX[[#This Row],[Column95]] -> 199038 | CR5: =FF_PX[[#This Row],[Column96]] -> 195646 | CS5: =FF_PX[[#This Row],[Column97]] -> 192264 | CT5: =FF_PX[[#This Row],[Column98]] -> 192264 | CU5: =FF_PX[[#This Row],[Column99]] -> 190069 | CV5: =FF_PX[[#This Row],[Column100]] -> 190810 | CW5: =FF_PX[[#This Row],[Column101]] -> 188399 | CX5: =FF_PX[[#This Row],[Column102]] -> 193326 | CY5: =FF_PX[[#This Row],[Column103]] -> 196870 | CZ5: =FF_PX[[#This Row],[Column104]] -> 202303 | DA5: =FF_PX[[#This Row],[Column105]] -> 202243
A6: ='cont list_0'!M9 -> U26 | B6: =FF_PX[[#This Row],[Column2]] -> 320372 | C6: =FF_PX[[#This Row],[Column3]] -> 320372 | D6: =FF_PX[[#This Row],[Column4]] -> 308047 | E6: =FF_PX[[#This Row],[Column5]] -> 301101 | F6: =FF_PX[[#This Row],[Column6]] -> 303811 | G6: =FF_PX[[#This Row],[Column7]] -> 308189 | H6: =FF_PX[[#This Row],[Column8]] -> 308189 | I6: =FF_PX[[#This Row],[Column9]] -> 289112 | J6: =FF_PX[[#This Row],[Column10]] -> 300027 | K6: =FF_PX[[#This Row],[Column11]] -> 288909 | L6: =FF_PX[[#This Row],[Column12]] -> 271887 | M6: =FF_PX[[#This Row],[Column13]] -> 267664 | N6: =FF_PX[[#This Row],[Column14]] -> 265742 | O6: =FF_PX[[#This Row],[Column15]] -> 253772 | P6: =FF_PX[[#This Row],[Column16]] -> 246301 | Q6: =FF_PX[[#This Row],[Column17]] -> 243014 | R6: =FF_PX[[#This Row],[Column18]] -> 237744 | S6: =FF_PX[[#This Row],[Column19]] -> 236028 | T6: =FF_PX[[#This Row],[Column20]] -> 233387 | U6: =FF_PX[[#This Row],[Column21]] -> 207868 | V6: =FF_PX[[#This Row],[Column22]] -> 202945 | W6: =FF_PX[[#This Row],[Column23]] -> 198872 | X6: =FF_PX[[#This Row],[Column24]] -> 205353 | Y6: =FF_PX[[#This Row],[Column25]] -> 203618 | Z6: =FF_PX[[#This Row],[Column26]] -> 202701 | AA6: =FF_PX[[#This Row],[Column27]] -> 203867 | AB6: =FF_PX[[#This Row],[Column28]] -> 190806 | AC6: =FF_PX[[#This Row],[Column29]] -> 188514 | AD6: =FF_PX[[#This Row],[Column30]] -> 187937 | AE6: =FF_PX[[#This Row],[Column31]] -> 186553 | AF6: =FF_PX[[#This Row],[Column32]] -> 188053 | AG6: =FF_PX[[#This Row],[Column33]] -> 189482 | AH6: =FF_PX[[#This Row],[Column34]] -> 193364 | AI6: =FF_PX[[#This Row],[Column35]] -> 195528 | AJ6: =FF_PX[[#This Row],[Column36]] -> 196648 | AK6: =FF_PX[[#This Row],[Column37]] -> 197839 | AL6: =FF_PX[[#This Row],[Column38]] -> 193885 | AM6: =FF_PX[[#This Row],[Column39]] -> 195849 | AN6: =FF_PX[[#This Row],[Column40]] -> 201288 | AO6: =FF_PX[[#This Row],[Column41]] -> 198336 | AP6: =FF_PX[[#This Row],[Column42]] -> 196863 | AQ6: =FF_PX[[#This Row],[Column43]] -> 198003 | AR6: =FF_PX[[#This Row],[Column44]] -> 193864 | AS6: =FF_PX[[#This Row],[Column45]] -> 192641 | AT6: =FF_PX[[#This Row],[Column46]] -> 192884 | AU6: =FF_PX[[#This Row],[Column47]] -> 194928 | AV6: =FF_PX[[#This Row],[Column48]] -> 194378 | AW6: =FF_PX[[#This Row],[Column49]] -> 198198 | AX6: =FF_PX[[#This Row],[Column50]] -> 207139 | AY6: =FF_PX[[#This Row],[Column51]] -> 209876 | AZ6: =FF_PX[[#This Row],[Column52]] -> 210735 | BA6: =FF_PX[[#This Row],[Column53]] -> 217106 | BB6: =FF_PX[[#This Row],[Column54]] -> 217213 | BC6: =FF_PX[[#This Row],[Column55]] -> 216283 | BD6: =FF_PX[[#This Row],[Column56]] -> 212198 | BE6: =FF_PX[[#This Row],[Column57]] -> 209476 | BF6: =FF_PX[[#This Row],[Column58]] -> 202234 | BG6: =FF_PX[[#This Row],[Column59]] -> 198790 | BH6: =FF_PX[[#This Row],[Column60]] -> 194678 | BI6: =FF_PX[[#This Row],[Column61]] -> 192068 | BJ6: =FF_PX[[#This Row],[Column62]] -> 187518 | BK6: =FF_PX[[#This Row],[Column63]] -> 187829 | BL6: =FF_PX[[#This Row],[Column64]] -> 192239 | BM6: =FF_PX[[#This Row],[Column65]] -> 191741 | BN6: =FF_PX[[#This Row],[Column66]] -> 191518 | BO6: =FF_PX[[#This Row],[Column67]] -> 189907 | BP6: =FF_PX[[#This Row],[Column68]] -> 410686 | BQ6: =FF_PX[[#This Row],[Column69]] -> 389923 | BR6: =FF_PX[[#This Row],[Column70]] -> 366932 | BS6: =FF_PX[[#This Row],[Column71]] -> 365587 | BT6: =FF_PX[[#This Row],[Column72]] -> 366898 | BU6: =FF_PX[[#This Row],[Column73]] -> 398893 | BV6: =FF_PX[[#This Row],[Column74]] -> 388112 | BW6: =FF_PX[[#This Row],[Column75]] -> 368952 | BX6: =FF_PX[[#This Row],[Column76]] -> 354604 | BY6: =FF_PX[[#This Row],[Column77]] -> 334749 | BZ6: =FF_PX[[#This Row],[Column78]] -> 334749 | CA6: =FF_PX[[#This Row],[Column79]] -> 319802 | CB6: =FF_PX[[#This Row],[Column80]] -> 310218 | CC6: =FF_PX[[#This Row],[Column81]] -> 291410 | CD6: =FF_PX[[#This Row],[Column82]] -> 296886 | CE6: =FF_PX[[#This Row],[Column83]] -> 287056 | CF6: =FF_PX[[#This Row],[Column84]] -> 294807 | CG6: =FF_PX[[#This Row],[Column85]] -> 275080 | CH6: =FF_PX[[#This Row],[Column86]] -> 276531 | CI6: =FF_PX[[#This Row],[Column87]] -> 277687 | CJ6: =FF_PX[[#This Row],[Column88]] -> 273089 | CK6: =FF_PX[[#This Row],[Column89]] -> 268234 | CL6: =FF_PX[[#This Row],[Column90]] -> 260661 | CM6: =FF_PX[[#This Row],[Column91]] -> 253864 | CN6: =FF_PX[[#This Row],[Column92]] -> 250231 | CO6: =FF_PX[[#This Row],[Column93]] -> 251699 | CP6: =FF_PX[[#This Row],[Column94]] -> 254102 | CQ6: =FF_PX[[#This Row],[Column95]] -> 246632 | CR6: =FF_PX[[#This Row],[Column96]] -> 243851 | CS6: =FF_PX[[#This Row],[Column97]] -> 247975 | CT6: =FF_PX[[#This Row],[Column98]] -> 247975 | CU6: =FF_PX[[#This Row],[Column99]] -> 233296 | CV6: =FF_PX[[#This Row],[Column100]] -> 201542 | CW6: =FF_PX[[#This Row],[Column101]] -> 199118 | CX6: =FF_PX[[#This Row],[Column102]] -> 195872 | CY6: =FF_PX[[#This Row],[Column103]] -> 193950 | CZ6: =FF_PX[[#This Row],[Column104]] -> 180890 | DA6: =FF_PX[[#This Row],[Column105]] -> 179456
A7: ='cont list_0'!M10 -> V26 | B7: =FF_PX[[#This Row],[Column2]] -> 133842 | C7: =FF_PX[[#This Row],[Column3]] -> 133842 | D7: =FF_PX[[#This Row],[Column4]] -> 123850 | E7: =FF_PX[[#This Row],[Column5]] -> 124938 | F7: =FF_PX[[#This Row],[Column6]] -> 123462 | G7: =FF_PX[[#This Row],[Column7]] -> 123874 | H7: =FF_PX[[#This Row],[Column8]] -> 123874 | I7: =FF_PX[[#This Row],[Column9]] -> 122342 | J7: =FF_PX[[#This Row],[Column10]] -> 110704 | K7: =FF_PX[[#This Row],[Column11]] -> 107057 | L7: =FF_PX[[#This Row],[Column12]] -> 100520 | M7: =FF_PX[[#This Row],[Column13]] -> 100891 | N7: =FF_PX[[#This Row],[Column14]] -> 100078 | O7: =FF_PX[[#This Row],[Column15]] -> 95784 | P7: =FF_PX[[#This Row],[Column16]] -> 91040 | Q7: =FF_PX[[#This Row],[Column17]] -> 88438 | R7: =FF_PX[[#This Row],[Column18]] -> 88132 | S7: =FF_PX[[#This Row],[Column19]] -> 85734 | T7: =FF_PX[[#This Row],[Column20]] -> 77581 | U7: =FF_PX[[#This Row],[Column21]] -> 76776 | V7: =FF_PX[[#This Row],[Column22]] -> 69375 | W7: =FF_PX[[#This Row],[Column23]] -> 68773 | X7: =FF_PX[[#This Row],[Column24]] -> 194785 | Y7: =FF_PX[[#This Row],[Column25]] -> 191592 | Z7: =FF_PX[[#This Row],[Column26]] -> 198744 | AA7: =FF_PX[[#This Row],[Column27]] -> 195736 | AB7: =FF_PX[[#This Row],[Column28]] -> 181793 | AC7: =FF_PX[[#This Row],[Column29]] -> 176355 | AD7: =FF_PX[[#This Row],[Column30]] -> 177832 | AE7: =FF_PX[[#This Row],[Column31]] -> 175986 | AF7: =FF_PX[[#This Row],[Column32]] -> 171962 | AG7: =FF_PX[[#This Row],[Column33]] -> 171470 | AH7: =FF_PX[[#This Row],[Column34]] -> 162780 | AI7: =FF_PX[[#This Row],[Column35]] -> 161983 | AJ7: =FF_PX[[#This Row],[Column36]] -> 161817 | AK7: =FF_PX[[#This Row],[Column37]] -> 160847 | AL7: =FF_PX[[#This Row],[Column38]] -> 156011 | AM7: =FF_PX[[#This Row],[Column39]] -> 157106 | AN7: =FF_PX[[#This Row],[Column40]] -> 159501 | AO7: =FF_PX[[#This Row],[Column41]] -> 159812 | AP7: =FF_PX[[#This Row],[Column42]] -> 159939 | AQ7: =FF_PX[[#This Row],[Column43]] -> 160208 | AR7: =FF_PX[[#This Row],[Column44]] -> 159252 | AS7: =FF_PX[[#This Row],[Column45]] -> 159234 | AT7: =FF_PX[[#This Row],[Column46]] -> 191089 | AU7: =FF_PX[[#This Row],[Column47]] -> 191996 | AV7: =FF_PX[[#This Row],[Column48]] -> 207072 | AW7: =FF_PX[[#This Row],[Column49]] -> 210058 | AX7: =FF_PX[[#This Row],[Column50]] -> 199361 | AY7: =FF_PX[[#This Row],[Column51]] -> 199985 | AZ7: =FF_PX[[#This Row],[Column52]] -> 199919 | BA7: =FF_PX[[#This Row],[Column53]] -> 194331 | BB7: =FF_PX[[#This Row],[Column54]] -> 193754 | BC7: =FF_PX[[#This Row],[Column55]] -> 189748 | BD7: =FF_PX[[#This Row],[Column56]] -> 185476 | BE7: =FF_PX[[#This Row],[Column57]] -> 183285 | BF7: =FF_PX[[#This Row],[Column58]] -> 183951 | BG7: =FF_PX[[#This Row],[Column59]] -> 183621 | BH7: =FF_PX[[#This Row],[Column60]] -> 182364 | BI7: =FF_PX[[#This Row],[Column61]] -> 176497 | BJ7: =FF_PX[[#This Row],[Column62]] -> 178472 | BK7: =FF_PX[[#This Row],[Column63]] -> 180471 | BL7: =FF_PX[[#This Row],[Column64]] -> 175513 | BM7: =FF_PX[[#This Row],[Column65]] -> 176519 | BN7: =FF_PX[[#This Row],[Column66]] -> 177493 | BO7: =FF_PX[[#This Row],[Column67]] -> 181552 | BP7: =FF_PX[[#This Row],[Column68]] -> 189075 | BQ7: =FF_PX[[#This Row],[Column69]] -> 174966 | BR7: =FF_PX[[#This Row],[Column70]] -> 170996 | BS7: =FF_PX[[#This Row],[Column71]] -> 167538 | BT7: =FF_PX[[#This Row],[Column72]] -> 131561 | BU7: =FF_PX[[#This Row],[Column73]] -> 128417 | BV7: =FF_PX[[#This Row],[Column74]] -> 123340 | BW7: =FF_PX[[#This Row],[Column75]] -> 118679 | BX7: =FF_PX[[#This Row],[Column76]] -> 112106 | BY7: =FF_PX[[#This Row],[Column77]] -> 105011 | BZ7: =FF_PX[[#This Row],[Column78]] -> 105011 | CA7: =FF_PX[[#This Row],[Column79]] -> 96463 | CB7: =FF_PX[[#This Row],[Column80]] -> 96367 | CC7: =FF_PX[[#This Row],[Column81]] -> 96306 | CD7: =FF_PX[[#This Row],[Column82]] -> 94417 | CE7: =FF_PX[[#This Row],[Column83]] -> 94696 | CF7: =FF_PX[[#This Row],[Column84]] -> 97821 | CG7: =FF_PX[[#This Row],[Column85]] -> 95097 | CH7: =FF_PX[[#This Row],[Column86]] -> 88262 | CI7: =FF_PX[[#This Row],[Column87]] -> 85261 | CJ7: =FF_PX[[#This Row],[Column88]] -> 273468 | CK7: =FF_PX[[#This Row],[Column89]] -> 265028 | CL7: =FF_PX[[#This Row],[Column90]] -> 245953 | CM7: =FF_PX[[#This Row],[Column91]] -> 245682 | CN7: =FF_PX[[#This Row],[Column92]] -> 242080 | CO7: =FF_PX[[#This Row],[Column93]] -> 242659 | CP7: =FF_PX[[#This Row],[Column94]] -> 242374 | CQ7: =FF_PX[[#This Row],[Column95]] -> 218253 | CR7: =FF_PX[[#This Row],[Column96]] -> 218492 | CS7: =FF_PX[[#This Row],[Column97]] -> 219979 | CT7: =FF_PX[[#This Row],[Column98]] -> 219979 | CU7: =FF_PX[[#This Row],[Column99]] -> 211978 | CV7: =FF_PX[[#This Row],[Column100]] -> 199858 | CW7: =FF_PX[[#This Row],[Column101]] -> 197701 | CX7: =FF_PX[[#This Row],[Column102]] -> 196555 | CY7: =FF_PX[[#This Row],[Column103]] -> 185217 | CZ7: =FF_PX[[#This Row],[Column104]] -> 175491 | DA7: =FF_PX[[#This Row],[Column105]] -> 176715
A8: ='cont list_0'!M11 -> X26 | B8: =FF_PX[[#This Row],[Column2]] -> 170127 | C8: =FF_PX[[#This Row],[Column3]] -> 170127 | D8: =FF_PX[[#This Row],[Column4]] -> 172845 | E8: =FF_PX[[#This Row],[Column5]] -> 171938 | F8: =FF_PX[[#This Row],[Column6]] -> 169195 | G8: =FF_PX[[#This Row],[Column7]] -> 167596 | H8: =FF_PX[[#This Row],[Column8]] -> 167596 | I8: =FF_PX[[#This Row],[Column9]] -> 175352 | J8: =FF_PX[[#This Row],[Column10]] -> 191763 | K8: =FF_PX[[#This Row],[Column11]] -> 177629 | L8: =FF_PX[[#This Row],[Column12]] -> 168271 | M8: =FF_PX[[#This Row],[Column13]] -> 160794 | N8: =FF_PX[[#This Row],[Column14]] -> 159154 | O8: =FF_PX[[#This Row],[Column15]] -> 157544 | P8: =FF_PX[[#This Row],[Column16]] -> 148069 | Q8: =FF_PX[[#This Row],[Column17]] -> 143217 | R8: =FF_PX[[#This Row],[Column18]] -> 140951 | S8: =FF_PX[[#This Row],[Column19]] -> 138396 | T8: =FF_PX[[#This Row],[Column20]] -> 130270 | U8: =FF_PX[[#This Row],[Column21]] -> 120477 | V8: =FF_PX[[#This Row],[Column22]] -> 104389 | W8: =FF_PX[[#This Row],[Column23]] -> 96909 | X8: =FF_PX[[#This Row],[Column24]] -> 69350 | Y8: =FF_PX[[#This Row],[Column25]] -> 67923 | Z8: =FF_PX[[#This Row],[Column26]] -> 67165 | AA8: =FF_PX[[#This Row],[Column27]] -> 65993 | AB8: =FF_PX[[#This Row],[Column28]] -> 66577 | AC8: =FF_PX[[#This Row],[Column29]] -> 66975 | AD8: =FF_PX[[#This Row],[Column30]] -> 60997 | AE8: =FF_PX[[#This Row],[Column31]] -> 61145 | AF8: =FF_PX[[#This Row],[Column32]] -> 59074 | AG8: =FF_PX[[#This Row],[Column33]] -> 58576 | AH8: =FF_PX[[#This Row],[Column34]] -> 58339 | AI8: =FF_PX[[#This Row],[Column35]] -> 53848 | AJ8: =FF_PX[[#This Row],[Column36]] -> 53729 | AK8: =FF_PX[[#This Row],[Column37]] -> 53819 | AL8: =FF_PX[[#This Row],[Column38]] -> 53820 | AM8: =FF_PX[[#This Row],[Column39]] -> 53063 | AN8: =FF_PX[[#This Row],[Column40]] -> 51417 | AO8: =FF_PX[[#This Row],[Column41]] -> 51229 | AP8: =FF_PX[[#This Row],[Column42]] -> 51984 | AQ8: =FF_PX[[#This Row],[Column43]] -> 52040 | AR8: =FF_PX[[#This Row],[Column44]] -> 52209 | AS8: =FF_PX[[#This Row],[Column45]] -> 53231 | AT8: =FF_PX[[#This Row],[Column46]] -> 159145 | AU8: =FF_PX[[#This Row],[Column47]] -> 160313 | AV8: =FF_PX[[#This Row],[Column48]] -> 159494 | AW8: =FF_PX[[#This Row],[Column49]] -> 162687 | AX8: =FF_PX[[#This Row],[Column50]] -> 161572 | AY8: =FF_PX[[#This Row],[Column51]] -> 158465 | AZ8: =FF_PX[[#This Row],[Column52]] -> 153368 | BA8: =FF_PX[[#This Row],[Column53]] -> 148923 | BB8: =FF_PX[[#This Row],[Column54]] -> 153187 | BC8: =FF_PX[[#This Row],[Column55]] -> 148615 | BD8: =FF_PX[[#This Row],[Column56]] -> 144863 | BE8: =FF_PX[[#This Row],[Column57]] -> 144253 | BF8: =FF_PX[[#This Row],[Column58]] -> 152627 | BG8: =FF_PX[[#This Row],[Column59]] -> 150170 | BH8: =FF_PX[[#This Row],[Column60]] -> 140641 | BI8: =FF_PX[[#This Row],[Column61]] -> 134559 | BJ8: =FF_PX[[#This Row],[Column62]] -> 135123 | BK8: =FF_PX[[#This Row],[Column63]] -> 135583 | BL8: =FF_PX[[#This Row],[Column64]] -> 137286 | BM8: =FF_PX[[#This Row],[Column65]] -> 140050 | BN8: =FF_PX[[#This Row],[Column66]] -> 142066 | BO8: =FF_PX[[#This Row],[Column67]] -> 162314 | BP8: =FF_PX[[#This Row],[Column68]] -> 175075 | BQ8: =FF_PX[[#This Row],[Column69]] -> 171676 | BR8: =FF_PX[[#This Row],[Column70]] -> 178328 | BS8: =FF_PX[[#This Row],[Column71]] -> 185578 | BT8: =FF_PX[[#This Row],[Column72]] -> 183146 | BU8: =FF_PX[[#This Row],[Column73]] -> 178158 | BV8: =FF_PX[[#This Row],[Column74]] -> 168011 | BW8: =FF_PX[[#This Row],[Column75]] -> 167644 | BX8: =FF_PX[[#This Row],[Column76]] -> 170155 | BY8: =FF_PX[[#This Row],[Column77]] -> 164111 | BZ8: =FF_PX[[#This Row],[Column78]] -> 164111 | CA8: =FF_PX[[#This Row],[Column79]] -> 153645 | CB8: =FF_PX[[#This Row],[Column80]] -> 158978 | CC8: =FF_PX[[#This Row],[Column81]] -> 153711 | CD8: =FF_PX[[#This Row],[Column82]] -> 160780 | CE8: =FF_PX[[#This Row],[Column83]] -> 158353 | CF8: =FF_PX[[#This Row],[Column84]] -> 182287 | CG8: =FF_PX[[#This Row],[Column85]] -> 134215 | CH8: =FF_PX[[#This Row],[Column86]] -> 125935 | CI8: =FF_PX[[#This Row],[Column87]] -> 120679 | CJ8: =FF_PX[[#This Row],[Column88]] -> 82307 | CK8: =FF_PX[[#This Row],[Column89]] -> 77622 | CL8: =FF_PX[[#This Row],[Column90]] -> 78075 | CM8: =FF_PX[[#This Row],[Column91]] -> 80005 | CN8: =FF_PX[[#This Row],[Column92]] -> 81013 | CO8: =FF_PX[[#This Row],[Column93]] -> 82816 | CP8: =FF_PX[[#This Row],[Column94]] -> 79105 | CQ8: =FF_PX[[#This Row],[Column95]] -> 79340 | CR8: =FF_PX[[#This Row],[Column96]] -> 78311 | CS8: =FF_PX[[#This Row],[Column97]] -> 73035 | CT8: =FF_PX[[#This Row],[Column98]] -> 73035 | CU8: =FF_PX[[#This Row],[Column99]] -> 72328 | CV8: =FF_PX[[#This Row],[Column100]] -> 66390 | CW8: =FF_PX[[#This Row],[Column101]] -> 64316 | CX8: =FF_PX[[#This Row],[Column102]] -> 60200 | CY8: =FF_PX[[#This Row],[Column103]] -> 59443 | CZ8: =FF_PX[[#This Row],[Column104]] -> 54508 | DA8: =FF_PX[[#This Row],[Column105]] -> 54030
A9: ='cont list_0'!M12 -> Z26 | B9: =FF_PX[[#This Row],[Column2]] -> 143776 | C9: =FF_PX[[#This Row],[Column3]] -> 143776 | D9: =FF_PX[[#This Row],[Column4]] -> 142044 | E9: =FF_PX[[#This Row],[Column5]] -> 135730 | F9: =FF_PX[[#This Row],[Column6]] -> 133544 | G9: =FF_PX[[#This Row],[Column7]] -> 129232 | H9: =FF_PX[[#This Row],[Column8]] -> 129232 | I9: =FF_PX[[#This Row],[Column9]] -> 130429 | J9: =FF_PX[[#This Row],[Column10]] -> 124764 | K9: =FF_PX[[#This Row],[Column11]] -> 120916 | L9: =FF_PX[[#This Row],[Column12]] -> 119218 | M9: =FF_PX[[#This Row],[Column13]] -> 114047 | N9: =FF_PX[[#This Row],[Column14]] -> 114805 | O9: =FF_PX[[#This Row],[Column15]] -> 110661 | P9: =FF_PX[[#This Row],[Column16]] -> 101882 | Q9: =FF_PX[[#This Row],[Column17]] -> 99439 | R9: =FF_PX[[#This Row],[Column18]] -> 99125 | S9: =FF_PX[[#This Row],[Column19]] -> 98171 | T9: =FF_PX[[#This Row],[Column20]] -> 91764 | U9: =FF_PX[[#This Row],[Column21]] -> 77891 | V9: =FF_PX[[#This Row],[Column22]] -> 77565 | W9: =FF_PX[[#This Row],[Column23]] -> 79861 | X9: =FF_PX[[#This Row],[Column24]] -> 92451 | Y9: =FF_PX[[#This Row],[Column25]] -> 84375 | Z9: =FF_PX[[#This Row],[Column26]] -> 84276 | AA9: =FF_PX[[#This Row],[Column27]] -> 85000 | AB9: =FF_PX[[#This Row],[Column28]] -> 84875 | AC9: =FF_PX[[#This Row],[Column29]] -> 80234 | AD9: =FF_PX[[#This Row],[Column30]] -> 80245 | AE9: =FF_PX[[#This Row],[Column31]] -> 79513 | AF9: =FF_PX[[#This Row],[Column32]] -> 80875 | AG9: =FF_PX[[#This Row],[Column33]] -> 80096 | AH9: =FF_PX[[#This Row],[Column34]] -> 76997 | AI9: =FF_PX[[#This Row],[Column35]] -> 76121 | AJ9: =FF_PX[[#This Row],[Column36]] -> 75202 | AK9: =FF_PX[[#This Row],[Column37]] -> 74535 | AL9: =FF_PX[[#This Row],[Column38]] -> 73707 | AM9: =FF_PX[[#This Row],[Column39]] -> 70402 | AN9: =FF_PX[[#This Row],[Column40]] -> 72800 | AO9: =FF_PX[[#This Row],[Column41]] -> 69288 | AP9: =FF_PX[[#This Row],[Column42]] -> 72257 | AQ9: =FF_PX[[#This Row],[Column43]] -> 72339 | AR9: =FF_PX[[#This Row],[Column44]] -> 70715 | AS9: =FF_PX[[#This Row],[Column45]] -> 70759 | AT9: =FF_PX[[#This Row],[Column46]] -> 52447 | AU9: =FF_PX[[#This Row],[Column47]] -> 52723 | AV9: =FF_PX[[#This Row],[Column48]] -> 54475 | AW9: =FF_PX[[#This Row],[Column49]] -> 56585 | AX9: =FF_PX[[#This Row],[Column50]] -> 53342 | AY9: =FF_PX[[#This Row],[Column51]] -> 54537 | AZ9: =FF_PX[[#This Row],[Column52]] -> 54276 | BA9: =FF_PX[[#This Row],[Column53]] -> 53315 | BB9: =FF_PX[[#This Row],[Column54]] -> 48652 | BC9: =FF_PX[[#This Row],[Column55]] -> 48030 | BD9: =FF_PX[[#This Row],[Column56]] -> 50815 | BE9: =FF_PX[[#This Row],[Column57]] -> 51069 | BF9: =FF_PX[[#This Row],[Column58]] -> 51900 | BG9: =FF_PX[[#This Row],[Column59]] -> 50030 | BH9: =FF_PX[[#This Row],[Column60]] -> 45965 | BI9: =FF_PX[[#This Row],[Column61]] -> 44494 | BJ9: =FF_PX[[#This Row],[Column62]] -> 44487 | BK9: =FF_PX[[#This Row],[Column63]] -> 43237 | BL9: =FF_PX[[#This Row],[Column64]] -> 42495 | BM9: =FF_PX[[#This Row],[Column65]] -> 41443 | BN9: =FF_PX[[#This Row],[Column66]] -> 38981 | BO9: =FF_PX[[#This Row],[Column67]] -> 38560 | BP9: =FF_PX[[#This Row],[Column68]] -> 160372 | BQ9: =FF_PX[[#This Row],[Column69]] -> 159330 | BR9: =FF_PX[[#This Row],[Column70]] -> 148295 | BS9: =FF_PX[[#This Row],[Column71]] -> 143482 | BT9: =FF_PX[[#This Row],[Column72]] -> 143829 | BU9: =FF_PX[[#This Row],[Column73]] -> 132613 | BV9: =FF_PX[[#This Row],[Column74]] -> 132171 | BW9: =FF_PX[[#This Row],[Column75]] -> 132030 | BX9: =FF_PX[[#This Row],[Column76]] -> 132654 | BY9: =FF_PX[[#This Row],[Column77]] -> 138768 | BZ9: =FF_PX[[#This Row],[Column78]] -> 138768 | CA9: =FF_PX[[#This Row],[Column79]] -> 130216 | CB9: =FF_PX[[#This Row],[Column80]] -> 126834 | CC9: =FF_PX[[#This Row],[Column81]] -> 102041 | CD9: =FF_PX[[#This Row],[Column82]] -> 105153 | CE9: =FF_PX[[#This Row],[Column83]] -> 103733 | CF9: =FF_PX[[#This Row],[Column84]] -> 103658 | CG9: =FF_PX[[#This Row],[Column85]] -> 89429 | CH9: =FF_PX[[#This Row],[Column86]] -> 87271 | CI9: =FF_PX[[#This Row],[Column87]] -> 82567 | CJ9: =FF_PX[[#This Row],[Column88]] -> 114827 | CK9: =FF_PX[[#This Row],[Column89]] -> 116954 | CL9: =FF_PX[[#This Row],[Column90]] -> 113219 | CM9: =FF_PX[[#This Row],[Column91]] -> 116006 | CN9: =FF_PX[[#This Row],[Column92]] -> 115099 | CO9: =FF_PX[[#This Row],[Column93]] -> 126140 | CP9: =FF_PX[[#This Row],[Column94]] -> 103682 | CQ9: =FF_PX[[#This Row],[Column95]] -> 94071 | CR9: =FF_PX[[#This Row],[Column96]] -> 96563 | CS9: =FF_PX[[#This Row],[Column97]] -> 94809 | CT9: =FF_PX[[#This Row],[Column98]] -> 94809 | CU9: =FF_PX[[#This Row],[Column99]] -> 86242 | CV9: =FF_PX[[#This Row],[Column100]] -> 85092 | CW9: =FF_PX[[#This Row],[Column101]] -> 87342 | CX9: =FF_PX[[#This Row],[Column102]] -> 94526 | CY9: =FF_PX[[#This Row],[Column103]] -> 89952 | CZ9: =FF_PX[[#This Row],[Column104]] -> 79324 | DA9: =FF_PX[[#This Row],[Column105]] -> 77059
A10: ='cont list_0'!M13 -> F27 | B10: =FF_PX[[#This Row],[Column2]] -> 128648 | C10: =FF_PX[[#This Row],[Column3]] -> 128648 | D10: =FF_PX[[#This Row],[Column4]] -> 128420 | E10: =FF_PX[[#This Row],[Column5]] -> 129224 | F10: =FF_PX[[#This Row],[Column6]] -> 129690 | G10: =FF_PX[[#This Row],[Column7]] -> 131328 | H10: =FF_PX[[#This Row],[Column8]] -> 131328 | I10: =FF_PX[[#This Row],[Column9]] -> 131471 | J10: =FF_PX[[#This Row],[Column10]] -> 131861 | K10: =FF_PX[[#This Row],[Column11]] -> 133267 | L10: =FF_PX[[#This Row],[Column12]] -> 133131 | M10: =FF_PX[[#This Row],[Column13]] -> 132887 | N10: =FF_PX[[#This Row],[Column14]] -> 134384 | O10: =FF_PX[[#This Row],[Column15]] -> 136126 | P10: =FF_PX[[#This Row],[Column16]] -> 146128 | Q10: =FF_PX[[#This Row],[Column17]] -> 147049 | R10: =FF_PX[[#This Row],[Column18]] -> 152316 | S10: =FF_PX[[#This Row],[Column19]] -> 152205 | T10: =FF_PX[[#This Row],[Column20]] -> 154230 | U10: =FF_PX[[#This Row],[Column21]] -> 138791 | V10: =FF_PX[[#This Row],[Column22]] -> 122488 | W10: =FF_PX[[#This Row],[Column23]] -> 114468 | X10: =FF_PX[[#This Row],[Column24]] -> 79857 | Y10: =FF_PX[[#This Row],[Column25]] -> 79728 | Z10: =FF_PX[[#This Row],[Column26]] -> 82055 | AA10: =FF_PX[[#This Row],[Column27]] -> 81418 | AB10: =FF_PX[[#This Row],[Column28]] -> 79843 | AC10: =FF_PX[[#This Row],[Column29]] -> 73067 | AD10: =FF_PX[[#This Row],[Column30]] -> 74224 | AE10: =FF_PX[[#This Row],[Column31]] -> 74682 | AF10: =FF_PX[[#This Row],[Column32]] -> 75608 | AG10: =FF_PX[[#This Row],[Column33]] -> 76753 | AH10: =FF_PX[[#This Row],[Column34]] -> 77439 | AI10: =FF_PX[[#This Row],[Column35]] -> 76731 | AJ10: =FF_PX[[#This Row],[Column36]] -> 76649 | AK10: =FF_PX[[#This Row],[Column37]] -> 73626 | AL10: =FF_PX[[#This Row],[Column38]] -> 71640 | AM10: =FF_PX[[#This Row],[Column39]] -> 69883 | AN10: =FF_PX[[#This Row],[Column40]] -> 70089 | AO10: =FF_PX[[#This Row],[Column41]] -> 64710 | AP10: =FF_PX[[#This Row],[Column42]] -> 66328 | AQ10: =FF_PX[[#This Row],[Column43]] -> 66689 | AR10: =FF_PX[[#This Row],[Column44]] -> 66093 | AS10: =FF_PX[[#This Row],[Column45]] -> 65726 | AT10: =FF_PX[[#This Row],[Column46]] -> 72907 | AU10: =FF_PX[[#This Row],[Column47]] -> 74258 | AV10: =FF_PX[[#This Row],[Column48]] -> 74895 | AW10: =FF_PX[[#This Row],[Column49]] -> 72931 | AX10: =FF_PX[[#This Row],[Column50]] -> 73994 | AY10: =FF_PX[[#This Row],[Column51]] -> 69438 | AZ10: =FF_PX[[#This Row],[Column52]] -> 68323 | BA10: =FF_PX[[#This Row],[Column53]] -> 69856 | BB10: =FF_PX[[#This Row],[Column54]] -> 72766 | BC10: =FF_PX[[#This Row],[Column55]] -> 71750 | BD10: =FF_PX[[#This Row],[Column56]] -> 73282 | BE10: =FF_PX[[#This Row],[Column57]] -> 75667 | BF10: =FF_PX[[#This Row],[Column58]] -> 74844 | BG10: =FF_PX[[#This Row],[Column59]] -> 78756 | BH10: =FF_PX[[#This Row],[Column60]] -> 70394 | BI10: =FF_PX[[#This Row],[Column61]] -> 69036 | BJ10: =FF_PX[[#This Row],[Column62]] -> 70512 | BK10: =FF_PX[[#This Row],[Column63]] -> 69353 | BL10: =FF_PX[[#This Row],[Column64]] -> 70501 | BM10: =FF_PX[[#This Row],[Column65]] -> 72795 | BN10: =FF_PX[[#This Row],[Column66]] -> 69786 | BO10: =FF_PX[[#This Row],[Column67]] -> 73442 | BP10: =FF_PX[[#This Row],[Column68]] -> 38526 | BQ10: =FF_PX[[#This Row],[Column69]] -> 37433 | BR10: =FF_PX[[#This Row],[Column70]] -> 36563 | BS10: =FF_PX[[#This Row],[Column71]] -> 37137 | BT10: =FF_PX[[#This Row],[Column72]] -> 39013 | BU10: =FF_PX[[#This Row],[Column73]] -> 37859 | BV10: =FF_PX[[#This Row],[Column74]] -> 36161 | BW10: =FF_PX[[#This Row],[Column75]] -> 36728 | BX10: =FF_PX[[#This Row],[Column76]] -> 37990 | BY10: =FF_PX[[#This Row],[Column77]] -> 36544 | BZ10: =FF_PX[[#This Row],[Column78]] -> 36544 | CA10: =FF_PX[[#This Row],[Column79]] -> 35955 | CB10: =FF_PX[[#This Row],[Column80]] -> 33761 | CC10: =FF_PX[[#This Row],[Column81]] -> 33613 | CD10: =FF_PX[[#This Row],[Column82]] -> 33068 | CE10: =FF_PX[[#This Row],[Column83]] -> 32522 | CF10: =FF_PX[[#This Row],[Column84]] -> 32256 | CG10: =FF_PX[[#This Row],[Column85]] -> 30107 | CH10: =FF_PX[[#This Row],[Column86]] -> 30477 | CI10: =FF_PX[[#This Row],[Column87]] -> 30679 | CJ10: =FF_PX[[#This Row],[Column88]] -> 83396 | CK10: =FF_PX[[#This Row],[Column89]] -> 80725 | CL10: =FF_PX[[#This Row],[Column90]] -> 80057 | CM10: =FF_PX[[#This Row],[Column91]] -> 76466 | CN10: =FF_PX[[#This Row],[Column92]] -> 77204 | CO10: =FF_PX[[#This Row],[Column93]] -> 93337 | CP10: =FF_PX[[#This Row],[Column94]] -> 63840 | CQ10: =FF_PX[[#This Row],[Column95]] -> 61958 | CR10: =FF_PX[[#This Row],[Column96]] -> 63414 | CS10: =FF_PX[[#This Row],[Column97]] -> 62029 | CT10: =FF_PX[[#This Row],[Column98]] -> 62029 | CU10: =FF_PX[[#This Row],[Column99]] -> 62860 | CV10: =FF_PX[[#This Row],[Column100]] -> 58117 | CW10: =FF_PX[[#This Row],[Column101]] -> 56085 | CX10: =FF_PX[[#This Row],[Column102]] -> 54742 | CY10: =FF_PX[[#This Row],[Column103]] -> 53363 | CZ10: =FF_PX[[#This Row],[Column104]] -> 51876 | DA10: =FF_PX[[#This Row],[Column105]] -> 51906
A11: ='cont list_0'!M14 -> G27 | B11: =FF_PX[[#This Row],[Column2]] -> 115812 | C11: =FF_PX[[#This Row],[Column3]] -> 115812 | D11: =FF_PX[[#This Row],[Column4]] -> 113199 | E11: =FF_PX[[#This Row],[Column5]] -> 113708 | F11: =FF_PX[[#This Row],[Column6]] -> 114752 | G11: =FF_PX[[#This Row],[Column7]] -> 112456 | H11: =FF_PX[[#This Row],[Column8]] -> 112456 | I11: =FF_PX[[#This Row],[Column9]] -> 115761 | J11: =FF_PX[[#This Row],[Column10]] -> 115815 | K11: =FF_PX[[#This Row],[Column11]] -> 116226 | L11: =FF_PX[[#This Row],[Column12]] -> 108410 | M11: =FF_PX[[#This Row],[Column13]] -> 107752 | N11: =FF_PX[[#This Row],[Column14]] -> 108662 | O11: =FF_PX[[#This Row],[Column15]] -> 105521 | P11: =FF_PX[[#This Row],[Column16]] -> 101506 | Q11: =FF_PX[[#This Row],[Column17]] -> 102070 | R11: =FF_PX[[#This Row],[Column18]] -> 102945 | S11: =FF_PX[[#This Row],[Column19]] -> 102738 | T11: =FF_PX[[#This Row],[Column20]] -> 103303 | U11: =FF_PX[[#This Row],[Column21]] -> 93653 | V11: =FF_PX[[#This Row],[Column22]] -> 94068 | W11: =FF_PX[[#This Row],[Column23]] -> 93456 | X11: =FF_PX[[#This Row],[Column24]] -> 100760 | Y11: =FF_PX[[#This Row],[Column25]] -> 100041 | Z11: =FF_PX[[#This Row],[Column26]] -> 101344 | AA11: =FF_PX[[#This Row],[Column27]] -> 100171 | AB11: =FF_PX[[#This Row],[Column28]] -> 96214 | AC11: =FF_PX[[#This Row],[Column29]] -> 93558 | AD11: =FF_PX[[#This Row],[Column30]] -> 93226 | AE11: =FF_PX[[#This Row],[Column31]] -> 87153 | AF11: =FF_PX[[#This Row],[Column32]] -> 84221 | AG11: =FF_PX[[#This Row],[Column33]] -> 82629 | AH11: =FF_PX[[#This Row],[Column34]] -> 87851 | AI11: =FF_PX[[#This Row],[Column35]] -> 85493 | AJ11: =FF_PX[[#This Row],[Column36]] -> 88371 | AK11: =FF_PX[[#This Row],[Column37]] -> 85536 | AL11: =FF_PX[[#This Row],[Column38]] -> 86249 | AM11: =FF_PX[[#This Row],[Column39]] -> 84604 | AN11: =FF_PX[[#This Row],[Column40]] -> 95660 | AO11: =FF_PX[[#This Row],[Column41]] -> 70476 | AP11: =FF_PX[[#This Row],[Column42]] -> 67676 | AQ11: =FF_PX[[#This Row],[Column43]] -> 63887 | AR11: =FF_PX[[#This Row],[Column44]] -> 61175 | AS11: =FF_PX[[#This Row],[Column45]] -> 60952 | AT11: =FF_PX[[#This Row],[Column46]] -> 66529 | AU11: =FF_PX[[#This Row],[Column47]] -> 66002 | AV11: =FF_PX[[#This Row],[Column48]] -> 65485 | AW11: =FF_PX[[#This Row],[Column49]] -> 65400 | AX11: =FF_PX[[#This Row],[Column50]] -> 64498 | AY11: =FF_PX[[#This Row],[Column51]] -> 65217 | AZ11: =FF_PX[[#This Row],[Column52]] -> 65641 | BA11: =FF_PX[[#This Row],[Column53]] -> 62225 | BB11: =FF_PX[[#This Row],[Column54]] -> 62042 | BC11: =FF_PX[[#This Row],[Column55]] -> 60846 | BD11: =FF_PX[[#This Row],[Column56]] -> 59310 | BE11: =FF_PX[[#This Row],[Column57]] -> 60360 | BF11: =FF_PX[[#This Row],[Column58]] -> 61365 | BG11: =FF_PX[[#This Row],[Column59]] -> 59855 | BH11: =FF_PX[[#This Row],[Column60]] -> 59509 | BI11: =FF_PX[[#This Row],[Column61]] -> 59414 | BJ11: =FF_PX[[#This Row],[Column62]] -> 59515 | BK11: =FF_PX[[#This Row],[Column63]] -> 57750 | BL11: =FF_PX[[#This Row],[Column64]] -> 64294 | BM11: =FF_PX[[#This Row],[Column65]] -> 63341 | BN11: =FF_PX[[#This Row],[Column66]] -> 62547 | BO11: =FF_PX[[#This Row],[Column67]] -> 59577 | BP11: =FF_PX[[#This Row],[Column68]] -> 77620 | BQ11: =FF_PX[[#This Row],[Column69]] -> 76383 | BR11: =FF_PX[[#This Row],[Column70]] -> 74025 | BS11: =FF_PX[[#This Row],[Column71]] -> 75414 | BT11: =FF_PX[[#This Row],[Column72]] -> 76834 | BU11: =FF_PX[[#This Row],[Column73]] -> 69995 | BV11: =FF_PX[[#This Row],[Column74]] -> 76649 | BW11: =FF_PX[[#This Row],[Column75]] -> 68687 | BX11: =FF_PX[[#This Row],[Column76]] -> 67827 | BY11: =FF_PX[[#This Row],[Column77]] -> 64667 | BZ11: =FF_PX[[#This Row],[Column78]] -> 64667 | CA11: =FF_PX[[#This Row],[Column79]] -> 56520 | CB11: =FF_PX[[#This Row],[Column80]] -> 51815 | CC11: =FF_PX[[#This Row],[Column81]] -> 49567 | CD11: =FF_PX[[#This Row],[Column82]] -> 49372 | CE11: =FF_PX[[#This Row],[Column83]] -> 48208 | CF11: =FF_PX[[#This Row],[Column84]] -> 48211 | CG11: =FF_PX[[#This Row],[Column85]] -> 45217 | CH11: =FF_PX[[#This Row],[Column86]] -> 42319 | CI11: =FF_PX[[#This Row],[Column87]] -> 37636 | CJ11: =FF_PX[[#This Row],[Column88]] -> 31034 | CK11: =FF_PX[[#This Row],[Column89]] -> 31183 | CL11: =FF_PX[[#This Row],[Column90]] -> 30761 | CM11: =FF_PX[[#This Row],[Column91]] -> 32088 | CN11: =FF_PX[[#This Row],[Column92]] -> 31925 | CO11: =FF_PX[[#This Row],[Column93]] -> 31814 | CP11: =FF_PX[[#This Row],[Column94]] -> 28297 | CQ11: =FF_PX[[#This Row],[Column95]] -> 27982 | CR11: =FF_PX[[#This Row],[Column96]] -> 28521 | CS11: =FF_PX[[#This Row],[Column97]] -> 28341 | CT11: =FF_PX[[#This Row],[Column98]] -> 28341 | CU11: =FF_PX[[#This Row],[Column99]] -> 25386 | CV11: =FF_PX[[#This Row],[Column100]] -> 25978 | CW11: =FF_PX[[#This Row],[Column101]] -> 25476 | CX11: =FF_PX[[#This Row],[Column102]] -> 24971 | CY11: =FF_PX[[#This Row],[Column103]] -> 24460 | CZ11: =FF_PX[[#This Row],[Column104]] -> 26280 | DA11: =FF_PX[[#This Row],[Column105]] -> 25259
A12: ='cont list_0'!M15 -> H27 | B12: =FF_PX[[#This Row],[Column2]] -> 42848 | C12: =FF_PX[[#This Row],[Column3]] -> 42848 | D12: =FF_PX[[#This Row],[Column4]] -> 45647 | E12: =FF_PX[[#This Row],[Column5]] -> 45397 | F12: =FF_PX[[#This Row],[Column6]] -> 45468 | G12: =FF_PX[[#This Row],[Column7]] -> 45504 | H12: =FF_PX[[#This Row],[Column8]] -> 45504 | I12: =FF_PX[[#This Row],[Column9]] -> 45903 | J12: =FF_PX[[#This Row],[Column10]] -> 45620 | K12: =FF_PX[[#This Row],[Column11]] -> 45532 | L12: =FF_PX[[#This Row],[Column12]] -> 43148 | M12: =FF_PX[[#This Row],[Column13]] -> 43173 | N12: =FF_PX[[#This Row],[Column14]] -> 40774 | O12: =FF_PX[[#This Row],[Column15]] -> 40190 | P12: =FF_PX[[#This Row],[Column16]] -> 41604 | Q12: =FF_PX[[#This Row],[Column17]] -> 41417 | R12: =FF_PX[[#This Row],[Column18]] -> 41815 | S12: =FF_PX[[#This Row],[Column19]] -> 40496 | T12: =FF_PX[[#This Row],[Column20]] -> 39248 | U12: =FF_PX[[#This Row],[Column21]] -> 40533 | V12: =FF_PX[[#This Row],[Column22]] -> 38324 | W12: =FF_PX[[#This Row],[Column23]] -> 38996 | X12: =FF_PX[[#This Row],[Column24]] -> 95078 | Y12: =FF_PX[[#This Row],[Column25]] -> 93803 | Z12: =FF_PX[[#This Row],[Column26]] -> 91707 | AA12: =FF_PX[[#This Row],[Column27]] -> 90540 | AB12: =FF_PX[[#This Row],[Column28]] -> 90601 | AC12: =FF_PX[[#This Row],[Column29]] -> 91394 | AD12: =FF_PX[[#This Row],[Column30]] -> 92890 | AE12: =FF_PX[[#This Row],[Column31]] -> 91042 | AF12: =FF_PX[[#This Row],[Column32]] -> 91174 | AG12: =FF_PX[[#This Row],[Column33]] -> 90129 | AH12: =FF_PX[[#This Row],[Column34]] -> 83729 | AI12: =FF_PX[[#This Row],[Column35]] -> 81720 | AJ12: =FF_PX[[#This Row],[Column36]] -> 81361 | AK12: =FF_PX[[#This Row],[Column37]] -> 80986 | AL12: =FF_PX[[#This Row],[Column38]] -> 79886 | AM12: =FF_PX[[#This Row],[Column39]] -> 80479 | AN12: =FF_PX[[#This Row],[Column40]] -> 78975 | AO12: =FF_PX[[#This Row],[Column41]] -> 79295 | AP12: =FF_PX[[#This Row],[Column42]] -> 79087 | AQ12: =FF_PX[[#This Row],[Column43]] -> 79180 | AR12: =FF_PX[[#This Row],[Column44]] -> 78529 | AS12: =FF_PX[[#This Row],[Column45]] -> 78533 | AT12: =FF_PX[[#This Row],[Column46]] -> 78973 | AU12: =FF_PX[[#This Row],[Column47]] -> 75061 | AV12: =FF_PX[[#This Row],[Column48]] -> 72939 | AW12: =FF_PX[[#This Row],[Column49]] -> 70028 | AX12: =FF_PX[[#This Row],[Column50]] -> 71686 | AY12: =FF_PX[[#This Row],[Column51]] -> 66815 | AZ12: =FF_PX[[#This Row],[Column52]] -> 64284 | BA12: =FF_PX[[#This Row],[Column53]] -> 61837 | BB12: =FF_PX[[#This Row],[Column54]] -> 73869 | BC12: =FF_PX[[#This Row],[Column55]] -> 110816 | BD12: =FF_PX[[#This Row],[Column56]] -> 109858 | BE12: =FF_PX[[#This Row],[Column57]] -> 109983 | BF12: =FF_PX[[#This Row],[Column58]] -> 109778 | BG12: =FF_PX[[#This Row],[Column59]] -> 109443 | BH12: =FF_PX[[#This Row],[Column60]] -> 108636 | BI12: =FF_PX[[#This Row],[Column61]] -> 110501 | BJ12: =FF_PX[[#This Row],[Column62]] -> 110920 | BK12: =FF_PX[[#This Row],[Column63]] -> 102382 | BL12: =FF_PX[[#This Row],[Column64]] -> 101356 | BM12: =FF_PX[[#This Row],[Column65]] -> 98393 | BN12: =FF_PX[[#This Row],[Column66]] -> 98299 | BO12: =FF_PX[[#This Row],[Column67]] -> 98735 | BP12: =FF_PX[[#This Row],[Column68]] -> 62379 | BQ12: =FF_PX[[#This Row],[Column69]] -> 62099 | BR12: =FF_PX[[#This Row],[Column70]] -> 58057 | BS12: =FF_PX[[#This Row],[Column71]] -> 59491 | BT12: =FF_PX[[#This Row],[Column72]] -> 59496 | BU12: =FF_PX[[#This Row],[Column73]] -> 47842 | BV12: =FF_PX[[#This Row],[Column74]] -> 53920 | BW12: =FF_PX[[#This Row],[Column75]] -> 47536 | BX12: =FF_PX[[#This Row],[Column76]] -> 46223 | BY12: =FF_PX[[#This Row],[Column77]] -> 48562 | BZ12: =FF_PX[[#This Row],[Column78]] -> 48562 | CA12: =FF_PX[[#This Row],[Column79]] -> 47588 | CB12: =FF_PX[[#This Row],[Column80]] -> 46282 | CC12: =FF_PX[[#This Row],[Column81]] -> 41384 | CD12: =FF_PX[[#This Row],[Column82]] -> 39676 | CE12: =FF_PX[[#This Row],[Column83]] -> 40113 | CF12: =FF_PX[[#This Row],[Column84]] -> 39683 | CG12: =FF_PX[[#This Row],[Column85]] -> 39306 | CH12: =FF_PX[[#This Row],[Column86]] -> 39150 | CI12: =FF_PX[[#This Row],[Column87]] -> 38293 | CJ12: =FF_PX[[#This Row],[Column88]] -> 38103 | CK12: =FF_PX[[#This Row],[Column89]] -> 38643 | CL12: =FF_PX[[#This Row],[Column90]] -> 38445 | CM12: =FF_PX[[#This Row],[Column91]] -> 38413 | CN12: =FF_PX[[#This Row],[Column92]] -> 38059 | CO12: =FF_PX[[#This Row],[Column93]] -> 37538 | CP12: =FF_PX[[#This Row],[Column94]] -> 34816 | CQ12: =FF_PX[[#This Row],[Column95]] -> 34518 | CR12: =FF_PX[[#This Row],[Column96]] -> 36250 | CS12: =FF_PX[[#This Row],[Column97]] -> 35882 | CT12: =FF_PX[[#This Row],[Column98]] -> 35882 | CU12: =FF_PX[[#This Row],[Column99]] -> 34823 | CV12: =FF_PX[[#This Row],[Column100]] -> 34242 | CW12: =FF_PX[[#This Row],[Column101]] -> 32751 | CX12: =FF_PX[[#This Row],[Column102]] -> 33571 | CY12: =FF_PX[[#This Row],[Column103]] -> 29911 | CZ12: =FF_PX[[#This Row],[Column104]] -> 28110 | DA12: =FF_PX[[#This Row],[Column105]] -> 28290
A13: ='cont list_0'!M16 -> J27 | B13: =FF_PX[[#This Row],[Column2]] -> 11785 | C13: =FF_PX[[#This Row],[Column3]] -> 11785 | D13: =FF_PX[[#This Row],[Column4]] -> 11518 | E13: =FF_PX[[#This Row],[Column5]] -> 11319 | F13: =FF_PX[[#This Row],[Column6]] -> 11324 | G13: =FF_PX[[#This Row],[Column7]] -> 11125 | H13: =FF_PX[[#This Row],[Column8]] -> 11125 | I13: =FF_PX[[#This Row],[Column9]] -> 11037 | J13: =FF_PX[[#This Row],[Column10]] -> 9746 | K13: =FF_PX[[#This Row],[Column11]] -> 9767 | L13: =FF_PX[[#This Row],[Column12]] -> 9446 | M13: =FF_PX[[#This Row],[Column13]] -> 9601 | N13: =FF_PX[[#This Row],[Column14]] -> 9510 | O13: =FF_PX[[#This Row],[Column15]] -> 9353 | P13: =FF_PX[[#This Row],[Column16]] -> 9209 | Q13: =FF_PX[[#This Row],[Column17]] -> 9242 | R13: =FF_PX[[#This Row],[Column18]] -> 9239 | S13: =FF_PX[[#This Row],[Column19]] -> 9222 | T13: =FF_PX[[#This Row],[Column20]] -> 8497 | U13: =FF_PX[[#This Row],[Column21]] -> 8633 | V13: =FF_PX[[#This Row],[Column22]] -> 8296 | W13: =FF_PX[[#This Row],[Column23]] -> 7541 | X13: =FF_PX[[#This Row],[Column24]] -> 39700 | Y13: =FF_PX[[#This Row],[Column25]] -> 43358 | Z13: =FF_PX[[#This Row],[Column26]] -> 44748 | AA13: =FF_PX[[#This Row],[Column27]] -> 44141 | AB13: =FF_PX[[#This Row],[Column28]] -> 44244 | AC13: =FF_PX[[#This Row],[Column29]] -> 46077 | AD13: =FF_PX[[#This Row],[Column30]] -> 42861 | AE13: =FF_PX[[#This Row],[Column31]] -> 40582 | AF13: =FF_PX[[#This Row],[Column32]] -> 32702 | AG13: =FF_PX[[#This Row],[Column33]] -> 32414 | AH13: =FF_PX[[#This Row],[Column34]] -> 32569 | AI13: =FF_PX[[#This Row],[Column35]] -> 30823 | AJ13: =FF_PX[[#This Row],[Column36]] -> 31031 | AK13: =FF_PX[[#This Row],[Column37]] -> 30704 | AL13: =FF_PX[[#This Row],[Column38]] -> 31164 | AM13: =FF_PX[[#This Row],[Column39]] -> 32026 | AN13: =FF_PX[[#This Row],[Column40]] -> 31142 | AO13: =FF_PX[[#This Row],[Column41]] -> 30647 | AP13: =FF_PX[[#This Row],[Column42]] -> 30882 | AQ13: =FF_PX[[#This Row],[Column43]] -> 31128 | AR13: =FF_PX[[#This Row],[Column44]] -> 31314 | AS13: =FF_PX[[#This Row],[Column45]] -> 33372 | AT13: =FF_PX[[#This Row],[Column46]] -> 75265 | AU13: =FF_PX[[#This Row],[Column47]] -> 76355 | AV13: =FF_PX[[#This Row],[Column48]] -> 77378 | AW13: =FF_PX[[#This Row],[Column49]] -> 74280 | AX13: =FF_PX[[#This Row],[Column50]] -> 73719 | AY13: =FF_PX[[#This Row],[Column51]] -> 71525 | AZ13: =FF_PX[[#This Row],[Column52]] -> 71266 | BA13: =FF_PX[[#This Row],[Column53]] -> 72636 | BB13: =FF_PX[[#This Row],[Column54]] -> 72397 | BC13: =FF_PX[[#This Row],[Column55]] -> 72690 | BD13: =FF_PX[[#This Row],[Column56]] -> 70211 | BE13: =FF_PX[[#This Row],[Column57]] -> 70073 | BF13: =FF_PX[[#This Row],[Column58]] -> 68590 | BG13: =FF_PX[[#This Row],[Column59]] -> 71251 | BH13: =FF_PX[[#This Row],[Column60]] -> 73259 | BI13: =FF_PX[[#This Row],[Column61]] -> 75908 | BJ13: =FF_PX[[#This Row],[Column62]] -> 76717 | BK13: =FF_PX[[#This Row],[Column63]] -> 70736 | BL13: =FF_PX[[#This Row],[Column64]] -> 68183 | BM13: =FF_PX[[#This Row],[Column65]] -> 66620 | BN13: =FF_PX[[#This Row],[Column66]] -> 66136 | BO13: =FF_PX[[#This Row],[Column67]] -> 65481 | BP13: =FF_PX[[#This Row],[Column68]] -> 93111 | BQ13: =FF_PX[[#This Row],[Column69]] -> 93107 | BR13: =FF_PX[[#This Row],[Column70]] -> 93203 | BS13: =FF_PX[[#This Row],[Column71]] -> 88577 | BT13: =FF_PX[[#This Row],[Column72]] -> 78916 | BU13: =FF_PX[[#This Row],[Column73]] -> 74363 | BV13: =FF_PX[[#This Row],[Column74]] -> 68577 | BW13: =FF_PX[[#This Row],[Column75]] -> 51270 | BX13: =FF_PX[[#This Row],[Column76]] -> 51299 | BY13: =FF_PX[[#This Row],[Column77]] -> 51847 | BZ13: =FF_PX[[#This Row],[Column78]] -> 51847 | CA13: =FF_PX[[#This Row],[Column79]] -> 49083 | CB13: =FF_PX[[#This Row],[Column80]] -> 48243 | CC13: =FF_PX[[#This Row],[Column81]] -> 47043 | CD13: =FF_PX[[#This Row],[Column82]] -> 48849 | CE13: =FF_PX[[#This Row],[Column83]] -> 49798 | CF13: =FF_PX[[#This Row],[Column84]] -> 49094 | CG13: =FF_PX[[#This Row],[Column85]] -> 49063 | CH13: =FF_PX[[#This Row],[Column86]] -> 49466 | CI13: =FF_PX[[#This Row],[Column87]] -> 48670 | CJ13: =FF_PX[[#This Row],[Column88]] -> 38822 | CK13: =FF_PX[[#This Row],[Column89]] -> 36464 | CL13: =FF_PX[[#This Row],[Column90]] -> 36231 | CM13: =FF_PX[[#This Row],[Column91]] -> 35703 | CN13: =FF_PX[[#This Row],[Column92]] -> 34150 | CO13: =FF_PX[[#This Row],[Column93]] -> 34417 | CP13: =FF_PX[[#This Row],[Column94]] -> 33423 | CQ13: =FF_PX[[#This Row],[Column95]] -> 34423 | CR13: =FF_PX[[#This Row],[Column96]] -> 35891 | CS13: =FF_PX[[#This Row],[Column97]] -> 36202 | CT13: =FF_PX[[#This Row],[Column98]] -> 36202 | CU13: =FF_PX[[#This Row],[Column99]] -> 36616 | CV13: =FF_PX[[#This Row],[Column100]] -> 35669 | CW13: =FF_PX[[#This Row],[Column101]] -> 35697 | CX13: =FF_PX[[#This Row],[Column102]] -> 35511 | CY13: =FF_PX[[#This Row],[Column103]] -> 32019 | CZ13: =FF_PX[[#This Row],[Column104]] -> 31559 | DA13: =FF_PX[[#This Row],[Column105]] -> 30667
A14: ='cont list_0'!M17 -> K27 | B14: =FF_PX[[#This Row],[Column2]] -> 20676 | C14: =FF_PX[[#This Row],[Column3]] -> 20676 | D14: =FF_PX[[#This Row],[Column4]] -> 20713 | E14: =FF_PX[[#This Row],[Column5]] -> 20193 | F14: =FF_PX[[#This Row],[Column6]] -> 20230 | G14: =FF_PX[[#This Row],[Column7]] -> 19977 | H14: =FF_PX[[#This Row],[Column8]] -> 19977 | I14: =FF_PX[[#This Row],[Column9]] -> 19642 | J14: =FF_PX[[#This Row],[Column10]] -> 18768 | K14: =FF_PX[[#This Row],[Column11]] -> 19170 | L14: =FF_PX[[#This Row],[Column12]] -> 18819 | M14: =FF_PX[[#This Row],[Column13]] -> 18601 | N14: =FF_PX[[#This Row],[Column14]] -> 19138 | O14: =FF_PX[[#This Row],[Column15]] -> 19426 | P14: =FF_PX[[#This Row],[Column16]] -> 19327 | Q14: =FF_PX[[#This Row],[Column17]] -> 19596 | R14: =FF_PX[[#This Row],[Column18]] -> 19346 | S14: =FF_PX[[#This Row],[Column19]] -> 19617 | T14: =FF_PX[[#This Row],[Column20]] -> 17390 | U14: =FF_PX[[#This Row],[Column21]] -> 15906 | V14: =FF_PX[[#This Row],[Column22]] -> 15413 | W14: =FF_PX[[#This Row],[Column23]] -> 15521 | X14: =FF_PX[[#This Row],[Column24]] -> 7469 | Y14: =FF_PX[[#This Row],[Column25]] -> 7316 | Z14: =FF_PX[[#This Row],[Column26]] -> 6876 | AA14: =FF_PX[[#This Row],[Column27]] -> 6659 | AB14: =FF_PX[[#This Row],[Column28]] -> 6885 | AC14: =FF_PX[[#This Row],[Column29]] -> 6993 | AD14: =FF_PX[[#This Row],[Column30]] -> 6886 | AE14: =FF_PX[[#This Row],[Column31]] -> 6209 | AF14: =FF_PX[[#This Row],[Column32]] -> 6067 | AG14: =FF_PX[[#This Row],[Column33]] -> 6062 | AH14: =FF_PX[[#This Row],[Column34]] -> 6047 | AI14: =FF_PX[[#This Row],[Column35]] -> 5938 | AJ14: =FF_PX[[#This Row],[Column36]] -> 5199 | AK14: =FF_PX[[#This Row],[Column37]] -> 6220 | AL14: =FF_PX[[#This Row],[Column38]] -> 6265 | AM14: =FF_PX[[#This Row],[Column39]] -> 6213 | AN14: =FF_PX[[#This Row],[Column40]] -> 6112 | AO14: =FF_PX[[#This Row],[Column41]] -> 5922 | AP14: =FF_PX[[#This Row],[Column42]] -> 5896 | AQ14: =FF_PX[[#This Row],[Column43]] -> 5899 | AR14: =FF_PX[[#This Row],[Column44]] -> 5945 | AS14: =FF_PX[[#This Row],[Column45]] -> 5884 | AT14: =FF_PX[[#This Row],[Column46]] -> 33091 | AU14: =FF_PX[[#This Row],[Column47]] -> 33184 | AV14: =FF_PX[[#This Row],[Column48]] -> 33800 | AW14: =FF_PX[[#This Row],[Column49]] -> 33232 | AX14: =FF_PX[[#This Row],[Column50]] -> 33285 | AY14: =FF_PX[[#This Row],[Column51]] -> 33288 | AZ14: =FF_PX[[#This Row],[Column52]] -> 32991 | BA14: =FF_PX[[#This Row],[Column53]] -> 32723 | BB14: =FF_PX[[#This Row],[Column54]] -> 31353 | BC14: =FF_PX[[#This Row],[Column55]] -> 33562 | BD14: =FF_PX[[#This Row],[Column56]] -> 33498 | BE14: =FF_PX[[#This Row],[Column57]] -> 33378 | BF14: =FF_PX[[#This Row],[Column58]] -> 32125 | BG14: =FF_PX[[#This Row],[Column59]] -> 33637 | BH14: =FF_PX[[#This Row],[Column60]] -> 34878 | BI14: =FF_PX[[#This Row],[Column61]] -> 34331 | BJ14: =FF_PX[[#This Row],[Column62]] -> 34175 | BK14: =FF_PX[[#This Row],[Column63]] -> 32235 | BL14: =FF_PX[[#This Row],[Column64]] -> 29445 | BM14: =FF_PX[[#This Row],[Column65]] -> 28280 | BN14: =FF_PX[[#This Row],[Column66]] -> 27492 | BO14: =FF_PX[[#This Row],[Column67]] -> 28923 | BP14: =FF_PX[[#This Row],[Column68]] -> 65003 | BQ14: =FF_PX[[#This Row],[Column69]] -> 64172 | BR14: =FF_PX[[#This Row],[Column70]] -> 59470 | BS14: =FF_PX[[#This Row],[Column71]] -> 59354 | BT14: =FF_PX[[#This Row],[Column72]] -> 59854 | BU14: =FF_PX[[#This Row],[Column73]] -> 59998 | BV14: =FF_PX[[#This Row],[Column74]] -> 59075 | BW14: =FF_PX[[#This Row],[Column75]] -> 58816 | BX14: =FF_PX[[#This Row],[Column76]] -> 58202 | BY14: =FF_PX[[#This Row],[Column77]] -> 59543 | BZ14: =FF_PX[[#This Row],[Column78]] -> 59543 | CA14: =FF_PX[[#This Row],[Column79]] -> 57097 | CB14: =FF_PX[[#This Row],[Column80]] -> 56043 | CC14: =FF_PX[[#This Row],[Column81]] -> 54779 | CD14: =FF_PX[[#This Row],[Column82]] -> 45025 | CE14: =FF_PX[[#This Row],[Column83]] -> 45426 | CF14: =FF_PX[[#This Row],[Column84]] -> 46796 | CG14: =FF_PX[[#This Row],[Column85]] -> 36172 | CH14: =FF_PX[[#This Row],[Column86]] -> 35703 | CI14: =FF_PX[[#This Row],[Column87]] -> 34524 | CJ14: =FF_PX[[#This Row],[Column88]] -> 47161 | CK14: =FF_PX[[#This Row],[Column89]] -> 45775 | CL14: =FF_PX[[#This Row],[Column90]] -> 45938 | CM14: =FF_PX[[#This Row],[Column91]] -> 44797 | CN14: =FF_PX[[#This Row],[Column92]] -> 45063 | CO14: =FF_PX[[#This Row],[Column93]] -> 45087 | CP14: =FF_PX[[#This Row],[Column94]] -> 45046 | CQ14: =FF_PX[[#This Row],[Column95]] -> 44854 | CR14: =FF_PX[[#This Row],[Column96]] -> 44947 | CS14: =FF_PX[[#This Row],[Column97]] -> 44890 | CT14: =FF_PX[[#This Row],[Column98]] -> 44890 | CU14: =FF_PX[[#This Row],[Column99]] -> 44829 | CV14: =FF_PX[[#This Row],[Column100]] -> 44697 | CW14: =FF_PX[[#This Row],[Column101]] -> 44518 | CX14: =FF_PX[[#This Row],[Column102]] -> 27178 | CY14: =FF_PX[[#This Row],[Column103]] -> 24964 | CZ14: =FF_PX[[#This Row],[Column104]] -> 25621 | DA14: =FF_PX[[#This Row],[Column105]] -> 24134
... A23: ='cont list_0'!M26 -> G28 | B23: =FF_PX[[#This Row],[Column2]] -> 0 | C23: =FF_PX[[#This Row],[Column3]] -> 0 | D23: =FF_PX[[#This Row],[Column4]] -> 0 | E23: =FF_PX[[#This Row],[Column5]] -> 0 | F23: =FF_PX[[#This Row],[Column6]] -> 0 | G23: =FF_PX[[#This Row],[Column7]] -> 0 | H23: =FF_PX[[#This Row],[Column8]] -> 0 | I23: =FF_PX[[#This Row],[Column9]] -> 0 | J23: =FF_PX[[#This Row],[Column10]] -> 0 | K23: =FF_PX[[#This Row],[Column11]] -> 0 | L23: =FF_PX[[#This Row],[Column12]] -> 0 | M23: =FF_PX[[#This Row],[Column13]] -> 0 | N23: =FF_PX[[#This Row],[Column14]] -> 0 | O23: =FF_PX[[#This Row],[Column15]] -> 0 | P23: =FF_PX[[#This Row],[Column16]] -> 0 | Q23: =FF_PX[[#This Row],[Column17]] -> 0 | R23: =FF_PX[[#This Row],[Column18]] -> 0 | S23: =FF_PX[[#This Row],[Column19]] -> 0 | T23: =FF_PX[[#This Row],[Column20]] -> 0 | U23: =FF_PX[[#This Row],[Column21]] -> 0 | V23: =FF_PX[[#This Row],[Column22]] -> 0 | W23: =FF_PX[[#This Row],[Column23]] -> 0 | X23: =FF_PX[[#This Row],[Column24]] -> 0 | Y23: =FF_PX[[#This Row],[Column25]] -> 0 | Z23: =FF_PX[[#This Row],[Column26]] -> 0 | AA23: =FF_PX[[#This Row],[Column27]] -> 0 | AB23: =FF_PX[[#This Row],[Column28]] -> 0 | AC23: =FF_PX[[#This Row],[Column29]] -> 0 | AD23: =FF_PX[[#This Row],[Column30]] -> 0 | AE23: =FF_PX[[#This Row],[Column31]] -> 0 | AF23: =FF_PX[[#This Row],[Column32]] -> 0 | AG23: =FF_PX[[#This Row],[Column33]] -> 0 | AH23: =FF_PX[[#This Row],[Column34]] -> 0 | AI23: =FF_PX[[#This Row],[Column35]] -> 0 | AJ23: =FF_PX[[#This Row],[Column36]] -> 0 | AK23: =FF_PX[[#This Row],[Column37]] -> 0 | AL23: =FF_PX[[#This Row],[Column38]] -> 0 | AM23: =FF_PX[[#This Row],[Column39]] -> 0 | AN23: =FF_PX[[#This Row],[Column40]] -> 0 | AO23: =FF_PX[[#This Row],[Column41]] -> 0 | AP23: =FF_PX[[#This Row],[Column42]] -> 0 | AQ23: =FF_PX[[#This Row],[Column43]] -> 0 | AR23: =FF_PX[[#This Row],[Column44]] -> 0 | AS23: =FF_PX[[#This Row],[Column45]] -> 0 | AT23: =FF_PX[[#This Row],[Column46]] -> 0 | AU23: =FF_PX[[#This Row],[Column47]] -> 0 | AV23: =FF_PX[[#This Row],[Column48]] -> 0 | AW23: =FF_PX[[#This Row],[Column49]] -> 0 | AX23: =FF_PX[[#This Row],[Column50]] -> 0 | AY23: =FF_PX[[#This Row],[Column51]] -> 0 | AZ23: =FF_PX[[#This Row],[Column52]] -> 0 | BA23: =FF_PX[[#This Row],[Column53]] -> 0 | BB23: =FF_PX[[#This Row],[Column54]] -> 0 | BC23: =FF_PX[[#This Row],[Column55]] -> 0 | BD23: =FF_PX[[#This Row],[Column56]] -> 0 | BE23: =FF_PX[[#This Row],[Column57]] -> 0 | BF23: =FF_PX[[#This Row],[Column58]] -> 0 | BG23: =FF_PX[[#This Row],[Column59]] -> 0 | BH23: =FF_PX[[#This Row],[Column60]] -> 0 | BI23: =FF_PX[[#This Row],[Column61]] -> 0 | BJ23: =FF_PX[[#This Row],[Column62]] -> 0 | BK23: =FF_PX[[#This Row],[Column63]] -> 0 | BL23: =FF_PX[[#This Row],[Column64]] -> 0 | BM23: =FF_PX[[#This Row],[Column65]] -> 0 | BN23: =FF_PX[[#This Row],[Column66]] -> 0 | BO23: =FF_PX[[#This Row],[Column67]] -> 0 | BP23: =FF_PX[[#This Row],[Column68]] -> 0 | BQ23: =FF_PX[[#This Row],[Column69]] -> 0 | BR23: =FF_PX[[#This Row],[Column70]] -> 0 | BS23: =FF_PX[[#This Row],[Column71]] -> 0 | BT23: =FF_PX[[#This Row],[Column72]] -> 0 | BU23: =FF_PX[[#This Row],[Column73]] -> 0 | BV23: =FF_PX[[#This Row],[Column74]] -> 0 | BW23: =FF_PX[[#This Row],[Column75]] -> 0 | BX23: =FF_PX[[#This Row],[Column76]] -> 0 | BY23: =FF_PX[[#This Row],[Column77]] -> 0 | BZ23: =FF_PX[[#This Row],[Column78]] -> 0 | CA23: =FF_PX[[#This Row],[Column79]] -> 0 | CB23: =FF_PX[[#This Row],[Column80]] -> 0 | CC23: =FF_PX[[#This Row],[Column81]] -> 0 | CD23: =FF_PX[[#This Row],[Column82]] -> 0 | CE23: =FF_PX[[#This Row],[Column83]] -> 0 | CF23: =FF_PX[[#This Row],[Column84]] -> 0 | CG23: =FF_PX[[#This Row],[Column85]] -> 0 | CH23: =FF_PX[[#This Row],[Column86]] -> 0 | CI23: =FF_PX[[#This Row],[Column87]] -> 0 | CJ23: =FF_PX[[#This Row],[Column88]] -> 0 | CK23: =FF_PX[[#This Row],[Column89]] -> 0 | CL23: =FF_PX[[#This Row],[Column90]] -> 0 | CM23: =FF_PX[[#This Row],[Column91]] -> 0 | CN23: =FF_PX[[#This Row],[Column92]] -> 0 | CO23: =FF_PX[[#This Row],[Column93]] -> 0 | CP23: =FF_PX[[#This Row],[Column94]] -> 0 | CQ23: =FF_PX[[#This Row],[Column95]] -> 0 | CR23: =FF_PX[[#This Row],[Column96]] -> 0 | CS23: =FF_PX[[#This Row],[Column97]] -> 0 | CT23: =FF_PX[[#This Row],[Column98]] -> 0 | CU23: =FF_PX[[#This Row],[Column99]] -> 0 | CV23: =FF_PX[[#This Row],[Column100]] -> 0 | CW23: =FF_PX[[#This Row],[Column101]] -> 0 | CX23: =FF_PX[[#This Row],[Column102]] -> 0 | CY23: =FF_PX[[#This Row],[Column103]] -> 0 | CZ23: =FF_PX[[#This Row],[Column104]] -> 0 | DA23: =FF_PX[[#This Row],[Column105]] -> 0

Sheet treasuries
A2: =treasuries[[#This Row],[US 2 YEAR TREASURY]] -> Dates | B2: =treasuries[[#This Row],[Column2]] -> 46174 | C2: =treasuries[[#This Row],[Column3]] -> 46171 | D2: =treasuries[[#This Row],[Column4]] -> 46170 | E2: =treasuries[[#This Row],[Column5]] -> 46169 | F2: =treasuries[[#This Row],[Column6]] -> 46168 | G2: =treasuries[[#This Row],[Column7]] -> 46167 | H2: =treasuries[[#This Row],[Column8]] -> 46164 | I2: =treasuries[[#This Row],[Column9]] -> 46163 | J2: =treasuries[[#This Row],[Column10]] -> 46162 | K2: =treasuries[[#This Row],[Column11]] -> 46161 | L2: =treasuries[[#This Row],[Column12]] -> 46160 | M2: =treasuries[[#This Row],[Column13]] -> 46157 | N2: =treasuries[[#This Row],[Column14]] -> 46156 | O2: =treasuries[[#This Row],[Column15]] -> 46155 | P2: =treasuries[[#This Row],[Column16]] -> 46154 | Q2: =treasuries[[#This Row],[Column17]] -> 46153 | R2: =treasuries[[#This Row],[Column18]] -> 46150 | S2: =treasuries[[#This Row],[Column19]] -> 46149 | T2: =treasuries[[#This Row],[Column20]] -> 46148 | U2: =treasuries[[#This Row],[Column21]] -> 46147 | V2: =treasuries[[#This Row],[Column22]] -> 46146 | W2: =treasuries[[#This Row],[Column23]] -> 46143 | X2: =treasuries[[#This Row],[Column24]] -> 46142 | Y2: =treasuries[[#This Row],[Column25]] -> 46141 | Z2: =treasuries[[#This Row],[Column26]] -> 46140 | AA2: =treasuries[[#This Row],[Column27]] -> 46139 | AB2: =treasuries[[#This Row],[Column28]] -> 46136 | AC2: =treasuries[[#This Row],[Column29]] -> 46135 | AD2: =treasuries[[#This Row],[Column30]] -> 46134 | AE2: =treasuries[[#This Row],[Column31]] -> 46133 | AF2: =treasuries[[#This Row],[Column32]] -> 46132 | AG2: =treasuries[[#This Row],[Column33]] -> 46129 | AH2: =treasuries[[#This Row],[Column34]] -> 46128 | AI2: =treasuries[[#This Row],[Column35]] -> 46127 | AJ2: =treasuries[[#This Row],[Column36]] -> 46126 | AK2: =treasuries[[#This Row],[Column37]] -> 46125 | AL2: =treasuries[[#This Row],[Column38]] -> 46122 | AM2: =treasuries[[#This Row],[Column39]] -> 46121 | AN2: =treasuries[[#This Row],[Column40]] -> 46120 | AO2: =treasuries[[#This Row],[Column41]] -> 46119 | AP2: =treasuries[[#This Row],[Column42]] -> 46118 | AQ2: =treasuries[[#This Row],[Column43]] -> 46115 | AR2: =treasuries[[#This Row],[Column44]] -> 46114 | AS2: =treasuries[[#This Row],[Column45]] -> 46113 | AT2: =treasuries[[#This Row],[Column46]] -> 46112 | AU2: =treasuries[[#This Row],[Column47]] -> 46111 | AV2: =treasuries[[#This Row],[Column48]] -> 46108 | AW2: =treasuries[[#This Row],[Column49]] -> 46107 | AX2: =treasuries[[#This Row],[Column50]] -> 46106 | AY2: =treasuries[[#This Row],[Column51]] -> 46105 | AZ2: =treasuries[[#This Row],[Column52]] -> 46104 | BA2: =treasuries[[#This Row],[Column53]] -> 46101 | BB2: =treasuries[[#This Row],[Column54]] -> 46100 | BC2: =treasuries[[#This Row],[Column55]] -> 46099 | BD2: =treasuries[[#This Row],[Column56]] -> 46098 | BE2: =treasuries[[#This Row],[Column57]] -> 46097 | BF2: =treasuries[[#This Row],[Column58]] -> 46094 | BG2: =treasuries[[#This Row],[Column59]] -> 46093 | BH2: =treasuries[[#This Row],[Column60]] -> 46092 | BI2: =treasuries[[#This Row],[Column61]] -> 46091 | BJ2: =treasuries[[#This Row],[Column62]] -> 46090 | BK2: =treasuries[[#This Row],[Column63]] -> 46087 | BL2: =treasuries[[#This Row],[Column64]] -> 46086 | BM2: =treasuries[[#This Row],[Column65]] -> 46085 | BN2: =treasuries[[#This Row],[Column66]] -> 46084 | BO2: =treasuries[[#This Row],[Column67]] -> 46083 | BP2: =treasuries[[#This Row],[Column68]] -> 46080 | BQ2: =treasuries[[#This Row],[Column69]] -> 46079 | BR2: =treasuries[[#This Row],[Column70]] -> 46078 | BS2: =treasuries[[#This Row],[Column71]] -> 46077 | BT2: =treasuries[[#This Row],[Column72]] -> 46076 | BU2: =treasuries[[#This Row],[Column73]] -> 46073 | BV2: =treasuries[[#This Row],[Column74]] -> 46072 | BW2: =treasuries[[#This Row],[Column75]] -> 46071 | BX2: =treasuries[[#This Row],[Column76]] -> 46070 | BY2: =treasuries[[#This Row],[Column77]] -> 46069 | BZ2: =treasuries[[#This Row],[Column78]] -> 46066 | CA2: =treasuries[[#This Row],[Column79]] -> 46065 | CB2: =treasuries[[#This Row],[Column80]] -> 46064 | CC2: =treasuries[[#This Row],[Column81]] -> 46063 | CD2: =treasuries[[#This Row],[Column82]] -> 46062 | CE2: =treasuries[[#This Row],[Column83]] -> 46059 | CF2: =treasuries[[#This Row],[Column84]] -> 46058 | CG2: =treasuries[[#This Row],[Column85]] -> 46057 | CH2: =treasuries[[#This Row],[Column86]] -> 46056 | CI2: =treasuries[[#This Row],[Column87]] -> 46055 | CJ2: =treasuries[[#This Row],[Column88]] -> 46052 | CK2: =treasuries[[#This Row],[Column89]] -> 46051 | CL2: =treasuries[[#This Row],[Column90]] -> 46050 | CM2: =treasuries[[#This Row],[Column91]] -> 46049 | CN2: =treasuries[[#This Row],[Column92]] -> 46048 | CO2: =treasuries[[#This Row],[Column93]] -> 46045 | CP2: =treasuries[[#This Row],[Column94]] -> 46044 | CQ2: =treasuries[[#This Row],[Column95]] -> 46043 | CR2: =treasuries[[#This Row],[Column96]] -> 46042 | CS2: =treasuries[[#This Row],[Column97]] -> 46041 | CT2: =treasuries[[#This Row],[Column98]] -> 46038 | CU2: =treasuries[[#This Row],[Column99]] -> 46037 | CV2: =treasuries[[#This Row],[Column100]] -> 46036 | CW2: =treasuries[[#This Row],[Column101]] -> 46035 | CX2: =treasuries[[#This Row],[Column102]] -> 46034 | CY2: =treasuries[[#This Row],[Column103]] -> 46031 | CZ2: =treasuries[[#This Row],[Column104]] -> 46030 | DA2: =treasuries[[#This Row],[Column105]] -> 46029 | DB2: =treasuries[[#This Row],[Column106]] -> 46028 | DC2: =treasuries[[#This Row],[Column107]] -> 46027 | DD2: =treasuries[[#This Row],[Column108]] -> 46024 | DE2: =treasuries[[#This Row],[Column109]] -> 46023 | DF2: =treasuries[[#This Row],[Column110]] -> 46022 | DG2: =treasuries[[#This Row],[Column93]] -> 46045 | DH2: =treasuries[[#This Row],[Column94]] -> 46044 | DI2: =treasuries[[#This Row],[Column95]] -> 46043 | DJ2: =treasuries[[#This Row],[Column96]] -> 46042 | DK2: =treasuries[[#This Row],[Column97]] -> 46041 | DL2: =treasuries[[#This Row],[Column98]] -> 46038 | DM2: =treasuries[[#This Row],[Column99]] -> 46037 | DN2: =treasuries[[#This Row],[Column100]] -> 46036 | DO2: =treasuries[[#This Row],[Column101]] -> 46035 | DP2: =treasuries[[#This Row],[Column102]] -> 46034 | DQ2: =treasuries[[#This Row],[Column103]] -> 46031 | DR2: =treasuries[[#This Row],[Column104]] -> 46030 | DS2: =treasuries[[#This Row],[Column105]] -> 46029 | DT2: =treasuries[[#This Row],[Column106]] -> 46028
A3: =treasuries[[#Headers],[US 2 YEAR TREASURY]] -> US 2 YEAR TREASURY | B3: =treasuries_0!B5 -> 4356846 | C3: =treasuries_0!C5 -> 4356846 | D3: =treasuries_0!D5 -> 4351655 | E3: =treasuries_0!E5 -> 4445353 | F3: =treasuries_0!F5 -> 4960112 | G3: =treasuries_0!G5 -> 4959551 | H3: =treasuries_0!H5 -> 4959551 | I3: =treasuries_0!I5 -> 4942844 | ... DT3: =treasuries_0!DT5 -> 4429355
A7: =treasuries_0!A8 -> US 5 YEAR TREASURY | B7: =treasuries_0!B12 -> 6312325 | C7: =treasuries_0!C12 -> 6312325 | D7: =treasuries_0!D12 -> 6285852 | E7: =treasuries_0!E12 -> 6470552 | F7: =treasuries_0!F12 -> 6847647 | G7: =treasuries_0!G12 -> 6866865 | H7: =treasuries_0!H12 -> 6866865 | I7: =treasuries_0!I12 -> 6942110 | ... DT7: =treasuries_0!DT12 -> 6634236
A11: =treasuries_0!A15 -> US 10 YEAR TREASURY | B11: =treasuries_0!B19 -> 5393744 | C11: =treasuries_0!C19 -> 5393744 | D11: =treasuries_0!D19 -> 5529657 | E11: =treasuries_0!E19 -> 5774873 | F11: =treasuries_0!F19 -> 6254054 | G11: =treasuries_0!G19 -> 6307009 | H11: =treasuries_0!H19 -> 6307009 | I11: =treasuries_0!I19 -> 6417692 | ... DT11: =treasuries_0!DT19 -> 5442888
A12: =treasuries_0!A22 -> US 10 YEAR ULTRA TREASURY | B12: =treasuries_0!B26 -> 2423623 | C12: =treasuries_0!C26 -> 2423623 | D12: =treasuries_0!D26 -> 2419739 | E12: =treasuries_0!E26 -> 2470906 | F12: =treasuries_0!F26 -> 2733278 | G12: =treasuries_0!G26 -> 2724366 | H12: =treasuries_0!H26 -> 2724366 | I12: =treasuries_0!I26 -> 2689692 | ... DT12: =treasuries_0!DT26 -> 2525435
A15: =treasuries_0!A29 -> US 30 YEAR TREASURY | B15: =treasuries_0!B33 -> 1882305 | C15: =treasuries_0!C33 -> 1882305 | D15: =treasuries_0!D33 -> 1857534 | E15: =treasuries_0!E33 -> 1876951 | F15: =treasuries_0!F33 -> 2004425 | G15: =treasuries_0!G33 -> 1929107 | H15: =treasuries_0!H33 -> 1929107 | I15: =treasuries_0!I33 -> 1999537 | ... DT15: =treasuries_0!DT33 -> 1786400
A16: =treasuries_0!A36 -> US 30 YEAR ULTRA TREASURY | B16: =treasuries_0!B40 -> 2359287 | C16: =treasuries_0!C40 -> 2359287 | D16: =treasuries_0!D40 -> 2358946 | E16: =treasuries_0!E40 -> 2380482 | F16: =treasuries_0!F40 -> 2533779 | G16: =treasuries_0!G40 -> 2739870 | H16: =treasuries_0!H40 -> 2739870 | I16: =treasuries_0!I40 -> 2709884 | ... DT16: =treasuries_0!DT40 -> 2117252

Sheet ER
A2: =ER_PX[[#This Row],[Column1]] -> Dates | B2: =ER_PX[[#This Row],[Column2]] -> 46174 | C2: =ER_PX[[#This Row],[Column3]] -> 46171 | D2: =ER_PX[[#This Row],[Column4]] -> 46170 | E2: =ER_PX[[#This Row],[Column5]] -> 46169 | F2: =ER_PX[[#This Row],[Column6]] -> 46168 | G2: =ER_PX[[#This Row],[Column7]] -> 46167 | H2: =ER_PX[[#This Row],[Column8]] -> 46164 | I2: =ER_PX[[#This Row],[Column9]] -> 46163 | J2: =ER_PX[[#This Row],[Column10]] -> 46162 | K2: =ER_PX[[#This Row],[Column11]] -> 46161 | L2: =ER_PX[[#This Row],[Column12]] -> 46160 | M2: =ER_PX[[#This Row],[Column13]] -> 46157 | N2: =ER_PX[[#This Row],[Column14]] -> 46156 | O2: =ER_PX[[#This Row],[Column15]] -> 46155 | P2: =ER_PX[[#This Row],[Column16]] -> 46154 | Q2: =ER_PX[[#This Row],[Column17]] -> 46153 | R2: =ER_PX[[#This Row],[Column18]] -> 46150 | S2: =ER_PX[[#This Row],[Column19]] -> 46149 | T2: =ER_PX[[#This Row],[Column20]] -> 46148 | U2: =ER_PX[[#This Row],[Column21]] -> 46147 | V2: =ER_PX[[#This Row],[Column22]] -> 46146 | W2: =ER_PX[[#This Row],[Column23]] -> 46143 | X2: =ER_PX[[#This Row],[Column24]] -> 46142 | Y2: =ER_PX[[#This Row],[Column25]] -> 46141 | Z2: =ER_PX[[#This Row],[Column26]] -> 46140 | AA2: =ER_PX[[#This Row],[Column27]] -> 46139 | AB2: =ER_PX[[#This Row],[Column28]] -> 46136 | AC2: =ER_PX[[#This Row],[Column29]] -> 46135 | AD2: =ER_PX[[#This Row],[Column30]] -> 46134 | AE2: =ER_PX[[#This Row],[Column31]] -> 46133 | AF2: =ER_PX[[#This Row],[Column32]] -> 46132 | AG2: =ER_PX[[#This Row],[Column33]] -> 46129 | AH2: =ER_PX[[#This Row],[Column34]] -> 46128 | AI2: =ER_PX[[#This Row],[Column35]] -> 46127 | AJ2: =ER_PX[[#This Row],[Column36]] -> 46126 | AK2: =ER_PX[[#This Row],[Column37]] -> 46125 | AL2: =ER_PX[[#This Row],[Column38]] -> 46122 | AM2: =ER_PX[[#This Row],[Column39]] -> 46121 | AN2: =ER_PX[[#This Row],[Column40]] -> 46120 | AO2: =ER_PX[[#This Row],[Column41]] -> 46119 | AP2: =ER_PX[[#This Row],[Column42]] -> 46118 | AQ2: =ER_PX[[#This Row],[Column43]] -> 46115 | AR2: =ER_PX[[#This Row],[Column44]] -> 46114 | AS2: =ER_PX[[#This Row],[Column45]] -> 46113
A3: ='cont list_0'!E6 -> H26 | B3: =ER_PX[[#This Row],[Column2]] -> 726210 | C3: =ER_PX[[#This Row],[Column3]] -> 726210 | D3: =ER_PX[[#This Row],[Column4]] -> 726210 | E3: =ER_PX[[#This Row],[Column5]] -> 741268 | F3: =ER_PX[[#This Row],[Column6]] -> 752395 | G3: =ER_PX[[#This Row],[Column7]] -> 765963 | H3: =ER_PX[[#This Row],[Column8]] -> 759189 | I3: =ER_PX[[#This Row],[Column9]] -> 756488 | J3: =ER_PX[[#This Row],[Column10]] -> 756829 | K3: =ER_PX[[#This Row],[Column11]] -> 757951 | L3: =ER_PX[[#This Row],[Column12]] -> 754841 | M3: =ER_PX[[#This Row],[Column13]] -> 761188 | N3: =ER_PX[[#This Row],[Column14]] -> 760463 | O3: =ER_PX[[#This Row],[Column15]] -> 753627 | P3: =ER_PX[[#This Row],[Column16]] -> 744702 | Q3: =ER_PX[[#This Row],[Column17]] -> 743449 | R3: =ER_PX[[#This Row],[Column18]] -> 741917 | S3: =ER_PX[[#This Row],[Column19]] -> 734176 | T3: =ER_PX[[#This Row],[Column20]] -> 729131 | U3: =ER_PX[[#This Row],[Column21]] -> 746685 | V3: =ER_PX[[#This Row],[Column22]] -> 748616 | W3: =ER_PX[[#This Row],[Column23]] -> 725708 | X3: =ER_PX[[#This Row],[Column24]] -> 725708 | Y3: =ER_PX[[#This Row],[Column25]] -> 727366 | Z3: =ER_PX[[#This Row],[Column26]] -> 732444 | AA3: =ER_PX[[#This Row],[Column27]] -> 738854 | AB3: =ER_PX[[#This Row],[Column28]] -> 748322 | AC3: =ER_PX[[#This Row],[Column29]] -> 747853 | AD3: =ER_PX[[#This Row],[Column30]] -> 748664 | AE3: =ER_PX[[#This Row],[Column31]] -> 759311 | AF3: =ER_PX[[#This Row],[Column32]] -> 759608 | AG3: =ER_PX[[#This Row],[Column33]] -> 753989 | AH3: =ER_PX[[#This Row],[Column34]] -> 746485 | AI3: =ER_PX[[#This Row],[Column35]] -> 764139 | AJ3: =ER_PX[[#This Row],[Column36]] -> 769940 | AK3: =ER_PX[[#This Row],[Column37]] -> 773229 | AL3: =ER_PX[[#This Row],[Column38]] -> 764456 | AM3: =ER_PX[[#This Row],[Column39]] -> 780650 | AN3: =ER_PX[[#This Row],[Column40]] -> 790659 | AO3: =ER_PX[[#This Row],[Column41]] -> 809119 | AP3: =ER_PX[[#This Row],[Column42]] -> 801253 | AQ3: =ER_PX[[#This Row],[Column43]] -> 801155 | AR3: =ER_PX[[#This Row],[Column44]] -> 801155 | AS3: =ER_PX[[#This Row],[Column45]] -> 807746
A4: ='cont list_0'!E7 -> M26 | B4: =ER_PX[[#This Row],[Column2]] -> 636985 | C4: =ER_PX[[#This Row],[Column3]] -> 636985 | D4: =ER_PX[[#This Row],[Column4]] -> 636985 | E4: =ER_PX[[#This Row],[Column5]] -> 633473 | F4: =ER_PX[[#This Row],[Column6]] -> 626413 | G4: =ER_PX[[#This Row],[Column7]] -> 624212 | H4: =ER_PX[[#This Row],[Column8]] -> 624693 | I4: =ER_PX[[#This Row],[Column9]] -> 622369 | J4: =ER_PX[[#This Row],[Column10]] -> 628965 | K4: =ER_PX[[#This Row],[Column11]] -> 637277 | L4: =ER_PX[[#This Row],[Column12]] -> 634905 | M4: =ER_PX[[#This Row],[Column13]] -> 641916 | N4: =ER_PX[[#This Row],[Column14]] -> 641874 | O4: =ER_PX[[#This Row],[Column15]] -> 640032 | P4: =ER_PX[[#This Row],[Column16]] -> 636714 | Q4: =ER_PX[[#This Row],[Column17]] -> 626311 | R4: =ER_PX[[#This Row],[Column18]] -> 622843 | S4: =ER_PX[[#This Row],[Column19]] -> 618704 | T4: =ER_PX[[#This Row],[Column20]] -> 607799 | U4: =ER_PX[[#This Row],[Column21]] -> 627427 | V4: =ER_PX[[#This Row],[Column22]] -> 615547 | W4: =ER_PX[[#This Row],[Column23]] -> 616647 | X4: =ER_PX[[#This Row],[Column24]] -> 616647 | Y4: =ER_PX[[#This Row],[Column25]] -> 622688 | Z4: =ER_PX[[#This Row],[Column26]] -> 628112 | AA4: =ER_PX[[#This Row],[Column27]] -> 636378 | AB4: =ER_PX[[#This Row],[Column28]] -> 636166 | AC4: =ER_PX[[#This Row],[Column29]] -> 643804 | AD4: =ER_PX[[#This Row],[Column30]] -> 643445 | AE4: =ER_PX[[#This Row],[Column31]] -> 648259 | AF4: =ER_PX[[#This Row],[Column32]] -> 645579 | AG4: =ER_PX[[#This Row],[Column33]] -> 651354 | AH4: =ER_PX[[#This Row],[Column34]] -> 644770 | AI4: =ER_PX[[#This Row],[Column35]] -> 648966 | AJ4: =ER_PX[[#This Row],[Column36]] -> 654750 | AK4: =ER_PX[[#This Row],[Column37]] -> 655612 | AL4: =ER_PX[[#This Row],[Column38]] -> 650102 | AM4: =ER_PX[[#This Row],[Column39]] -> 644989 | AN4: =ER_PX[[#This Row],[Column40]] -> 661368 | AO4: =ER_PX[[#This Row],[Column41]] -> 662580 | AP4: =ER_PX[[#This Row],[Column42]] -> 655028 | AQ4: =ER_PX[[#This Row],[Column43]] -> 655161 | AR4: =ER_PX[[#This Row],[Column44]] -> 655161 | AS4: =ER_PX[[#This Row],[Column45]] -> 624652
A5: ='cont list_0'!E8 -> U26 | B5: =ER_PX[[#This Row],[Column2]] -> 859529 | C5: =ER_PX[[#This Row],[Column3]] -> 859529 | D5: =ER_PX[[#This Row],[Column4]] -> 859529 | E5: =ER_PX[[#This Row],[Column5]] -> 861317 | F5: =ER_PX[[#This Row],[Column6]] -> 854425 | G5: =ER_PX[[#This Row],[Column7]] -> 856029 | H5: =ER_PX[[#This Row],[Column8]] -> 862752 | I5: =ER_PX[[#This Row],[Column9]] -> 861378 | J5: =ER_PX[[#This Row],[Column10]] -> 867889 | K5: =ER_PX[[#This Row],[Column11]] -> 868328 | L5: =ER_PX[[#This Row],[Column12]] -> 862159 | M5: =ER_PX[[#This Row],[Column13]] -> 853946 | N5: =ER_PX[[#This Row],[Column14]] -> 854988 | O5: =ER_PX[[#This Row],[Column15]] -> 868092 | P5: =ER_PX[[#This Row],[Column16]] -> 866668 | Q5: =ER_PX[[#This Row],[Column17]] -> 859460 | R5: =ER_PX[[#This Row],[Column18]] -> 848176 | S5: =ER_PX[[#This Row],[Column19]] -> 845405 | T5: =ER_PX[[#This Row],[Column20]] -> 850634 | U5: =ER_PX[[#This Row],[Column21]] -> 868425 | V5: =ER_PX[[#This Row],[Column22]] -> 849701 | W5: =ER_PX[[#This Row],[Column23]] -> 832374 | X5: =ER_PX[[#This Row],[Column24]] -> 862846 | Y5: =ER_PX[[#This Row],[Column25]] -> 838991 | Z5: =ER_PX[[#This Row],[Column26]] -> 872251 | AA5: =ER_PX[[#This Row],[Column27]] -> 859459 | AB5: =ER_PX[[#This Row],[Column28]] -> 854620 | AC5: =ER_PX[[#This Row],[Column29]] -> 856861 | AD5: =ER_PX[[#This Row],[Column30]] -> 847995 | AE5: =ER_PX[[#This Row],[Column31]] -> 843238 | AF5: =ER_PX[[#This Row],[Column32]] -> 834368 | AG5: =ER_PX[[#This Row],[Column33]] -> 837609 | AH5: =ER_PX[[#This Row],[Column34]] -> 861229 | AI5: =ER_PX[[#This Row],[Column35]] -> 858683 | AJ5: =ER_PX[[#This Row],[Column36]] -> 853366 | AK5: =ER_PX[[#This Row],[Column37]] -> 859588 | AL5: =ER_PX[[#This Row],[Column38]] -> 843894 | AM5: =ER_PX[[#This Row],[Column39]] -> 831059 | AN5: =ER_PX[[#This Row],[Column40]] -> 843713 | AO5: =ER_PX[[#This Row],[Column41]] -> 847773 | AP5: =ER_PX[[#This Row],[Column42]] -> 827689 | AQ5: =ER_PX[[#This Row],[Column43]] -> 829459 | AR5: =ER_PX[[#This Row],[Column44]] -> 829459 | AS5: =ER_PX[[#This Row],[Column45]] -> 824649
A6: ='cont list_0'!E9 -> Z26 | B6: =ER_PX[[#This Row],[Column2]] -> 465577 | C6: =ER_PX[[#This Row],[Column3]] -> 465577 | D6: =ER_PX[[#This Row],[Column4]] -> 465577 | E6: =ER_PX[[#This Row],[Column5]] -> 461527 | F6: =ER_PX[[#This Row],[Column6]] -> 451758 | G6: =ER_PX[[#This Row],[Column7]] -> 454172 | H6: =ER_PX[[#This Row],[Column8]] -> 457469 | I6: =ER_PX[[#This Row],[Column9]] -> 459469 | J6: =ER_PX[[#This Row],[Column10]] -> 454157 | K6: =ER_PX[[#This Row],[Column11]] -> 459376 | L6: =ER_PX[[#This Row],[Column12]] -> 450384 | M6: =ER_PX[[#This Row],[Column13]] -> 449210 | N6: =ER_PX[[#This Row],[Column14]] -> 428080 | O6: =ER_PX[[#This Row],[Column15]] -> 429106 | P6: =ER_PX[[#This Row],[Column16]] -> 422692 | Q6: =ER_PX[[#This Row],[Column17]] -> 404888 | R6: =ER_PX[[#This Row],[Column18]] -> 400802 | S6: =ER_PX[[#This Row],[Column19]] -> 395877 | T6: =ER_PX[[#This Row],[Column20]] -> 394558 | U6: =ER_PX[[#This Row],[Column21]] -> 406871 | V6: =ER_PX[[#This Row],[Column22]] -> 409573 | W6: =ER_PX[[#This Row],[Column23]] -> 405044 | X6: =ER_PX[[#This Row],[Column24]] -> 405044 | Y6: =ER_PX[[#This Row],[Column25]] -> 406737 | Z6: =ER_PX[[#This Row],[Column26]] -> 406205 | AA6: =ER_PX[[#This Row],[Column27]] -> 413905 | AB6: =ER_PX[[#This Row],[Column28]] -> 405810 | AC6: =ER_PX[[#This Row],[Column29]] -> 403443 | AD6: =ER_PX[[#This Row],[Column30]] -> 414125 | AE6: =ER_PX[[#This Row],[Column31]] -> 414118 | AF6: =ER_PX[[#This Row],[Column32]] -> 405704 | AG6: =ER_PX[[#This Row],[Column33]] -> 412588 | AH6: =ER_PX[[#This Row],[Column34]] -> 410490 | AI6: =ER_PX[[#This Row],[Column35]] -> 407019 | AJ6: =ER_PX[[#This Row],[Column36]] -> 407406 | AK6: =ER_PX[[#This Row],[Column37]] -> 404279 | AL6: =ER_PX[[#This Row],[Column38]] -> 415522 | AM6: =ER_PX[[#This Row],[Column39]] -> 413742 | AN6: =ER_PX[[#This Row],[Column40]] -> 420197 | AO6: =ER_PX[[#This Row],[Column41]] -> 420257 | AP6: =ER_PX[[#This Row],[Column42]] -> 418177 | AQ6: =ER_PX[[#This Row],[Column43]] -> 418226 | AR6: =ER_PX[[#This Row],[Column44]] -> 418226 | AS6: =ER_PX[[#This Row],[Column45]] -> 426590
A7: ='cont list_0'!E10 -> H27 | B7: =ER_PX[[#This Row],[Column2]] -> 458481 | C7: =ER_PX[[#This Row],[Column3]] -> 458481 | D7: =ER_PX[[#This Row],[Column4]] -> 458481 | E7: =ER_PX[[#This Row],[Column5]] -> 465386 | F7: =ER_PX[[#This Row],[Column6]] -> 468287 | G7: =ER_PX[[#This Row],[Column7]] -> 484802 | H7: =ER_PX[[#This Row],[Column8]] -> 482786 | I7: =ER_PX[[#This Row],[Column9]] -> 483430 | J7: =ER_PX[[#This Row],[Column10]] -> 488567 | K7: =ER_PX[[#This Row],[Column11]] -> 490950 | L7: =ER_PX[[#This Row],[Column12]] -> 477480 | M7: =ER_PX[[#This Row],[Column13]] -> 479357 | N7: =ER_PX[[#This Row],[Column14]] -> 475595 | O7: =ER_PX[[#This Row],[Column15]] -> 478059 | P7: =ER_PX[[#This Row],[Column16]] -> 470771 | Q7: =ER_PX[[#This Row],[Column17]] -> 465539 | R7: =ER_PX[[#This Row],[Column18]] -> 462349 | S7: =ER_PX[[#This Row],[Column19]] -> 454493 | T7: =ER_PX[[#This Row],[Column20]] -> 458541 | U7: =ER_PX[[#This Row],[Column21]] -> 462113 | V7: =ER_PX[[#This Row],[Column22]] -> 458044 | W7: =ER_PX[[#This Row],[Column23]] -> 453883 | X7: =ER_PX[[#This Row],[Column24]] -> 453883 | Y7: =ER_PX[[#This Row],[Column25]] -> 459596 | Z7: =ER_PX[[#This Row],[Column26]] -> 452197 | AA7: =ER_PX[[#This Row],[Column27]] -> 446906 | AB7: =ER_PX[[#This Row],[Column28]] -> 442306 | AC7: =ER_PX[[#This Row],[Column29]] -> 443420 | AD7: =ER_PX[[#This Row],[Column30]] -> 442303 | AE7: =ER_PX[[#This Row],[Column31]] -> 439968 | AF7: =ER_PX[[#This Row],[Column32]] -> 436890 | AG7: =ER_PX[[#This Row],[Column33]] -> 442219 | AH7: =ER_PX[[#This Row],[Column34]] -> 438013 | AI7: =ER_PX[[#This Row],[Column35]] -> 441652 | AJ7: =ER_PX[[#This Row],[Column36]] -> 444876 | AK7: =ER_PX[[#This Row],[Column37]] -> 445954 | AL7: =ER_PX[[#This Row],[Column38]] -> 434936 | AM7: =ER_PX[[#This Row],[Column39]] -> 444461 | AN7: =ER_PX[[#This Row],[Column40]] -> 437668 | AO7: =ER_PX[[#This Row],[Column41]] -> 453047 | AP7: =ER_PX[[#This Row],[Column42]] -> 439031 | AQ7: =ER_PX[[#This Row],[Column43]] -> 438660 | AR7: =ER_PX[[#This Row],[Column44]] -> 438660 | AS7: =ER_PX[[#This Row],[Column45]] -> 430686
A8: ='cont list_0'!E11 -> M27 | B8: =ER_PX[[#This Row],[Column2]] -> 309455 | C8: =ER_PX[[#This Row],[Column3]] -> 309455 | D8: =ER_PX[[#This Row],[Column4]] -> 309455 | E8: =ER_PX[[#This Row],[Column5]] -> 314562 | F8: =ER_PX[[#This Row],[Column6]] -> 318654 | G8: =ER_PX[[#This Row],[Column7]] -> 321778 | H8: =ER_PX[[#This Row],[Column8]] -> 319367 | I8: =ER_PX[[#This Row],[Column9]] -> 320825 | J8: =ER_PX[[#This Row],[Column10]] -> 337575 | K8: =ER_PX[[#This Row],[Column11]] -> 341572 | L8: =ER_PX[[#This Row],[Column12]] -> 332794 | M8: =ER_PX[[#This Row],[Column13]] -> 331212 | N8: =ER_PX[[#This Row],[Column14]] -> 322867 | O8: =ER_PX[[#This Row],[Column15]] -> 322676 | P8: =ER_PX[[#This Row],[Column16]] -> 312689 | Q8: =ER_PX[[#This Row],[Column17]] -> 307411 | R8: =ER_PX[[#This Row],[Column18]] -> 304680 | S8: =ER_PX[[#This Row],[Column19]] -> 310206 | T8: =ER_PX[[#This Row],[Column20]] -> 306890 | U8: =ER_PX[[#This Row],[Column21]] -> 306148 | V8: =ER_PX[[#This Row],[Column22]] -> 303314 | W8: =ER_PX[[#This Row],[Column23]] -> 297305 | X8: =ER_PX[[#This Row],[Column24]] -> 297305 | Y8: =ER_PX[[#This Row],[Column25]] -> 295642 | Z8: =ER_PX[[#This Row],[Column26]] -> 296508 | AA8: =ER_PX[[#This Row],[Column27]] -> 293989 | AB8: =ER_PX[[#This Row],[Column28]] -> 286743 | AC8: =ER_PX[[#This Row],[Column29]] -> 288329 | AD8: =ER_PX[[#This Row],[Column30]] -> 291587 | AE8: =ER_PX[[#This Row],[Column31]] -> 289827 | AF8: =ER_PX[[#This Row],[Column32]] -> 288243 | AG8: =ER_PX[[#This Row],[Column33]] -> 290413 | AH8: =ER_PX[[#This Row],[Column34]] -> 293224 | AI8: =ER_PX[[#This Row],[Column35]] -> 289090 | AJ8: =ER_PX[[#This Row],[Column36]] -> 292731 | AK8: =ER_PX[[#This Row],[Column37]] -> 294701 | AL8: =ER_PX[[#This Row],[Column38]] -> 296938 | AM8: =ER_PX[[#This Row],[Column39]] -> 299892 | AN8: =ER_PX[[#This Row],[Column40]] -> 310545 | AO8: =ER_PX[[#This Row],[Column41]] -> 323736 | AP8: =ER_PX[[#This Row],[Column42]] -> 324890 | AQ8: =ER_PX[[#This Row],[Column43]] -> 324940 | AR8: =ER_PX[[#This Row],[Column44]] -> 324940 | AS8: =ER_PX[[#This Row],[Column45]] -> 323726
A9: ='cont list_0'!E12 -> U27 | B9: =ER_PX[[#This Row],[Column2]] -> 441468 | C9: =ER_PX[[#This Row],[Column3]] -> 441468 | D9: =ER_PX[[#This Row],[Column4]] -> 441468 | E9: =ER_PX[[#This Row],[Column5]] -> 439402 | F9: =ER_PX[[#This Row],[Column6]] -> 430090 | G9: =ER_PX[[#This Row],[Column7]] -> 433057 | H9: =ER_PX[[#This Row],[Column8]] -> 428921 | I9: =ER_PX[[#This Row],[Column9]] -> 429490 | J9: =ER_PX[[#This Row],[Column10]] -> 420562 | K9: =ER_PX[[#This Row],[Column11]] -> 421312 | L9: =ER_PX[[#This Row],[Column12]] -> 424600 | M9: =ER_PX[[#This Row],[Column13]] -> 412326 | N9: =ER_PX[[#This Row],[Column14]] -> 409561 | O9: =ER_PX[[#This Row],[Column15]] -> 409162 | P9: =ER_PX[[#This Row],[Column16]] -> 397930 | Q9: =ER_PX[[#This Row],[Column17]] -> 387142 | R9: =ER_PX[[#This Row],[Column18]] -> 379344 | S9: =ER_PX[[#This Row],[Column19]] -> 379538 | T9: =ER_PX[[#This Row],[Column20]] -> 386598 | U9: =ER_PX[[#This Row],[Column21]] -> 391001 | V9: =ER_PX[[#This Row],[Column22]] -> 380394 | W9: =ER_PX[[#This Row],[Column23]] -> 378538 | X9: =ER_PX[[#This Row],[Column24]] -> 378538 | Y9: =ER_PX[[#This Row],[Column25]] -> 374761 | Z9: =ER_PX[[#This Row],[Column26]] -> 364566 | AA9: =ER_PX[[#This Row],[Column27]] -> 357660 | AB9: =ER_PX[[#This Row],[Column28]] -> 357795 | AC9: =ER_PX[[#This Row],[Column29]] -> 351836 | AD9: =ER_PX[[#This Row],[Column30]] -> 353066 | AE9: =ER_PX[[#This Row],[Column31]] -> 359691 | AF9: =ER_PX[[#This Row],[Column32]] -> 358952 | AG9: =ER_PX[[#This Row],[Column33]] -> 369343 | AH9: =ER_PX[[#This Row],[Column34]] -> 379233 | AI9: =ER_PX[[#This Row],[Column35]] -> 383371 | AJ9: =ER_PX[[#This Row],[Column36]] -> 369866 | AK9: =ER_PX[[#This Row],[Column37]] -> 372096 | AL9: =ER_PX[[#This Row],[Column38]] -> 363423 | AM9: =ER_PX[[#This Row],[Column39]] -> 364100 | AN9: =ER_PX[[#This Row],[Column40]] -> 368532 | AO9: =ER_PX[[#This Row],[Column41]] -> 365211 | AP9: =ER_PX[[#This Row],[Column42]] -> 368232 | AQ9: =ER_PX[[#This Row],[Column43]] -> 368280 | AR9: =ER_PX[[#This Row],[Column44]] -> 368280 | AS9: =ER_PX[[#This Row],[Column45]] -> 359728
A10: ='cont list_0'!E13 -> Z27 | B10: =ER_PX[[#This Row],[Column2]] -> 354367 | C10: =ER_PX[[#This Row],[Column3]] -> 354367 | D10: =ER_PX[[#This Row],[Column4]] -> 354367 | E10: =ER_PX[[#This Row],[Column5]] -> 348298 | F10: =ER_PX[[#This Row],[Column6]] -> 338347 | G10: =ER_PX[[#This Row],[Column7]] -> 345375 | H10: =ER_PX[[#This Row],[Column8]] -> 351709 | I10: =ER_PX[[#This Row],[Column9]] -> 355315 | J10: =ER_PX[[#This Row],[Column10]] -> 352194 | K10: =ER_PX[[#This Row],[Column11]] -> 351366 | L10: =ER_PX[[#This Row],[Column12]] -> 351619 | M10: =ER_PX[[#This Row],[Column13]] -> 355424 | N10: =ER_PX[[#This Row],[Column14]] -> 354304 | O10: =ER_PX[[#This Row],[Column15]] -> 352936 | P10: =ER_PX[[#This Row],[Column16]] -> 348293 | Q10: =ER_PX[[#This Row],[Column17]] -> 341983 | R10: =ER_PX[[#This Row],[Column18]] -> 339526 | S10: =ER_PX[[#This Row],[Column19]] -> 338464 | T10: =ER_PX[[#This Row],[Column20]] -> 344811 | U10: =ER_PX[[#This Row],[Column21]] -> 347353 | V10: =ER_PX[[#This Row],[Column22]] -> 338502 | W10: =ER_PX[[#This Row],[Column23]] -> 330751 | X10: =ER_PX[[#This Row],[Column24]] -> 330751 | Y10: =ER_PX[[#This Row],[Column25]] -> 322831 | Z10: =ER_PX[[#This Row],[Column26]] -> 303705 | AA10: =ER_PX[[#This Row],[Column27]] -> 301013 | AB10: =ER_PX[[#This Row],[Column28]] -> 302213 | AC10: =ER_PX[[#This Row],[Column29]] -> 298882 | AD10: =ER_PX[[#This Row],[Column30]] -> 292295 | AE10: =ER_PX[[#This Row],[Column31]] -> 295686 | AF10: =ER_PX[[#This Row],[Column32]] -> 295738 | AG10: =ER_PX[[#This Row],[Column33]] -> 298732 | AH10: =ER_PX[[#This Row],[Column34]] -> 297183 | AI10: =ER_PX[[#This Row],[Column35]] -> 302663 | AJ10: =ER_PX[[#This Row],[Column36]] -> 304180 | AK10: =ER_PX[[#This Row],[Column37]] -> 303834 | AL10: =ER_PX[[#This Row],[Column38]] -> 305603 | AM10: =ER_PX[[#This Row],[Column39]] -> 299877 | AN10: =ER_PX[[#This Row],[Column40]] -> 297713 | AO10: =ER_PX[[#This Row],[Column41]] -> 301457 | AP10: =ER_PX[[#This Row],[Column42]] -> 304359 | AQ10: =ER_PX[[#This Row],[Column43]] -> 304359 | AR10: =ER_PX[[#This Row],[Column44]] -> 304359 | AS10: =ER_PX[[#This Row],[Column45]] -> 284894
A11: ='cont list_0'!E14 -> H28 | B11: =ER_PX[[#This Row],[Column2]] -> 229196 | C11: =ER_PX[[#This Row],[Column3]] -> 229196 | D11: =ER_PX[[#This Row],[Column4]] -> 229196 | E11: =ER_PX[[#This Row],[Column5]] -> 226683 | F11: =ER_PX[[#This Row],[Column6]] -> 216414 | G11: =ER_PX[[#This Row],[Column7]] -> 218097 | H11: =ER_PX[[#This Row],[Column8]] -> 218347 | I11: =ER_PX[[#This Row],[Column9]] -> 222878 | J11: =ER_PX[[#This Row],[Column10]] -> 217378 | K11: =ER_PX[[#This Row],[Column11]] -> 221804 | L11: =ER_PX[[#This Row],[Column12]] -> 219082 | M11: =ER_PX[[#This Row],[Column13]] -> 218255 | N11: =ER_PX[[#This Row],[Column14]] -> 216270 | O11: =ER_PX[[#This Row],[Column15]] -> 216609 | P11: =ER_PX[[#This Row],[Column16]] -> 213531 | Q11: =ER_PX[[#This Row],[Column17]] -> 212504 | R11: =ER_PX[[#This Row],[Column18]] -> 211714 | S11: =ER_PX[[#This Row],[Column19]] -> 209980 | T11: =ER_PX[[#This Row],[Column20]] -> 207078 | U11: =ER_PX[[#This Row],[Column21]] -> 202473 | V11: =ER_PX[[#This Row],[Column22]] -> 196638 | W11: =ER_PX[[#This Row],[Column23]] -> 195452 | X11: =ER_PX[[#This Row],[Column24]] -> 195452 | Y11: =ER_PX[[#This Row],[Column25]] -> 193137 | Z11: =ER_PX[[#This Row],[Column26]] -> 189884 | AA11: =ER_PX[[#This Row],[Column27]] -> 189984 | AB11: =ER_PX[[#This Row],[Column28]] -> 193093 | AC11: =ER_PX[[#This Row],[Column29]] -> 189211 | AD11: =ER_PX[[#This Row],[Column30]] -> 190183 | AE11: =ER_PX[[#This Row],[Column31]] -> 188209 | AF11: =ER_PX[[#This Row],[Column32]] -> 196771 | AG11: =ER_PX[[#This Row],[Column33]] -> 197691 | AH11: =ER_PX[[#This Row],[Column34]] -> 196402 | AI11: =ER_PX[[#This Row],[Column35]] -> 197278 | AJ11: =ER_PX[[#This Row],[Column36]] -> 197993 | AK11: =ER_PX[[#This Row],[Column37]] -> 209969 | AL11: =ER_PX[[#This Row],[Column38]] -> 207279 | AM11: =ER_PX[[#This Row],[Column39]] -> 209784 | AN11: =ER_PX[[#This Row],[Column40]] -> 215685 | AO11: =ER_PX[[#This Row],[Column41]] -> 216961 | AP11: =ER_PX[[#This Row],[Column42]] -> 216907 | AQ11: =ER_PX[[#This Row],[Column43]] -> 216909 | AR11: =ER_PX[[#This Row],[Column44]] -> 216909 | AS11: =ER_PX[[#This Row],[Column45]] -> 201467
A12: ='cont list_0'!E15 -> M28 | B12: =ER_PX[[#This Row],[Column2]] -> 175101 | C12: =ER_PX[[#This Row],[Column3]] -> 175101 | D12: =ER_PX[[#This Row],[Column4]] -> 175101 | E12: =ER_PX[[#This Row],[Column5]] -> 177587 | F12: =ER_PX[[#This Row],[Column6]] -> 178357 | G12: =ER_PX[[#This Row],[Column7]] -> 185330 | H12: =ER_PX[[#This Row],[Column8]] -> 184401 | I12: =ER_PX[[#This Row],[Column9]] -> 185973 | J12: =ER_PX[[#This Row],[Column10]] -> 182177 | K12: =ER_PX[[#This Row],[Column11]] -> 187594 | L12: =ER_PX[[#This Row],[Column12]] -> 184940 | M12: =ER_PX[[#This Row],[Column13]] -> 183425 | N12: =ER_PX[[#This Row],[Column14]] -> 178351 | O12: =ER_PX[[#This Row],[Column15]] -> 178340 | P12: =ER_PX[[#This Row],[Column16]] -> 179707 | Q12: =ER_PX[[#This Row],[Column17]] -> 182433 | R12: =ER_PX[[#This Row],[Column18]] -> 181055 | S12: =ER_PX[[#This Row],[Column19]] -> 179317 | T12: =ER_PX[[#This Row],[Column20]] -> 179723 | U12: =ER_PX[[#This Row],[Column21]] -> 177974 | V12: =ER_PX[[#This Row],[Column22]] -> 177209 | W12: =ER_PX[[#This Row],[Column23]] -> 175449 | X12: =ER_PX[[#This Row],[Column24]] -> 175449 | Y12: =ER_PX[[#This Row],[Column25]] -> 173237 | Z12: =ER_PX[[#This Row],[Column26]] -> 174150 | AA12: =ER_PX[[#This Row],[Column27]] -> 173230 | AB12: =ER_PX[[#This Row],[Column28]] -> 173013 | AC12: =ER_PX[[#This Row],[Column29]] -> 172447 | AD12: =ER_PX[[#This Row],[Column30]] -> 172048 | AE12: =ER_PX[[#This Row],[Column31]] -> 169684 | AF12: =ER_PX[[#This Row],[Column32]] -> 170064 | AG12: =ER_PX[[#This Row],[Column33]] -> 169502 | AH12: =ER_PX[[#This Row],[Column34]] -> 167168 | AI12: =ER_PX[[#This Row],[Column35]] -> 164875 | AJ12: =ER_PX[[#This Row],[Column36]] -> 163111 | AK12: =ER_PX[[#This Row],[Column37]] -> 159939 | AL12: =ER_PX[[#This Row],[Column38]] -> 161254 | AM12: =ER_PX[[#This Row],[Column39]] -> 159576 | AN12: =ER_PX[[#This Row],[Column40]] -> 156859 | AO12: =ER_PX[[#This Row],[Column41]] -> 158940 | AP12: =ER_PX[[#This Row],[Column42]] -> 159976 | AQ12: =ER_PX[[#This Row],[Column43]] -> 159976 | AR12: =ER_PX[[#This Row],[Column44]] -> 159976 | AS12: =ER_PX[[#This Row],[Column45]] -> 158951
A13: ='cont list_0'!E16 -> U28 | B13: =ER_PX[[#This Row],[Column2]] -> 194026 | C13: =ER_PX[[#This Row],[Column3]] -> 194026 | D13: =ER_PX[[#This Row],[Column4]] -> 194026 | E13: =ER_PX[[#This Row],[Column5]] -> 197005 | F13: =ER_PX[[#This Row],[Column6]] -> 196469 | G13: =ER_PX[[#This Row],[Column7]] -> 195393 | H13: =ER_PX[[#This Row],[Column8]] -> 196840 | I13: =ER_PX[[#This Row],[Column9]] -> 196889 | J13: =ER_PX[[#This Row],[Column10]] -> 196812 | K13: =ER_PX[[#This Row],[Column11]] -> 198187 | L13: =ER_PX[[#This Row],[Column12]] -> 191798 | M13: =ER_PX[[#This Row],[Column13]] -> 191833 | N13: =ER_PX[[#This Row],[Column14]] -> 187225 | O13: =ER_PX[[#This Row],[Column15]] -> 186713 | P13: =ER_PX[[#This Row],[Column16]] -> 188313 | Q13: =ER_PX[[#This Row],[Column17]] -> 187626 | R13: =ER_PX[[#This Row],[Column18]] -> 181540 | S13: =ER_PX[[#This Row],[Column19]] -> 182696 | T13: =ER_PX[[#This Row],[Column20]] -> 180903 | U13: =ER_PX[[#This Row],[Column21]] -> 176484 | V13: =ER_PX[[#This Row],[Column22]] -> 172712 | W13: =ER_PX[[#This Row],[Column23]] -> 174053 | X13: =ER_PX[[#This Row],[Column24]] -> 174053 | Y13: =ER_PX[[#This Row],[Column25]] -> 174913 | Z13: =ER_PX[[#This Row],[Column26]] -> 175310 | AA13: =ER_PX[[#This Row],[Column27]] -> 174714 | AB13: =ER_PX[[#This Row],[Column28]] -> 174596 | AC13: =ER_PX[[#This Row],[Column29]] -> 171813 | AD13: =ER_PX[[#This Row],[Column30]] -> 172560 | AE13: =ER_PX[[#This Row],[Column31]] -> 169873 | AF13: =ER_PX[[#This Row],[Column32]] -> 171537 | AG13: =ER_PX[[#This Row],[Column33]] -> 174212 | AH13: =ER_PX[[#This Row],[Column34]] -> 173070 | AI13: =ER_PX[[#This Row],[Column35]] -> 173756 | AJ13: =ER_PX[[#This Row],[Column36]] -> 174189 | AK13: =ER_PX[[#This Row],[Column37]] -> 177084 | AL13: =ER_PX[[#This Row],[Column38]] -> 176229 | AM13: =ER_PX[[#This Row],[Column39]] -> 172895 | AN13: =ER_PX[[#This Row],[Column40]] -> 170387 | AO13: =ER_PX[[#This Row],[Column41]] -> 170330 | AP13: =ER_PX[[#This Row],[Column42]] -> 168904 | AQ13: =ER_PX[[#This Row],[Column43]] -> 168904 | AR13: =ER_PX[[#This Row],[Column44]] -> 168904 | AS13: =ER_PX[[#This Row],[Column45]] -> 167499
A14: ='cont list_0'!E17 -> Z28 | B14: =ER_PX[[#This Row],[Column2]] -> 168270 | C14: =ER_PX[[#This Row],[Column3]] -> 168270 | D14: =ER_PX[[#This Row],[Column4]] -> 168270 | E14: =ER_PX[[#This Row],[Column5]] -> 168554 | F14: =ER_PX[[#This Row],[Column6]] -> 167997 | G14: =ER_PX[[#This Row],[Column7]] -> 167884 | H14: =ER_PX[[#This Row],[Column8]] -> 165339 | I14: =ER_PX[[#This Row],[Column9]] -> 167140 | J14: =ER_PX[[#This Row],[Column10]] -> 168781 | K14: =ER_PX[[#This Row],[Column11]] -> 169496 | L14: =ER_PX[[#This Row],[Column12]] -> 164973 | M14: =ER_PX[[#This Row],[Column13]] -> 166174 | N14: =ER_PX[[#This Row],[Column14]] -> 163878 | O14: =ER_PX[[#This Row],[Column15]] -> 160778 | P14: =ER_PX[[#This Row],[Column16]] -> 158303 | Q14: =ER_PX[[#This Row],[Column17]] -> 158998 | R14: =ER_PX[[#This Row],[Column18]] -> 158108 | S14: =ER_PX[[#This Row],[Column19]] -> 159393 | T14: =ER_PX[[#This Row],[Column20]] -> 156486 | U14: =ER_PX[[#This Row],[Column21]] -> 151421 | V14: =ER_PX[[#This Row],[Column22]] -> 150480 | W14: =ER_PX[[#This Row],[Column23]] -> 149907 | X14: =ER_PX[[#This Row],[Column24]] -> 149907 | Y14: =ER_PX[[#This Row],[Column25]] -> 149649 | Z14: =ER_PX[[#This Row],[Column26]] -> 141233 | AA14: =ER_PX[[#This Row],[Column27]] -> 141740 | AB14: =ER_PX[[#This Row],[Column28]] -> 140535 | AC14: =ER_PX[[#This Row],[Column29]] -> 138414 | AD14: =ER_PX[[#This Row],[Column30]] -> 139382 | AE14: =ER_PX[[#This Row],[Column31]] -> 137981 | AF14: =ER_PX[[#This Row],[Column32]] -> 138670 | AG14: =ER_PX[[#This Row],[Column33]] -> 138529 | AH14: =ER_PX[[#This Row],[Column34]] -> 137190 | AI14: =ER_PX[[#This Row],[Column35]] -> 137438 | AJ14: =ER_PX[[#This Row],[Column36]] -> 137700 | AK14: =ER_PX[[#This Row],[Column37]] -> 134038 | AL14: =ER_PX[[#This Row],[Column38]] -> 135909 | AM14: =ER_PX[[#This Row],[Column39]] -> 138341 | AN14: =ER_PX[[#This Row],[Column40]] -> 137387 | AO14: =ER_PX[[#This Row],[Column41]] -> 130244 | AP14: =ER_PX[[#This Row],[Column42]] -> 133689 | AQ14: =ER_PX[[#This Row],[Column43]] -> 133689 | AR14: =ER_PX[[#This Row],[Column44]] -> 133689 | AS14: =ER_PX[[#This Row],[Column45]] -> 126755
... A26: ='cont list_0'!E29 -> Z31 | B26: =ER_PX[[#This Row],[Column2]] -> 2 | C26: =ER_PX[[#This Row],[Column3]] -> 2 | D26: =ER_PX[[#This Row],[Column4]] -> 2 | E26: =ER_PX[[#This Row],[Column5]] -> 2 | F26: =ER_PX[[#This Row],[Column6]] -> 2 | G26: =ER_PX[[#This Row],[Column7]] -> 2 | H26: =ER_PX[[#This Row],[Column8]] -> 2 | I26: =ER_PX[[#This Row],[Column9]] -> 2 | J26: =ER_PX[[#This Row],[Column10]] -> 2 | K26: =ER_PX[[#This Row],[Column11]] -> 2 | L26: =ER_PX[[#This Row],[Column12]] -> 2 | M26: =ER_PX[[#This Row],[Column13]] -> 2 | N26: =ER_PX[[#This Row],[Column14]] -> 2 | O26: =ER_PX[[#This Row],[Column15]] -> 2 | P26: =ER_PX[[#This Row],[Column16]] -> 2 | Q26: =ER_PX[[#This Row],[Column17]] -> 2 | R26: =ER_PX[[#This Row],[Column18]] -> 2 | S26: =ER_PX[[#This Row],[Column19]] -> 2 | T26: =ER_PX[[#This Row],[Column20]] -> 2 | U26: =ER_PX[[#This Row],[Column21]] -> 2 | V26: =ER_PX[[#This Row],[Column22]] -> 2 | W26: =ER_PX[[#This Row],[Column23]] -> 2 | X26: =ER_PX[[#This Row],[Column24]] -> 2 | Y26: =ER_PX[[#This Row],[Column25]] -> 2 | Z26: =ER_PX[[#This Row],[Column26]] -> 2 | AA26: =ER_PX[[#This Row],[Column27]] -> 2 | AB26: =ER_PX[[#This Row],[Column28]] -> 2 | AC26: =ER_PX[[#This Row],[Column29]] -> 2 | AD26: =ER_PX[[#This Row],[Column30]] -> 2 | AE26: =ER_PX[[#This Row],[Column31]] -> 2 | AF26: =ER_PX[[#This Row],[Column32]] -> 2 | AG26: =ER_PX[[#This Row],[Column33]] -> 2 | AH26: =ER_PX[[#This Row],[Column34]] -> 2 | AI26: =ER_PX[[#This Row],[Column35]] -> 2 | AJ26: =ER_PX[[#This Row],[Column36]] -> 2 | AK26: =ER_PX[[#This Row],[Column37]] -> 2 | AL26: =ER_PX[[#This Row],[Column38]] -> 2 | AM26: =ER_PX[[#This Row],[Column39]] -> 2 | AN26: =ER_PX[[#This Row],[Column40]] -> 2 | AO26: =ER_PX[[#This Row],[Column41]] -> 2 | AP26: =ER_PX[[#This Row],[Column42]] -> 2 | AQ26: =ER_PX[[#This Row],[Column43]] -> 2 | AR26: =ER_PX[[#This Row],[Column44]] -> 2 | AS26: =ER_PX[[#This Row],[Column45]] -> 2

Sheet SONIA
A2: =SONIA_PX[[#This Row],[Column1]] -> Dates | B2: =SONIA_PX[[#This Row],[Column2]] -> 46174 | C2: =SONIA_PX[[#This Row],[Column3]] -> 46171 | D2: =SONIA_PX[[#This Row],[Column4]] -> 46170 | E2: =SONIA_PX[[#This Row],[Column5]] -> 46169 | F2: =SONIA_PX[[#This Row],[Column6]] -> 46168 | G2: =SONIA_PX[[#This Row],[Column7]] -> 46167 | H2: =SONIA_PX[[#This Row],[Column8]] -> 46164 | I2: =SONIA_PX[[#This Row],[Column9]] -> 46163 | J2: =SONIA_PX[[#This Row],[Column10]] -> 46162 | K2: =SONIA_PX[[#This Row],[Column11]] -> 46161 | L2: =SONIA_PX[[#This Row],[Column12]] -> 46160 | M2: =SONIA_PX[[#This Row],[Column13]] -> 46157 | N2: =SONIA_PX[[#This Row],[Column14]] -> 46156 | O2: =SONIA_PX[[#This Row],[Column15]] -> 46155 | P2: =SONIA_PX[[#This Row],[Column16]] -> 46154 | Q2: =SONIA_PX[[#This Row],[Column17]] -> 46153 | R2: =SONIA_PX[[#This Row],[Column18]] -> 46150 | S2: =SONIA_PX[[#This Row],[Column19]] -> 46149 | T2: =SONIA_PX[[#This Row],[Column20]] -> 46148 | U2: =SONIA_PX[[#This Row],[Column21]] -> 46147 | V2: =SONIA_PX[[#This Row],[Column22]] -> 46146 | W2: =SONIA_PX[[#This Row],[Column23]] -> 46143 | X2: =SONIA_PX[[#This Row],[Column24]] -> 46142 | Y2: =SONIA_PX[[#This Row],[Column25]] -> 46141 | Z2: =SONIA_PX[[#This Row],[Column26]] -> 46140 | AA2: =SONIA_PX[[#This Row],[Column27]] -> 46139 | AB2: =SONIA_PX[[#This Row],[Column28]] -> 46136 | AC2: =SONIA_PX[[#This Row],[Column29]] -> 46135 | AD2: =SONIA_PX[[#This Row],[Column30]] -> 46134 | AE2: =SONIA_PX[[#This Row],[Column31]] -> 46133 | AF2: =SONIA_PX[[#This Row],[Column32]] -> 46132 | AG2: =SONIA_PX[[#This Row],[Column33]] -> 46129 | AH2: =SONIA_PX[[#This Row],[Column34]] -> 46128 | AI2: =SONIA_PX[[#This Row],[Column35]] -> 46127 | AJ2: =SONIA_PX[[#This Row],[Column36]] -> 46126 | AK2: =SONIA_PX[[#This Row],[Column37]] -> 46125 | AL2: =SONIA_PX[[#This Row],[Column38]] -> 46122 | AM2: =SONIA_PX[[#This Row],[Column39]] -> 46121 | AN2: =SONIA_PX[[#This Row],[Column40]] -> 46120 | AO2: =SONIA_PX[[#This Row],[Column41]] -> 46119 | AP2: =SONIA_PX[[#This Row],[Column42]] -> 46118 | AQ2: =SONIA_PX[[#This Row],[Column43]] -> 46115 | AR2: =SONIA_PX[[#This Row],[Column44]] -> 46114 | AS2: =SONIA_PX[[#This Row],[Column45]] -> 46113 | AT2: =SONIA_PX[[#This Row],[Column1]] -> Dates | AU2: =SONIA_PX[[#This Row],[Column2]] -> 46174 | AV2: =SONIA_PX[[#This Row],[Column3]] -> 46171 | AW2: =SONIA_PX[[#This Row],[Column4]] -> 46170 | AX2: =SONIA_PX[[#This Row],[Column5]] -> 46169 | AY2: =SONIA_PX[[#This Row],[Column6]] -> 46168 | AZ2: =SONIA_PX[[#This Row],[Column7]] -> 46167 | BA2: =SONIA_PX[[#This Row],[Column8]] -> 46164 | BB2: =SONIA_PX[[#This Row],[Column9]] -> 46163 | BC2: =SONIA_PX[[#This Row],[Column10]] -> 46162 | BD2: =SONIA_PX[[#This Row],[Column11]] -> 46161 | BE2: =SONIA_PX[[#This Row],[Column12]] -> 46160 | BF2: =SONIA_PX[[#This Row],[Column13]] -> 46157 | BG2: =SONIA_PX[[#This Row],[Column14]] -> 46156 | BH2: =SONIA_PX[[#This Row],[Column15]] -> 46155 | BI2: =SONIA_PX[[#This Row],[Column16]] -> 46154 | BJ2: =SONIA_PX[[#This Row],[Column17]] -> 46153 | BK2: =SONIA_PX[[#This Row],[Column18]] -> 46150 | BL2: =SONIA_PX[[#This Row],[Column19]] -> 46149 | BM2: =SONIA_PX[[#This Row],[Column20]] -> 46148 | BN2: =SONIA_PX[[#This Row],[Column21]] -> 46147 | BO2: =SONIA_PX[[#This Row],[Column22]] -> 46146 | BP2: =SONIA_PX[[#This Row],[Column23]] -> 46143 | BQ2: =SONIA_PX[[#This Row],[Column24]] -> 46142 | BR2: =SONIA_PX[[#This Row],[Column25]] -> 46141 | BS2: =SONIA_PX[[#This Row],[Column26]] -> 46140 | BT2: =SONIA_PX[[#This Row],[Column27]] -> 46139 | BU2: =SONIA_PX[[#This Row],[Column28]] -> 46136 | BV2: =SONIA_PX[[#This Row],[Column29]] -> 46135 | BW2: =SONIA_PX[[#This Row],[Column30]] -> 46134 | BX2: =SONIA_PX[[#This Row],[Column31]] -> 46133 | BY2: =SONIA_PX[[#This Row],[Column32]] -> 46132 | BZ2: =SONIA_PX[[#This Row],[Column33]] -> 46129 | CA2: =SONIA_PX[[#This Row],[Column34]] -> 46128 | CB2: =SONIA_PX[[#This Row],[Column35]] -> 46127 | CC2: =SONIA_PX[[#This Row],[Column36]] -> 46126 | CD2: =SONIA_PX[[#This Row],[Column37]] -> 46125 | CE2: =SONIA_PX[[#This Row],[Column38]] -> 46122 | CF2: =SONIA_PX[[#This Row],[Column39]] -> 46121 | CG2: =SONIA_PX[[#This Row],[Column40]] -> 46120 | CH2: =SONIA_PX[[#This Row],[Column41]] -> 46119 | CI2: =SONIA_PX[[#This Row],[Column42]] -> 46118 | CJ2: =SONIA_PX[[#This Row],[Column43]] -> 46115 | CK2: =SONIA_PX[[#This Row],[Column44]] -> 46114 | CL2: =SONIA_PX[[#This Row],[Column45]] -> 46113
A3: ='cont list_0'!I6 -> H26 | B3: =SONIA_PX[[#This Row],[Column2]] -> 392396 | C3: =SONIA_PX[[#This Row],[Column3]] -> 392396 | D3: =SONIA_PX[[#This Row],[Column4]] -> 392396 | E3: =SONIA_PX[[#This Row],[Column5]] -> 392598 | F3: =SONIA_PX[[#This Row],[Column6]] -> 392436 | G3: =SONIA_PX[[#This Row],[Column7]] -> 390976 | H3: =SONIA_PX[[#This Row],[Column8]] -> 390976 | I3: =SONIA_PX[[#This Row],[Column9]] -> 390278 | J3: =SONIA_PX[[#This Row],[Column10]] -> 390272 | K3: =SONIA_PX[[#This Row],[Column11]] -> 390530 | L3: =SONIA_PX[[#This Row],[Column12]] -> 400839 | M3: =SONIA_PX[[#This Row],[Column13]] -> 401056 | N3: =SONIA_PX[[#This Row],[Column14]] -> 402139 | O3: =SONIA_PX[[#This Row],[Column15]] -> 402263 | P3: =SONIA_PX[[#This Row],[Column16]] -> 403453 | Q3: =SONIA_PX[[#This Row],[Column17]] -> 403530 | R3: =SONIA_PX[[#This Row],[Column18]] -> 403341 | S3: =SONIA_PX[[#This Row],[Column19]] -> 405003 | T3: =SONIA_PX[[#This Row],[Column20]] -> 404725 | U3: =SONIA_PX[[#This Row],[Column21]] -> 406233 | V3: =SONIA_PX[[#This Row],[Column22]] -> 406109 | W3: =SONIA_PX[[#This Row],[Column23]] -> 406109 | X3: =SONIA_PX[[#This Row],[Column24]] -> 412512 | Y3: =SONIA_PX[[#This Row],[Column25]] -> 410479 | Z3: =SONIA_PX[[#This Row],[Column26]] -> 419333 | AA3: =SONIA_PX[[#This Row],[Column27]] -> 415579 | AB3: =SONIA_PX[[#This Row],[Column28]] -> 416518 | AC3: =SONIA_PX[[#This Row],[Column29]] -> 421784 | AD3: =SONIA_PX[[#This Row],[Column30]] -> 421199 | AE3: =SONIA_PX[[#This Row],[Column31]] -> 411217 | AF3: =SONIA_PX[[#This Row],[Column32]] -> 408590 | AG3: =SONIA_PX[[#This Row],[Column33]] -> 406586 | AH3: =SONIA_PX[[#This Row],[Column34]] -> 408260 | AI3: =SONIA_PX[[#This Row],[Column35]] -> 409102 | AJ3: =SONIA_PX[[#This Row],[Column36]] -> 414161 | AK3: =SONIA_PX[[#This Row],[Column37]] -> 409985 | AL3: =SONIA_PX[[#This Row],[Column38]] -> 400029 | AM3: =SONIA_PX[[#This Row],[Column39]] -> 397412 | AN3: =SONIA_PX[[#This Row],[Column40]] -> 376729 | AO3: =SONIA_PX[[#This Row],[Column41]] -> 375243 | AP3: =SONIA_PX[[#This Row],[Column42]] -> 381825 | AQ3: =SONIA_PX[[#This Row],[Column43]] -> 381825 | AR3: =SONIA_PX[[#This Row],[Column44]] -> 381825 | AS3: =SONIA_PX[[#This Row],[Column45]] -> 378154 | AT3: =SONIA_PX[[#This Row],[Column1]] -> SFI1 Comdty | AU3: =SONIA_PX[[#This Row],[Column2]] -> 392396 | AV3: =SONIA_PX[[#This Row],[Column3]] -> 392396 | AW3: =SONIA_PX[[#This Row],[Column4]] -> 392396 | AX3: =SONIA_PX[[#This Row],[Column5]] -> 392598 | AY3: =SONIA_PX[[#This Row],[Column6]] -> 392436 | AZ3: =SONIA_PX[[#This Row],[Column7]] -> 390976 | BA3: =SONIA_PX[[#This Row],[Column8]] -> 390976 | BB3: =SONIA_PX[[#This Row],[Column9]] -> 390278 | BC3: =SONIA_PX[[#This Row],[Column10]] -> 390272 | BD3: =SONIA_PX[[#This Row],[Column11]] -> 390530 | BE3: =SONIA_PX[[#This Row],[Column12]] -> 400839 | BF3: =SONIA_PX[[#This Row],[Column13]] -> 401056 | BG3: =SONIA_PX[[#This Row],[Column14]] -> 402139 | BH3: =SONIA_PX[[#This Row],[Column15]] -> 402263 | BI3: =SONIA_PX[[#This Row],[Column16]] -> 403453 | BJ3: =SONIA_PX[[#This Row],[Column17]] -> 403530 | BK3: =SONIA_PX[[#This Row],[Column18]] -> 403341 | BL3: =SONIA_PX[[#This Row],[Column19]] -> 405003 | BM3: =SONIA_PX[[#This Row],[Column20]] -> 404725 | BN3: =SONIA_PX[[#This Row],[Column21]] -> 406233 | BO3: =SONIA_PX[[#This Row],[Column22]] -> 406109 | BP3: =SONIA_PX[[#This Row],[Column23]] -> 406109 | BQ3: =SONIA_PX[[#This Row],[Column24]] -> 412512 | BR3: =SONIA_PX[[#This Row],[Column25]] -> 410479 | BS3: =SONIA_PX[[#This Row],[Column26]] -> 419333 | BT3: =SONIA_PX[[#This Row],[Column27]] -> 415579 | BU3: =SONIA_PX[[#This Row],[Column28]] -> 416518 | BV3: =SONIA_PX[[#This Row],[Column29]] -> 421784 | BW3: =SONIA_PX[[#This Row],[Column30]] -> 421199 | BX3: =SONIA_PX[[#This Row],[Column31]] -> 411217 | BY3: =SONIA_PX[[#This Row],[Column32]] -> 408590 | BZ3: =SONIA_PX[[#This Row],[Column33]] -> 406586 | CA3: =SONIA_PX[[#This Row],[Column34]] -> 408260 | CB3: =SONIA_PX[[#This Row],[Column35]] -> 409102 | CC3: =SONIA_PX[[#This Row],[Column36]] -> 414161 | CD3: =SONIA_PX[[#This Row],[Column37]] -> 409985 | CE3: =SONIA_PX[[#This Row],[Column38]] -> 400029 | CF3: =SONIA_PX[[#This Row],[Column39]] -> 397412 | CG3: =SONIA_PX[[#This Row],[Column40]] -> 376729 | CH3: =SONIA_PX[[#This Row],[Column41]] -> 375243 | CI3: =SONIA_PX[[#This Row],[Column42]] -> 381825 | CJ3: =SONIA_PX[[#This Row],[Column43]] -> 381825 | CK3: =SONIA_PX[[#This Row],[Column44]] -> 381825 | CL3: =SONIA_PX[[#This Row],[Column45]] -> 378154
A4: ='cont list_0'!I7 -> M26 | B4: =SONIA_PX[[#This Row],[Column2]] -> 432596 | C4: =SONIA_PX[[#This Row],[Column3]] -> 432596 | D4: =SONIA_PX[[#This Row],[Column4]] -> 432596 | E4: =SONIA_PX[[#This Row],[Column5]] -> 431968 | F4: =SONIA_PX[[#This Row],[Column6]] -> 429167 | G4: =SONIA_PX[[#This Row],[Column7]] -> 425286 | H4: =SONIA_PX[[#This Row],[Column8]] -> 425346 | I4: =SONIA_PX[[#This Row],[Column9]] -> 431174 | J4: =SONIA_PX[[#This Row],[Column10]] -> 451114 | K4: =SONIA_PX[[#This Row],[Column11]] -> 468780 | L4: =SONIA_PX[[#This Row],[Column12]] -> 470546 | M4: =SONIA_PX[[#This Row],[Column13]] -> 480719 | N4: =SONIA_PX[[#This Row],[Column14]] -> 502544 | O4: =SONIA_PX[[#This Row],[Column15]] -> 494831 | P4: =SONIA_PX[[#This Row],[Column16]] -> 500994 | Q4: =SONIA_PX[[#This Row],[Column17]] -> 507046 | R4: =SONIA_PX[[#This Row],[Column18]] -> 504532 | S4: =SONIA_PX[[#This Row],[Column19]] -> 507049 | T4: =SONIA_PX[[#This Row],[Column20]] -> 509283 | U4: =SONIA_PX[[#This Row],[Column21]] -> 508787 | V4: =SONIA_PX[[#This Row],[Column22]] -> 514987 | W4: =SONIA_PX[[#This Row],[Column23]] -> 514987 | X4: =SONIA_PX[[#This Row],[Column24]] -> 509483 | Y4: =SONIA_PX[[#This Row],[Column25]] -> 503894 | Z4: =SONIA_PX[[#This Row],[Column26]] -> 505859 | AA4: =SONIA_PX[[#This Row],[Column27]] -> 509317 | AB4: =SONIA_PX[[#This Row],[Column28]] -> 506991 | AC4: =SONIA_PX[[#This Row],[Column29]] -> 503908 | AD4: =SONIA_PX[[#This Row],[Column30]] -> 500493 | AE4: =SONIA_PX[[#This Row],[Column31]] -> 497654 | AF4: =SONIA_PX[[#This Row],[Column32]] -> 489387 | AG4: =SONIA_PX[[#This Row],[Column33]] -> 485979 | AH4: =SONIA_PX[[#This Row],[Column34]] -> 484735 | AI4: =SONIA_PX[[#This Row],[Column35]] -> 485292 | AJ4: =SONIA_PX[[#This Row],[Column36]] -> 483201 | AK4: =SONIA_PX[[#This Row],[Column37]] -> 490557 | AL4: =SONIA_PX[[#This Row],[Column38]] -> 491247 | AM4: =SONIA_PX[[#This Row],[Column39]] -> 480682 | AN4: =SONIA_PX[[#This Row],[Column40]] -> 478577 | AO4: =SONIA_PX[[#This Row],[Column41]] -> 487077 | AP4: =SONIA_PX[[#This Row],[Column42]] -> 480244 | AQ4: =SONIA_PX[[#This Row],[Column43]] -> 480227 | AR4: =SONIA_PX[[#This Row],[Column44]] -> 480227 | AS4: =SONIA_PX[[#This Row],[Column45]] -> 492897 | AT4: =SONIA_PX[[#This Row],[Column1]] -> SFI2 Comdty | AU4: =SONIA_PX[[#This Row],[Column2]] -> 432596 | AV4: =SONIA_PX[[#This Row],[Column3]] -> 432596 | AW4: =SONIA_PX[[#This Row],[Column4]] -> 432596 | AX4: =SONIA_PX[[#This Row],[Column5]] -> 431968 | AY4: =SONIA_PX[[#This Row],[Column6]] -> 429167 | AZ4: =SONIA_PX[[#This Row],[Column7]] -> 425286 | BA4: =SONIA_PX[[#This Row],[Column8]] -> 425346 | BB4: =SONIA_PX[[#This Row],[Column9]] -> 431174 | BC4: =SONIA_PX[[#This Row],[Column10]] -> 451114 | BD4: =SONIA_PX[[#This Row],[Column11]] -> 468780 | BE4: =SONIA_PX[[#This Row],[Column12]] -> 470546 | BF4: =SONIA_PX[[#This Row],[Column13]] -> 480719 | BG4: =SONIA_PX[[#This Row],[Column14]] -> 502544 | BH4: =SONIA_PX[[#This Row],[Column15]] -> 494831 | BI4: =SONIA_PX[[#This Row],[Column16]] -> 500994 | BJ4: =SONIA_PX[[#This Row],[Column17]] -> 507046 | BK4: =SONIA_PX[[#This Row],[Column18]] -> 504532 | BL4: =SONIA_PX[[#This Row],[Column19]] -> 507049 | BM4: =SONIA_PX[[#This Row],[Column20]] -> 509283 | BN4: =SONIA_PX[[#This Row],[Column21]] -> 508787 | BO4: =SONIA_PX[[#This Row],[Column22]] -> 514987 | BP4: =SONIA_PX[[#This Row],[Column23]] -> 514987 | BQ4: =SONIA_PX[[#This Row],[Column24]] -> 509483 | BR4: =SONIA_PX[[#This Row],[Column25]] -> 503894 | BS4: =SONIA_PX[[#This Row],[Column26]] -> 505859 | BT4: =SONIA_PX[[#This Row],[Column27]] -> 509317 | BU4: =SONIA_PX[[#This Row],[Column28]] -> 506991 | BV4: =SONIA_PX[[#This Row],[Column29]] -> 503908 | BW4: =SONIA_PX[[#This Row],[Column30]] -> 500493 | BX4: =SONIA_PX[[#This Row],[Column31]] -> 497654 | BY4: =SONIA_PX[[#This Row],[Column32]] -> 489387 | BZ4: =SONIA_PX[[#This Row],[Column33]] -> 485979 | CA4: =SONIA_PX[[#This Row],[Column34]] -> 484735 | CB4: =SONIA_PX[[#This Row],[Column35]] -> 485292 | CC4: =SONIA_PX[[#This Row],[Column36]] -> 483201 | CD4: =SONIA_PX[[#This Row],[Column37]] -> 490557 | CE4: =SONIA_PX[[#This Row],[Column38]] -> 491247 | CF4: =SONIA_PX[[#This Row],[Column39]] -> 480682 | CG4: =SONIA_PX[[#This Row],[Column40]] -> 478577 | CH4: =SONIA_PX[[#This Row],[Column41]] -> 487077 | CI4: =SONIA_PX[[#This Row],[Column42]] -> 480244 | CJ4: =SONIA_PX[[#This Row],[Column43]] -> 480227 | CK4: =SONIA_PX[[#This Row],[Column44]] -> 480227 | CL4: =SONIA_PX[[#This Row],[Column45]] -> 492897
A5: ='cont list_0'!I8 -> U26 | B5: =SONIA_PX[[#This Row],[Column2]] -> 448016 | C5: =SONIA_PX[[#This Row],[Column3]] -> 448016 | D5: =SONIA_PX[[#This Row],[Column4]] -> 448016 | E5: =SONIA_PX[[#This Row],[Column5]] -> 442881 | F5: =SONIA_PX[[#This Row],[Column6]] -> 449822 | G5: =SONIA_PX[[#This Row],[Column7]] -> 460364 | H5: =SONIA_PX[[#This Row],[Column8]] -> 460364 | I5: =SONIA_PX[[#This Row],[Column9]] -> 459271 | J5: =SONIA_PX[[#This Row],[Column10]] -> 459008 | K5: =SONIA_PX[[#This Row],[Column11]] -> 454778 | L5: =SONIA_PX[[#This Row],[Column12]] -> 457942 | M5: =SONIA_PX[[#This Row],[Column13]] -> 454505 | N5: =SONIA_PX[[#This Row],[Column14]] -> 453018 | O5: =SONIA_PX[[#This Row],[Column15]] -> 445908 | P5: =SONIA_PX[[#This Row],[Column16]] -> 442437 | Q5: =SONIA_PX[[#This Row],[Column17]] -> 432282 | R5: =SONIA_PX[[#This Row],[Column18]] -> 430426 | S5: =SONIA_PX[[#This Row],[Column19]] -> 433752 | T5: =SONIA_PX[[#This Row],[Column20]] -> 435942 | U5: =SONIA_PX[[#This Row],[Column21]] -> 431822 | V5: =SONIA_PX[[#This Row],[Column22]] -> 428433 | W5: =SONIA_PX[[#This Row],[Column23]] -> 428438 | X5: =SONIA_PX[[#This Row],[Column24]] -> 422641 | Y5: =SONIA_PX[[#This Row],[Column25]] -> 422200 | Z5: =SONIA_PX[[#This Row],[Column26]] -> 424447 | AA5: =SONIA_PX[[#This Row],[Column27]] -> 428726 | AB5: =SONIA_PX[[#This Row],[Column28]] -> 430080 | AC5: =SONIA_PX[[#This Row],[Column29]] -> 424769 | AD5: =SONIA_PX[[#This Row],[Column30]] -> 420023 | AE5: =SONIA_PX[[#This Row],[Column31]] -> 412859 | AF5: =SONIA_PX[[#This Row],[Column32]] -> 407731 | AG5: =SONIA_PX[[#This Row],[Column33]] -> 407016 | AH5: =SONIA_PX[[#This Row],[Column34]] -> 406696 | AI5: =SONIA_PX[[#This Row],[Column35]] -> 397624 | AJ5: =SONIA_PX[[#This Row],[Column36]] -> 399355 | AK5: =SONIA_PX[[#This Row],[Column37]] -> 404256 | AL5: =SONIA_PX[[#This Row],[Column38]] -> 403894 | AM5: =SONIA_PX[[#This Row],[Column39]] -> 403945 | AN5: =SONIA_PX[[#This Row],[Column40]] -> 403163 | AO5: =SONIA_PX[[#This Row],[Column41]] -> 408181 | AP5: =SONIA_PX[[#This Row],[Column42]] -> 411447 | AQ5: =SONIA_PX[[#This Row],[Column43]] -> 411447 | AR5: =SONIA_PX[[#This Row],[Column44]] -> 411447 | AS5: =SONIA_PX[[#This Row],[Column45]] -> 413141 | AT5: =SONIA_PX[[#This Row],[Column1]] -> SFI3 Comdty | AU5: =SONIA_PX[[#This Row],[Column2]] -> 448016 | AV5: =SONIA_PX[[#This Row],[Column3]] -> 448016 | AW5: =SONIA_PX[[#This Row],[Column4]] -> 448016 | AX5: =SONIA_PX[[#This Row],[Column5]] -> 442881 | AY5: =SONIA_PX[[#This Row],[Column6]] -> 449822 | AZ5: =SONIA_PX[[#This Row],[Column7]] -> 460364 | BA5: =SONIA_PX[[#This Row],[Column8]] -> 460364 | BB5: =SONIA_PX[[#This Row],[Column9]] -> 459271 | BC5: =SONIA_PX[[#This Row],[Column10]] -> 459008 | BD5: =SONIA_PX[[#This Row],[Column11]] -> 454778 | BE5: =SONIA_PX[[#This Row],[Column12]] -> 457942 | BF5: =SONIA_PX[[#This Row],[Column13]] -> 454505 | BG5: =SONIA_PX[[#This Row],[Column14]] -> 453018 | BH5: =SONIA_PX[[#This Row],[Column15]] -> 445908 | BI5: =SONIA_PX[[#This Row],[Column16]] -> 442437 | BJ5: =SONIA_PX[[#This Row],[Column17]] -> 432282 | BK5: =SONIA_PX[[#This Row],[Column18]] -> 430426 | BL5: =SONIA_PX[[#This Row],[Column19]] -> 433752 | BM5: =SONIA_PX[[#This Row],[Column20]] -> 435942 | BN5: =SONIA_PX[[#This Row],[Column21]] -> 431822 | BO5: =SONIA_PX[[#This Row],[Column22]] -> 428433 | BP5: =SONIA_PX[[#This Row],[Column23]] -> 428438 | BQ5: =SONIA_PX[[#This Row],[Column24]] -> 422641 | BR5: =SONIA_PX[[#This Row],[Column25]] -> 422200 | BS5: =SONIA_PX[[#This Row],[Column26]] -> 424447 | BT5: =SONIA_PX[[#This Row],[Column27]] -> 428726 | BU5: =SONIA_PX[[#This Row],[Column28]] -> 430080 | BV5: =SONIA_PX[[#This Row],[Column29]] -> 424769 | BW5: =SONIA_PX[[#This Row],[Column30]] -> 420023 | BX5: =SONIA_PX[[#This Row],[Column31]] -> 412859 | BY5: =SONIA_PX[[#This Row],[Column32]] -> 407731 | BZ5: =SONIA_PX[[#This Row],[Column33]] -> 407016 | CA5: =SONIA_PX[[#This Row],[Column34]] -> 406696 | CB5: =SONIA_PX[[#This Row],[Column35]] -> 397624 | CC5: =SONIA_PX[[#This Row],[Column36]] -> 399355 | CD5: =SONIA_PX[[#This Row],[Column37]] -> 404256 | CE5: =SONIA_PX[[#This Row],[Column38]] -> 403894 | CF5: =SONIA_PX[[#This Row],[Column39]] -> 403945 | CG5: =SONIA_PX[[#This Row],[Column40]] -> 403163 | CH5: =SONIA_PX[[#This Row],[Column41]] -> 408181 | CI5: =SONIA_PX[[#This Row],[Column42]] -> 411447 | CJ5: =SONIA_PX[[#This Row],[Column43]] -> 411447 | CK5: =SONIA_PX[[#This Row],[Column44]] -> 411447 | CL5: =SONIA_PX[[#This Row],[Column45]] -> 413141
A6: ='cont list_0'!I9 -> Z26 | B6: =SONIA_PX[[#This Row],[Column2]] -> 505244 | C6: =SONIA_PX[[#This Row],[Column3]] -> 505244 | D6: =SONIA_PX[[#This Row],[Column4]] -> 505244 | E6: =SONIA_PX[[#This Row],[Column5]] -> 506576 | F6: =SONIA_PX[[#This Row],[Column6]] -> 515232 | G6: =SONIA_PX[[#This Row],[Column7]] -> 516770 | H6: =SONIA_PX[[#This Row],[Column8]] -> 516777 | I6: =SONIA_PX[[#This Row],[Column9]] -> 512473 | J6: =SONIA_PX[[#This Row],[Column10]] -> 519766 | K6: =SONIA_PX[[#This Row],[Column11]] -> 517895 | L6: =SONIA_PX[[#This Row],[Column12]] -> 510226 | M6: =SONIA_PX[[#This Row],[Column13]] -> 503585 | N6: =SONIA_PX[[#This Row],[Column14]] -> 508233 | O6: =SONIA_PX[[#This Row],[Column15]] -> 505373 | P6: =SONIA_PX[[#This Row],[Column16]] -> 506147 | Q6: =SONIA_PX[[#This Row],[Column17]] -> 511412 | R6: =SONIA_PX[[#This Row],[Column18]] -> 513731 | S6: =SONIA_PX[[#This Row],[Column19]] -> 516781 | T6: =SONIA_PX[[#This Row],[Column20]] -> 516957 | U6: =SONIA_PX[[#This Row],[Column21]] -> 508318 | V6: =SONIA_PX[[#This Row],[Column22]] -> 518429 | W6: =SONIA_PX[[#This Row],[Column23]] -> 518267 | X6: =SONIA_PX[[#This Row],[Column24]] -> 518598 | Y6: =SONIA_PX[[#This Row],[Column25]] -> 505136 | Z6: =SONIA_PX[[#This Row],[Column26]] -> 519605 | AA6: =SONIA_PX[[#This Row],[Column27]] -> 515229 | AB6: =SONIA_PX[[#This Row],[Column28]] -> 511240 | AC6: =SONIA_PX[[#This Row],[Column29]] -> 518540 | AD6: =SONIA_PX[[#This Row],[Column30]] -> 533845 | AE6: =SONIA_PX[[#This Row],[Column31]] -> 526302 | AF6: =SONIA_PX[[#This Row],[Column32]] -> 516542 | AG6: =SONIA_PX[[#This Row],[Column33]] -> 517013 | AH6: =SONIA_PX[[#This Row],[Column34]] -> 520172 | AI6: =SONIA_PX[[#This Row],[Column35]] -> 525270 | AJ6: =SONIA_PX[[#This Row],[Column36]] -> 524956 | AK6: =SONIA_PX[[#This Row],[Column37]] -> 522347 | AL6: =SONIA_PX[[#This Row],[Column38]] -> 507898 | AM6: =SONIA_PX[[#This Row],[Column39]] -> 508705 | AN6: =SONIA_PX[[#This Row],[Column40]] -> 517904 | AO6: =SONIA_PX[[#This Row],[Column41]] -> 524741 | AP6: =SONIA_PX[[#This Row],[Column42]] -> 523683 | AQ6: =SONIA_PX[[#This Row],[Column43]] -> 524458 | AR6: =SONIA_PX[[#This Row],[Column44]] -> 524458 | AS6: =SONIA_PX[[#This Row],[Column45]] -> 526426 | AT6: =SONIA_PX[[#This Row],[Column1]] -> SFI4 Comdty | AU6: =SONIA_PX[[#This Row],[Column2]] -> 505244 | AV6: =SONIA_PX[[#This Row],[Column3]] -> 505244 | AW6: =SONIA_PX[[#This Row],[Column4]] -> 505244 | AX6: =SONIA_PX[[#This Row],[Column5]] -> 506576 | AY6: =SONIA_PX[[#This Row],[Column6]] -> 515232 | AZ6: =SONIA_PX[[#This Row],[Column7]] -> 516770 | BA6: =SONIA_PX[[#This Row],[Column8]] -> 516777 | BB6: =SONIA_PX[[#This Row],[Column9]] -> 512473 | BC6: =SONIA_PX[[#This Row],[Column10]] -> 519766 | BD6: =SONIA_PX[[#This Row],[Column11]] -> 517895 | BE6: =SONIA_PX[[#This Row],[Column12]] -> 510226 | BF6: =SONIA_PX[[#This Row],[Column13]] -> 503585 | BG6: =SONIA_PX[[#This Row],[Column14]] -> 508233 | BH6: =SONIA_PX[[#This Row],[Column15]] -> 505373 | BI6: =SONIA_PX[[#This Row],[Column16]] -> 506147 | BJ6: =SONIA_PX[[#This Row],[Column17]] -> 511412 | BK6: =SONIA_PX[[#This Row],[Column18]] -> 513731 | BL6: =SONIA_PX[[#This Row],[Column19]] -> 516781 | BM6: =SONIA_PX[[#This Row],[Column20]] -> 516957 | BN6: =SONIA_PX[[#This Row],[Column21]] -> 508318 | BO6: =SONIA_PX[[#This Row],[Column22]] -> 518429 | BP6: =SONIA_PX[[#This Row],[Column23]] -> 518267 | BQ6: =SONIA_PX[[#This Row],[Column24]] -> 518598 | BR6: =SONIA_PX[[#This Row],[Column25]] -> 505136 | BS6: =SONIA_PX[[#This Row],[Column26]] -> 519605 | BT6: =SONIA_PX[[#This Row],[Column27]] -> 515229 | BU6: =SONIA_PX[[#This Row],[Column28]] -> 511240 | BV6: =SONIA_PX[[#This Row],[Column29]] -> 518540 | BW6: =SONIA_PX[[#This Row],[Column30]] -> 533845 | BX6: =SONIA_PX[[#This Row],[Column31]] -> 526302 | BY6: =SONIA_PX[[#This Row],[Column32]] -> 516542 | BZ6: =SONIA_PX[[#This Row],[Column33]] -> 517013 | CA6: =SONIA_PX[[#This Row],[Column34]] -> 520172 | CB6: =SONIA_PX[[#This Row],[Column35]] -> 525270 | CC6: =SONIA_PX[[#This Row],[Column36]] -> 524956 | CD6: =SONIA_PX[[#This Row],[Column37]] -> 522347 | CE6: =SONIA_PX[[#This Row],[Column38]] -> 507898 | CF6: =SONIA_PX[[#This Row],[Column39]] -> 508705 | CG6: =SONIA_PX[[#This Row],[Column40]] -> 517904 | CH6: =SONIA_PX[[#This Row],[Column41]] -> 524741 | CI6: =SONIA_PX[[#This Row],[Column42]] -> 523683 | CJ6: =SONIA_PX[[#This Row],[Column43]] -> 524458 | CK6: =SONIA_PX[[#This Row],[Column44]] -> 524458 | CL6: =SONIA_PX[[#This Row],[Column45]] -> 526426
A7: ='cont list_0'!I10 -> H27 | B7: =SONIA_PX[[#This Row],[Column2]] -> 349392 | C7: =SONIA_PX[[#This Row],[Column3]] -> 349392 | D7: =SONIA_PX[[#This Row],[Column4]] -> 349392 | E7: =SONIA_PX[[#This Row],[Column5]] -> 347785 | F7: =SONIA_PX[[#This Row],[Column6]] -> 349700 | G7: =SONIA_PX[[#This Row],[Column7]] -> 347317 | H7: =SONIA_PX[[#This Row],[Column8]] -> 347326 | I7: =SONIA_PX[[#This Row],[Column9]] -> 342241 | J7: =SONIA_PX[[#This Row],[Column10]] -> 343199 | K7: =SONIA_PX[[#This Row],[Column11]] -> 339082 | L7: =SONIA_PX[[#This Row],[Column12]] -> 335327 | M7: =SONIA_PX[[#This Row],[Column13]] -> 331976 | N7: =SONIA_PX[[#This Row],[Column14]] -> 334480 | O7: =SONIA_PX[[#This Row],[Column15]] -> 335894 | P7: =SONIA_PX[[#This Row],[Column16]] -> 339644 | Q7: =SONIA_PX[[#This Row],[Column17]] -> 338848 | R7: =SONIA_PX[[#This Row],[Column18]] -> 335739 | S7: =SONIA_PX[[#This Row],[Column19]] -> 333591 | T7: =SONIA_PX[[#This Row],[Column20]] -> 333177 | U7: =SONIA_PX[[#This Row],[Column21]] -> 329694 | V7: =SONIA_PX[[#This Row],[Column22]] -> 320822 | W7: =SONIA_PX[[#This Row],[Column23]] -> 320822 | X7: =SONIA_PX[[#This Row],[Column24]] -> 321992 | Y7: =SONIA_PX[[#This Row],[Column25]] -> 320192 | Z7: =SONIA_PX[[#This Row],[Column26]] -> 309999 | AA7: =SONIA_PX[[#This Row],[Column27]] -> 312454 | AB7: =SONIA_PX[[#This Row],[Column28]] -> 316256 | AC7: =SONIA_PX[[#This Row],[Column29]] -> 313300 | AD7: =SONIA_PX[[#This Row],[Column30]] -> 303605 | AE7: =SONIA_PX[[#This Row],[Column31]] -> 299433 | AF7: =SONIA_PX[[#This Row],[Column32]] -> 294896 | AG7: =SONIA_PX[[#This Row],[Column33]] -> 297931 | AH7: =SONIA_PX[[#This Row],[Column34]] -> 299112 | AI7: =SONIA_PX[[#This Row],[Column35]] -> 304080 | AJ7: =SONIA_PX[[#This Row],[Column36]] -> 303285 | AK7: =SONIA_PX[[#This Row],[Column37]] -> 300773 | AL7: =SONIA_PX[[#This Row],[Column38]] -> 298853 | AM7: =SONIA_PX[[#This Row],[Column39]] -> 297739 | AN7: =SONIA_PX[[#This Row],[Column40]] -> 301656 | AO7: =SONIA_PX[[#This Row],[Column41]] -> 303803 | AP7: =SONIA_PX[[#This Row],[Column42]] -> 298710 | AQ7: =SONIA_PX[[#This Row],[Column43]] -> 298687 | AR7: =SONIA_PX[[#This Row],[Column44]] -> 298687 | AS7: =SONIA_PX[[#This Row],[Column45]] -> 294518 | AT7: =SONIA_PX[[#This Row],[Column1]] -> SFI5 Comdty | AU7: =SONIA_PX[[#This Row],[Column2]] -> 349392 | AV7: =SONIA_PX[[#This Row],[Column3]] -> 349392 | AW7: =SONIA_PX[[#This Row],[Column4]] -> 349392 | AX7: =SONIA_PX[[#This Row],[Column5]] -> 347785 | AY7: =SONIA_PX[[#This Row],[Column6]] -> 349700 | AZ7: =SONIA_PX[[#This Row],[Column7]] -> 347317 | BA7: =SONIA_PX[[#This Row],[Column8]] -> 347326 | BB7: =SONIA_PX[[#This Row],[Column9]] -> 342241 | BC7: =SONIA_PX[[#This Row],[Column10]] -> 343199 | BD7: =SONIA_PX[[#This Row],[Column11]] -> 339082 | BE7: =SONIA_PX[[#This Row],[Column12]] -> 335327 | BF7: =SONIA_PX[[#This Row],[Column13]] -> 331976 | BG7: =SONIA_PX[[#This Row],[Column14]] -> 334480 | BH7: =SONIA_PX[[#This Row],[Column15]] -> 335894 | BI7: =SONIA_PX[[#This Row],[Column16]] -> 339644 | BJ7: =SONIA_PX[[#This Row],[Column17]] -> 338848 | BK7: =SONIA_PX[[#This Row],[Column18]] -> 335739 | BL7: =SONIA_PX[[#This Row],[Column19]] -> 333591 | BM7: =SONIA_PX[[#This Row],[Column20]] -> 333177 | BN7: =SONIA_PX[[#This Row],[Column21]] -> 329694 | BO7: =SONIA_PX[[#This Row],[Column22]] -> 320822 | BP7: =SONIA_PX[[#This Row],[Column23]] -> 320822 | BQ7: =SONIA_PX[[#This Row],[Column24]] -> 321992 | BR7: =SONIA_PX[[#This Row],[Column25]] -> 320192 | BS7: =SONIA_PX[[#This Row],[Column26]] -> 309999 | BT7: =SONIA_PX[[#This Row],[Column27]] -> 312454 | BU7: =SONIA_PX[[#This Row],[Column28]] -> 316256 | BV7: =SONIA_PX[[#This Row],[Column29]] -> 313300 | BW7: =SONIA_PX[[#This Row],[Column30]] -> 303605 | BX7: =SONIA_PX[[#This Row],[Column31]] -> 299433 | BY7: =SONIA_PX[[#This Row],[Column32]] -> 294896 | BZ7: =SONIA_PX[[#This Row],[Column33]] -> 297931 | CA7: =SONIA_PX[[#This Row],[Column34]] -> 299112 | CB7: =SONIA_PX[[#This Row],[Column35]] -> 304080 | CC7: =SONIA_PX[[#This Row],[Column36]] -> 303285 | CD7: =SONIA_PX[[#This Row],[Column37]] -> 300773 | CE7: =SONIA_PX[[#This Row],[Column38]] -> 298853 | CF7: =SONIA_PX[[#This Row],[Column39]] -> 297739 | CG7: =SONIA_PX[[#This Row],[Column40]] -> 301656 | CH7: =SONIA_PX[[#This Row],[Column41]] -> 303803 | CI7: =SONIA_PX[[#This Row],[Column42]] -> 298710 | CJ7: =SONIA_PX[[#This Row],[Column43]] -> 298687 | CK7: =SONIA_PX[[#This Row],[Column44]] -> 298687 | CL7: =SONIA_PX[[#This Row],[Column45]] -> 294518
A8: ='cont list_0'!I11 -> M27 | B8: =SONIA_PX[[#This Row],[Column2]] -> 374056 | C8: =SONIA_PX[[#This Row],[Column3]] -> 374056 | D8: =SONIA_PX[[#This Row],[Column4]] -> 374056 | E8: =SONIA_PX[[#This Row],[Column5]] -> 376301 | F8: =SONIA_PX[[#This Row],[Column6]] -> 376255 | G8: =SONIA_PX[[#This Row],[Column7]] -> 379141 | H8: =SONIA_PX[[#This Row],[Column8]] -> 379143 | I8: =SONIA_PX[[#This Row],[Column9]] -> 377293 | J8: =SONIA_PX[[#This Row],[Column10]] -> 375440 | K8: =SONIA_PX[[#This Row],[Column11]] -> 384795 | L8: =SONIA_PX[[#This Row],[Column12]] -> 384962 | M8: =SONIA_PX[[#This Row],[Column13]] -> 385549 | N8: =SONIA_PX[[#This Row],[Column14]] -> 377519 | O8: =SONIA_PX[[#This Row],[Column15]] -> 375217 | P8: =SONIA_PX[[#This Row],[Column16]] -> 371064 | Q8: =SONIA_PX[[#This Row],[Column17]] -> 362997 | R8: =SONIA_PX[[#This Row],[Column18]] -> 356293 | S8: =SONIA_PX[[#This Row],[Column19]] -> 354443 | T8: =SONIA_PX[[#This Row],[Column20]] -> 361574 | U8: =SONIA_PX[[#This Row],[Column21]] -> 358396 | V8: =SONIA_PX[[#This Row],[Column22]] -> 345552 | W8: =SONIA_PX[[#This Row],[Column23]] -> 345552 | X8: =SONIA_PX[[#This Row],[Column24]] -> 345153 | Y8: =SONIA_PX[[#This Row],[Column25]] -> 340909 | Z8: =SONIA_PX[[#This Row],[Column26]] -> 332442 | AA8: =SONIA_PX[[#This Row],[Column27]] -> 326897 | AB8: =SONIA_PX[[#This Row],[Column28]] -> 327173 | AC8: =SONIA_PX[[#This Row],[Column29]] -> 322240 | AD8: =SONIA_PX[[#This Row],[Column30]] -> 323166 | AE8: =SONIA_PX[[#This Row],[Column31]] -> 316991 | AF8: =SONIA_PX[[#This Row],[Column32]] -> 312623 | AG8: =SONIA_PX[[#This Row],[Column33]] -> 311792 | AH8: =SONIA_PX[[#This Row],[Column34]] -> 322216 | AI8: =SONIA_PX[[#This Row],[Column35]] -> 320176 | AJ8: =SONIA_PX[[#This Row],[Column36]] -> 330198 | AK8: =SONIA_PX[[#This Row],[Column37]] -> 331410 | AL8: =SONIA_PX[[#This Row],[Column38]] -> 325706 | AM8: =SONIA_PX[[#This Row],[Column39]] -> 339061 | AN8: =SONIA_PX[[#This Row],[Column40]] -> 336384 | AO8: =SONIA_PX[[#This Row],[Column41]] -> 347876 | AP8: =SONIA_PX[[#This Row],[Column42]] -> 346658 | AQ8: =SONIA_PX[[#This Row],[Column43]] -> 346377 | AR8: =SONIA_PX[[#This Row],[Column44]] -> 346377 | AS8: =SONIA_PX[[#This Row],[Column45]] -> 334567 | AT8: =SONIA_PX[[#This Row],[Column1]] -> SFI6 Comdty | AU8: =SONIA_PX[[#This Row],[Column2]] -> 374056 | AV8: =SONIA_PX[[#This Row],[Column3]] -> 374056 | AW8: =SONIA_PX[[#This Row],[Column4]] -> 374056 | AX8: =SONIA_PX[[#This Row],[Column5]] -> 376301 | AY8: =SONIA_PX[[#This Row],[Column6]] -> 376255 | AZ8: =SONIA_PX[[#This Row],[Column7]] -> 379141 | BA8: =SONIA_PX[[#This Row],[Column8]] -> 379143 | BB8: =SONIA_PX[[#This Row],[Column9]] -> 377293 | BC8: =SONIA_PX[[#This Row],[Column10]] -> 375440 | BD8: =SONIA_PX[[#This Row],[Column11]] -> 384795 | BE8: =SONIA_PX[[#This Row],[Column12]] -> 384962 | BF8: =SONIA_PX[[#This Row],[Column13]] -> 385549 | BG8: =SONIA_PX[[#This Row],[Column14]] -> 377519 | BH8: =SONIA_PX[[#This Row],[Column15]] -> 375217 | BI8: =SONIA_PX[[#This Row],[Column16]] -> 371064 | BJ8: =SONIA_PX[[#This Row],[Column17]] -> 362997 | BK8: =SONIA_PX[[#This Row],[Column18]] -> 356293 | BL8: =SONIA_PX[[#This Row],[Column19]] -> 354443 | BM8: =SONIA_PX[[#This Row],[Column20]] -> 361574 | BN8: =SONIA_PX[[#This Row],[Column21]] -> 358396 | BO8: =SONIA_PX[[#This Row],[Column22]] -> 345552 | BP8: =SONIA_PX[[#This Row],[Column23]] -> 345552 | BQ8: =SONIA_PX[[#This Row],[Column24]] -> 345153 | BR8: =SONIA_PX[[#This Row],[Column25]] -> 340909 | BS8: =SONIA_PX[[#This Row],[Column26]] -> 332442 | BT8: =SONIA_PX[[#This Row],[Column27]] -> 326897 | BU8: =SONIA_PX[[#This Row],[Column28]] -> 327173 | BV8: =SONIA_PX[[#This Row],[Column29]] -> 322240 | BW8: =SONIA_PX[[#This Row],[Column30]] -> 323166 | BX8: =SONIA_PX[[#This Row],[Column31]] -> 316991 | BY8: =SONIA_PX[[#This Row],[Column32]] -> 312623 | BZ8: =SONIA_PX[[#This Row],[Column33]] -> 311792 | CA8: =SONIA_PX[[#This Row],[Column34]] -> 322216 | CB8: =SONIA_PX[[#This Row],[Column35]] -> 320176 | CC8: =SONIA_PX[[#This Row],[Column36]] -> 330198 | CD8: =SONIA_PX[[#This Row],[Column37]] -> 331410 | CE8: =SONIA_PX[[#This Row],[Column38]] -> 325706 | CF8: =SONIA_PX[[#This Row],[Column39]] -> 339061 | CG8: =SONIA_PX[[#This Row],[Column40]] -> 336384 | CH8: =SONIA_PX[[#This Row],[Column41]] -> 347876 | CI8: =SONIA_PX[[#This Row],[Column42]] -> 346658 | CJ8: =SONIA_PX[[#This Row],[Column43]] -> 346377 | CK8: =SONIA_PX[[#This Row],[Column44]] -> 346377 | CL8: =SONIA_PX[[#This Row],[Column45]] -> 334567
A9: ='cont list_0'!I12 -> U27 | B9: =SONIA_PX[[#This Row],[Column2]] -> 181884 | C9: =SONIA_PX[[#This Row],[Column3]] -> 181884 | D9: =SONIA_PX[[#This Row],[Column4]] -> 181884 | E9: =SONIA_PX[[#This Row],[Column5]] -> 182297 | F9: =SONIA_PX[[#This Row],[Column6]] -> 182257 | G9: =SONIA_PX[[#This Row],[Column7]] -> 181153 | H9: =SONIA_PX[[#This Row],[Column8]] -> 181153 | I9: =SONIA_PX[[#This Row],[Column9]] -> 178529 | J9: =SONIA_PX[[#This Row],[Column10]] -> 179098 | K9: =SONIA_PX[[#This Row],[Column11]] -> 180286 | L9: =SONIA_PX[[#This Row],[Column12]] -> 177198 | M9: =SONIA_PX[[#This Row],[Column13]] -> 172629 | N9: =SONIA_PX[[#This Row],[Column14]] -> 172117 | O9: =SONIA_PX[[#This Row],[Column15]] -> 175262 | P9: =SONIA_PX[[#This Row],[Column16]] -> 175176 | Q9: =SONIA_PX[[#This Row],[Column17]] -> 171152 | R9: =SONIA_PX[[#This Row],[Column18]] -> 168890 | S9: =SONIA_PX[[#This Row],[Column19]] -> 167280 | T9: =SONIA_PX[[#This Row],[Column20]] -> 164959 | U9: =SONIA_PX[[#This Row],[Column21]] -> 165241 | V9: =SONIA_PX[[#This Row],[Column22]] -> 159953 | W9: =SONIA_PX[[#This Row],[Column23]] -> 159953 | X9: =SONIA_PX[[#This Row],[Column24]] -> 161825 | Y9: =SONIA_PX[[#This Row],[Column25]] -> 158592 | Z9: =SONIA_PX[[#This Row],[Column26]] -> 152250 | AA9: =SONIA_PX[[#This Row],[Column27]] -> 151797 | AB9: =SONIA_PX[[#This Row],[Column28]] -> 150324 | AC9: =SONIA_PX[[#This Row],[Column29]] -> 147726 | AD9: =SONIA_PX[[#This Row],[Column30]] -> 146682 | AE9: =SONIA_PX[[#This Row],[Column31]] -> 146714 | AF9: =SONIA_PX[[#This Row],[Column32]] -> 147153 | AG9: =SONIA_PX[[#This Row],[Column33]] -> 140910 | AH9: =SONIA_PX[[#This Row],[Column34]] -> 140160 | AI9: =SONIA_PX[[#This Row],[Column35]] -> 144105 | AJ9: =SONIA_PX[[#This Row],[Column36]] -> 146018 | AK9: =SONIA_PX[[#This Row],[Column37]] -> 143914 | AL9: =SONIA_PX[[#This Row],[Column38]] -> 143788 | AM9: =SONIA_PX[[#This Row],[Column39]] -> 145997 | AN9: =SONIA_PX[[#This Row],[Column40]] -> 150251 | AO9: =SONIA_PX[[#This Row],[Column41]] -> 145746 | AP9: =SONIA_PX[[#This Row],[Column42]] -> 144898 | AQ9: =SONIA_PX[[#This Row],[Column43]] -> 144898 | AR9: =SONIA_PX[[#This Row],[Column44]] -> 144898 | AS9: =SONIA_PX[[#This Row],[Column45]] -> 148534 | AT9: =SONIA_PX[[#This Row],[Column1]] -> SFI7 Comdty | AU9: =SONIA_PX[[#This Row],[Column2]] -> 181884 | AV9: =SONIA_PX[[#This Row],[Column3]] -> 181884 | AW9: =SONIA_PX[[#This Row],[Column4]] -> 181884 | AX9: =SONIA_PX[[#This Row],[Column5]] -> 182297 | AY9: =SONIA_PX[[#This Row],[Column6]] -> 182257 | AZ9: =SONIA_PX[[#This Row],[Column7]] -> 181153 | BA9: =SONIA_PX[[#This Row],[Column8]] -> 181153 | BB9: =SONIA_PX[[#This Row],[Column9]] -> 178529 | BC9: =SONIA_PX[[#This Row],[Column10]] -> 179098 | BD9: =SONIA_PX[[#This Row],[Column11]] -> 180286 | BE9: =SONIA_PX[[#This Row],[Column12]] -> 177198 | BF9: =SONIA_PX[[#This Row],[Column13]] -> 172629 | BG9: =SONIA_PX[[#This Row],[Column14]] -> 172117 | BH9: =SONIA_PX[[#This Row],[Column15]] -> 175262 | BI9: =SONIA_PX[[#This Row],[Column16]] -> 175176 | BJ9: =SONIA_PX[[#This Row],[Column17]] -> 171152 | BK9: =SONIA_PX[[#This Row],[Column18]] -> 168890 | BL9: =SONIA_PX[[#This Row],[Column19]] -> 167280 | BM9: =SONIA_PX[[#This Row],[Column20]] -> 164959 | BN9: =SONIA_PX[[#This Row],[Column21]] -> 165241 | BO9: =SONIA_PX[[#This Row],[Column22]] -> 159953 | BP9: =SONIA_PX[[#This Row],[Column23]] -> 159953 | BQ9: =SONIA_PX[[#This Row],[Column24]] -> 161825 | BR9: =SONIA_PX[[#This Row],[Column25]] -> 158592 | BS9: =SONIA_PX[[#This Row],[Column26]] -> 152250 | BT9: =SONIA_PX[[#This Row],[Column27]] -> 151797 | BU9: =SONIA_PX[[#This Row],[Column28]] -> 150324 | BV9: =SONIA_PX[[#This Row],[Column29]] -> 147726 | BW9: =SONIA_PX[[#This Row],[Column30]] -> 146682 | BX9: =SONIA_PX[[#This Row],[Column31]] -> 146714 | BY9: =SONIA_PX[[#This Row],[Column32]] -> 147153 | BZ9: =SONIA_PX[[#This Row],[Column33]] -> 140910 | CA9: =SONIA_PX[[#This Row],[Column34]] -> 140160 | CB9: =SONIA_PX[[#This Row],[Column35]] -> 144105 | CC9: =SONIA_PX[[#This Row],[Column36]] -> 146018 | CD9: =SONIA_PX[[#This Row],[Column37]] -> 143914 | CE9: =SONIA_PX[[#This Row],[Column38]] -> 143788 | CF9: =SONIA_PX[[#This Row],[Column39]] -> 145997 | CG9: =SONIA_PX[[#This Row],[Column40]] -> 150251 | CH9: =SONIA_PX[[#This Row],[Column41]] -> 145746 | CI9: =SONIA_PX[[#This Row],[Column42]] -> 144898 | CJ9: =SONIA_PX[[#This Row],[Column43]] -> 144898 | CK9: =SONIA_PX[[#This Row],[Column44]] -> 144898 | CL9: =SONIA_PX[[#This Row],[Column45]] -> 148534
A10: ='cont list_0'!I13 -> Z27 | B10: =SONIA_PX[[#This Row],[Column2]] -> 273256 | C10: =SONIA_PX[[#This Row],[Column3]] -> 273256 | D10: =SONIA_PX[[#This Row],[Column4]] -> 273256 | E10: =SONIA_PX[[#This Row],[Column5]] -> 271802 | F10: =SONIA_PX[[#This Row],[Column6]] -> 275988 | G10: =SONIA_PX[[#This Row],[Column7]] -> 274360 | H10: =SONIA_PX[[#This Row],[Column8]] -> 274360 | I10: =SONIA_PX[[#This Row],[Column9]] -> 271299 | J10: =SONIA_PX[[#This Row],[Column10]] -> 264379 | K10: =SONIA_PX[[#This Row],[Column11]] -> 263054 | L10: =SONIA_PX[[#This Row],[Column12]] -> 256643 | M10: =SONIA_PX[[#This Row],[Column13]] -> 251505 | N10: =SONIA_PX[[#This Row],[Column14]] -> 253326 | O10: =SONIA_PX[[#This Row],[Column15]] -> 255932 | P10: =SONIA_PX[[#This Row],[Column16]] -> 252151 | Q10: =SONIA_PX[[#This Row],[Column17]] -> 244311 | R10: =SONIA_PX[[#This Row],[Column18]] -> 240971 | S10: =SONIA_PX[[#This Row],[Column19]] -> 238807 | T10: =SONIA_PX[[#This Row],[Column20]] -> 235737 | U10: =SONIA_PX[[#This Row],[Column21]] -> 239583 | V10: =SONIA_PX[[#This Row],[Column22]] -> 240665 | W10: =SONIA_PX[[#This Row],[Column23]] -> 241328 | X10: =SONIA_PX[[#This Row],[Column24]] -> 243988 | Y10: =SONIA_PX[[#This Row],[Column25]] -> 241681 | Z10: =SONIA_PX[[#This Row],[Column26]] -> 244445 | AA10: =SONIA_PX[[#This Row],[Column27]] -> 241164 | AB10: =SONIA_PX[[#This Row],[Column28]] -> 238619 | AC10: =SONIA_PX[[#This Row],[Column29]] -> 234173 | AD10: =SONIA_PX[[#This Row],[Column30]] -> 229388 | AE10: =SONIA_PX[[#This Row],[Column31]] -> 226427 | AF10: =SONIA_PX[[#This Row],[Column32]] -> 226736 | AG10: =SONIA_PX[[#This Row],[Column33]] -> 228444 | AH10: =SONIA_PX[[#This Row],[Column34]] -> 219049 | AI10: =SONIA_PX[[#This Row],[Column35]] -> 214577 | AJ10: =SONIA_PX[[#This Row],[Column36]] -> 213446 | AK10: =SONIA_PX[[#This Row],[Column37]] -> 208137 | AL10: =SONIA_PX[[#This Row],[Column38]] -> 200599 | AM10: =SONIA_PX[[#This Row],[Column39]] -> 203886 | AN10: =SONIA_PX[[#This Row],[Column40]] -> 201626 | AO10: =SONIA_PX[[#This Row],[Column41]] -> 174227 | AP10: =SONIA_PX[[#This Row],[Column42]] -> 174802 | AQ10: =SONIA_PX[[#This Row],[Column43]] -> 174802 | AR10: =SONIA_PX[[#This Row],[Column44]] -> 174802 | AS10: =SONIA_PX[[#This Row],[Column45]] -> 175851 | AT10: =SONIA_PX[[#This Row],[Column1]] -> SFI8 Comdty | AU10: =SONIA_PX[[#This Row],[Column2]] -> 273256 | AV10: =SONIA_PX[[#This Row],[Column3]] -> 273256 | AW10: =SONIA_PX[[#This Row],[Column4]] -> 273256 | AX10: =SONIA_PX[[#This Row],[Column5]] -> 271802 | AY10: =SONIA_PX[[#This Row],[Column6]] -> 275988 | AZ10: =SONIA_PX[[#This Row],[Column7]] -> 274360 | BA10: =SONIA_PX[[#This Row],[Column8]] -> 274360 | BB10: =SONIA_PX[[#This Row],[Column9]] -> 271299 | BC10: =SONIA_PX[[#This Row],[Column10]] -> 264379 | BD10: =SONIA_PX[[#This Row],[Column11]] -> 263054 | BE10: =SONIA_PX[[#This Row],[Column12]] -> 256643 | BF10: =SONIA_PX[[#This Row],[Column13]] -> 251505 | BG10: =SONIA_PX[[#This Row],[Column14]] -> 253326 | BH10: =SONIA_PX[[#This Row],[Column15]] -> 255932 | BI10: =SONIA_PX[[#This Row],[Column16]] -> 252151 | BJ10: =SONIA_PX[[#This Row],[Column17]] -> 244311 | BK10: =SONIA_PX[[#This Row],[Column18]] -> 240971 | BL10: =SONIA_PX[[#This Row],[Column19]] -> 238807 | BM10: =SONIA_PX[[#This Row],[Column20]] -> 235737 | BN10: =SONIA_PX[[#This Row],[Column21]] -> 239583 | BO10: =SONIA_PX[[#This Row],[Column22]] -> 240665 | BP10: =SONIA_PX[[#This Row],[Column23]] -> 241328 | BQ10: =SONIA_PX[[#This Row],[Column24]] -> 243988 | BR10: =SONIA_PX[[#This Row],[Column25]] -> 241681 | BS10: =SONIA_PX[[#This Row],[Column26]] -> 244445 | BT10: =SONIA_PX[[#This Row],[Column27]] -> 241164 | BU10: =SONIA_PX[[#This Row],[Column28]] -> 238619 | BV10: =SONIA_PX[[#This Row],[Column29]] -> 234173 | BW10: =SONIA_PX[[#This Row],[Column30]] -> 229388 | BX10: =SONIA_PX[[#This Row],[Column31]] -> 226427 | BY10: =SONIA_PX[[#This Row],[Column32]] -> 226736 | BZ10: =SONIA_PX[[#This Row],[Column33]] -> 228444 | CA10: =SONIA_PX[[#This Row],[Column34]] -> 219049 | CB10: =SONIA_PX[[#This Row],[Column35]] -> 214577 | CC10: =SONIA_PX[[#This Row],[Column36]] -> 213446 | CD10: =SONIA_PX[[#This Row],[Column37]] -> 208137 | CE10: =SONIA_PX[[#This Row],[Column38]] -> 200599 | CF10: =SONIA_PX[[#This Row],[Column39]] -> 203886 | CG10: =SONIA_PX[[#This Row],[Column40]] -> 201626 | CH10: =SONIA_PX[[#This Row],[Column41]] -> 174227 | CI10: =SONIA_PX[[#This Row],[Column42]] -> 174802 | CJ10: =SONIA_PX[[#This Row],[Column43]] -> 174802 | CK10: =SONIA_PX[[#This Row],[Column44]] -> 174802 | CL10: =SONIA_PX[[#This Row],[Column45]] -> 175851
A11: ='cont list_0'!I14 -> H28 | B11: =SONIA_PX[[#This Row],[Column2]] -> 137568 | C11: =SONIA_PX[[#This Row],[Column3]] -> 137568 | D11: =SONIA_PX[[#This Row],[Column4]] -> 137568 | E11: =SONIA_PX[[#This Row],[Column5]] -> 136192 | F11: =SONIA_PX[[#This Row],[Column6]] -> 136101 | G11: =SONIA_PX[[#This Row],[Column7]] -> 136487 | H11: =SONIA_PX[[#This Row],[Column8]] -> 136487 | I11: =SONIA_PX[[#This Row],[Column9]] -> 137878 | J11: =SONIA_PX[[#This Row],[Column10]] -> 133186 | K11: =SONIA_PX[[#This Row],[Column11]] -> 130808 | L11: =SONIA_PX[[#This Row],[Column12]] -> 129710 | M11: =SONIA_PX[[#This Row],[Column13]] -> 129514 | N11: =SONIA_PX[[#This Row],[Column14]] -> 128435 | O11: =SONIA_PX[[#This Row],[Column15]] -> 124199 | P11: =SONIA_PX[[#This Row],[Column16]] -> 124795 | Q11: =SONIA_PX[[#This Row],[Column17]] -> 126090 | R11: =SONIA_PX[[#This Row],[Column18]] -> 124722 | S11: =SONIA_PX[[#This Row],[Column19]] -> 123722 | T11: =SONIA_PX[[#This Row],[Column20]] -> 119593 | U11: =SONIA_PX[[#This Row],[Column21]] -> 119808 | V11: =SONIA_PX[[#This Row],[Column22]] -> 123159 | W11: =SONIA_PX[[#This Row],[Column23]] -> 123159 | X11: =SONIA_PX[[#This Row],[Column24]] -> 123203 | Y11: =SONIA_PX[[#This Row],[Column25]] -> 125288 | Z11: =SONIA_PX[[#This Row],[Column26]] -> 121985 | AA11: =SONIA_PX[[#This Row],[Column27]] -> 123441 | AB11: =SONIA_PX[[#This Row],[Column28]] -> 121803 | AC11: =SONIA_PX[[#This Row],[Column29]] -> 122506 | AD11: =SONIA_PX[[#This Row],[Column30]] -> 121610 | AE11: =SONIA_PX[[#This Row],[Column31]] -> 124106 | AF11: =SONIA_PX[[#This Row],[Column32]] -> 125350 | AG11: =SONIA_PX[[#This Row],[Column33]] -> 126515 | AH11: =SONIA_PX[[#This Row],[Column34]] -> 119717 | AI11: =SONIA_PX[[#This Row],[Column35]] -> 115366 | AJ11: =SONIA_PX[[#This Row],[Column36]] -> 116405 | AK11: =SONIA_PX[[#This Row],[Column37]] -> 113054 | AL11: =SONIA_PX[[#This Row],[Column38]] -> 111829 | AM11: =SONIA_PX[[#This Row],[Column39]] -> 112441 | AN11: =SONIA_PX[[#This Row],[Column40]] -> 113020 | AO11: =SONIA_PX[[#This Row],[Column41]] -> 114820 | AP11: =SONIA_PX[[#This Row],[Column42]] -> 111907 | AQ11: =SONIA_PX[[#This Row],[Column43]] -> 111907 | AR11: =SONIA_PX[[#This Row],[Column44]] -> 111907 | AS11: =SONIA_PX[[#This Row],[Column45]] -> 112843 | AT11: =SONIA_PX[[#This Row],[Column1]] -> SFI9 Comdty | AU11: =SONIA_PX[[#This Row],[Column2]] -> 137568 | AV11: =SONIA_PX[[#This Row],[Column3]] -> 137568 | AW11: =SONIA_PX[[#This Row],[Column4]] -> 137568 | AX11: =SONIA_PX[[#This Row],[Column5]] -> 136192 | AY11: =SONIA_PX[[#This Row],[Column6]] -> 136101 | AZ11: =SONIA_PX[[#This Row],[Column7]] -> 136487 | BA11: =SONIA_PX[[#This Row],[Column8]] -> 136487 | BB11: =SONIA_PX[[#This Row],[Column9]] -> 137878 | BC11: =SONIA_PX[[#This Row],[Column10]] -> 133186 | BD11: =SONIA_PX[[#This Row],[Column11]] -> 130808 | BE11: =SONIA_PX[[#This Row],[Column12]] -> 129710 | BF11: =SONIA_PX[[#This Row],[Column13]] -> 129514 | BG11: =SONIA_PX[[#This Row],[Column14]] -> 128435 | BH11: =SONIA_PX[[#This Row],[Column15]] -> 124199 | BI11: =SONIA_PX[[#This Row],[Column16]] -> 124795 | BJ11: =SONIA_PX[[#This Row],[Column17]] -> 126090 | BK11: =SONIA_PX[[#This Row],[Column18]] -> 124722 | BL11: =SONIA_PX[[#This Row],[Column19]] -> 123722 | BM11: =SONIA_PX[[#This Row],[Column20]] -> 119593 | BN11: =SONIA_PX[[#This Row],[Column21]] -> 119808 | BO11: =SONIA_PX[[#This Row],[Column22]] -> 123159 | BP11: =SONIA_PX[[#This Row],[Column23]] -> 123159 | BQ11: =SONIA_PX[[#This Row],[Column24]] -> 123203 | BR11: =SONIA_PX[[#This Row],[Column25]] -> 125288 | BS11: =SONIA_PX[[#This Row],[Column26]] -> 121985 | BT11: =SONIA_PX[[#This Row],[Column27]] -> 123441 | BU11: =SONIA_PX[[#This Row],[Column28]] -> 121803 | BV11: =SONIA_PX[[#This Row],[Column29]] -> 122506 | BW11: =SONIA_PX[[#This Row],[Column30]] -> 121610 | BX11: =SONIA_PX[[#This Row],[Column31]] -> 124106 | BY11: =SONIA_PX[[#This Row],[Column32]] -> 125350 | BZ11: =SONIA_PX[[#This Row],[Column33]] -> 126515 | CA11: =SONIA_PX[[#This Row],[Column34]] -> 119717 | CB11: =SONIA_PX[[#This Row],[Column35]] -> 115366 | CC11: =SONIA_PX[[#This Row],[Column36]] -> 116405 | CD11: =SONIA_PX[[#This Row],[Column37]] -> 113054 | CE11: =SONIA_PX[[#This Row],[Column38]] -> 111829 | CF11: =SONIA_PX[[#This Row],[Column39]] -> 112441 | CG11: =SONIA_PX[[#This Row],[Column40]] -> 113020 | CH11: =SONIA_PX[[#This Row],[Column41]] -> 114820 | CI11: =SONIA_PX[[#This Row],[Column42]] -> 111907 | CJ11: =SONIA_PX[[#This Row],[Column43]] -> 111907 | CK11: =SONIA_PX[[#This Row],[Column44]] -> 111907 | CL11: =SONIA_PX[[#This Row],[Column45]] -> 112843
A12: ='cont list_0'!I15 -> M28 | B12: =SONIA_PX[[#This Row],[Column2]] -> 104461 | C12: =SONIA_PX[[#This Row],[Column3]] -> 104461 | D12: =SONIA_PX[[#This Row],[Column4]] -> 104461 | E12: =SONIA_PX[[#This Row],[Column5]] -> 106049 | F12: =SONIA_PX[[#This Row],[Column6]] -> 105736 | G12: =SONIA_PX[[#This Row],[Column7]] -> 106524 | H12: =SONIA_PX[[#This Row],[Column8]] -> 106524 | I12: =SONIA_PX[[#This Row],[Column9]] -> 104296 | J12: =SONIA_PX[[#This Row],[Column10]] -> 102082 | K12: =SONIA_PX[[#This Row],[Column11]] -> 101854 | L12: =SONIA_PX[[#This Row],[Column12]] -> 103983 | M12: =SONIA_PX[[#This Row],[Column13]] -> 105803 | N12: =SONIA_PX[[#This Row],[Column14]] -> 102598 | O12: =SONIA_PX[[#This Row],[Column15]] -> 104009 | P12: =SONIA_PX[[#This Row],[Column16]] -> 103033 | Q12: =SONIA_PX[[#This Row],[Column17]] -> 99194 | R12: =SONIA_PX[[#This Row],[Column18]] -> 99247 | S12: =SONIA_PX[[#This Row],[Column19]] -> 97066 | T12: =SONIA_PX[[#This Row],[Column20]] -> 96925 | U12: =SONIA_PX[[#This Row],[Column21]] -> 94466 | V12: =SONIA_PX[[#This Row],[Column22]] -> 93287 | W12: =SONIA_PX[[#This Row],[Column23]] -> 93287 | X12: =SONIA_PX[[#This Row],[Column24]] -> 92899 | Y12: =SONIA_PX[[#This Row],[Column25]] -> 91448 | Z12: =SONIA_PX[[#This Row],[Column26]] -> 92663 | AA12: =SONIA_PX[[#This Row],[Column27]] -> 93839 | AB12: =SONIA_PX[[#This Row],[Column28]] -> 93006 | AC12: =SONIA_PX[[#This Row],[Column29]] -> 91133 | AD12: =SONIA_PX[[#This Row],[Column30]] -> 91552 | AE12: =SONIA_PX[[#This Row],[Column31]] -> 88641 | AF12: =SONIA_PX[[#This Row],[Column32]] -> 88869 | AG12: =SONIA_PX[[#This Row],[Column33]] -> 89262 | AH12: =SONIA_PX[[#This Row],[Column34]] -> 88496 | AI12: =SONIA_PX[[#This Row],[Column35]] -> 84604 | AJ12: =SONIA_PX[[#This Row],[Column36]] -> 83043 | AK12: =SONIA_PX[[#This Row],[Column37]] -> 82749 | AL12: =SONIA_PX[[#This Row],[Column38]] -> 82288 | AM12: =SONIA_PX[[#This Row],[Column39]] -> 83344 | AN12: =SONIA_PX[[#This Row],[Column40]] -> 80447 | AO12: =SONIA_PX[[#This Row],[Column41]] -> 80895 | AP12: =SONIA_PX[[#This Row],[Column42]] -> 80736 | AQ12: =SONIA_PX[[#This Row],[Column43]] -> 80736 | AR12: =SONIA_PX[[#This Row],[Column44]] -> 80736 | AS12: =SONIA_PX[[#This Row],[Column45]] -> 81348 | AT12: =SONIA_PX[[#This Row],[Column1]] -> SFI10 Comdty | AU12: =SONIA_PX[[#This Row],[Column2]] -> 104461 | AV12: =SONIA_PX[[#This Row],[Column3]] -> 104461 | AW12: =SONIA_PX[[#This Row],[Column4]] -> 104461 | AX12: =SONIA_PX[[#This Row],[Column5]] -> 106049 | AY12: =SONIA_PX[[#This Row],[Column6]] -> 105736 | AZ12: =SONIA_PX[[#This Row],[Column7]] -> 106524 | BA12: =SONIA_PX[[#This Row],[Column8]] -> 106524 | BB12: =SONIA_PX[[#This Row],[Column9]] -> 104296 | BC12: =SONIA_PX[[#This Row],[Column10]] -> 102082 | BD12: =SONIA_PX[[#This Row],[Column11]] -> 101854 | BE12: =SONIA_PX[[#This Row],[Column12]] -> 103983 | BF12: =SONIA_PX[[#This Row],[Column13]] -> 105803 | BG12: =SONIA_PX[[#This Row],[Column14]] -> 102598 | BH12: =SONIA_PX[[#This Row],[Column15]] -> 104009 | BI12: =SONIA_PX[[#This Row],[Column16]] -> 103033 | BJ12: =SONIA_PX[[#This Row],[Column17]] -> 99194 | BK12: =SONIA_PX[[#This Row],[Column18]] -> 99247 | BL12: =SONIA_PX[[#This Row],[Column19]] -> 97066 | BM12: =SONIA_PX[[#This Row],[Column20]] -> 96925 | BN12: =SONIA_PX[[#This Row],[Column21]] -> 94466 | BO12: =SONIA_PX[[#This Row],[Column22]] -> 93287 | BP12: =SONIA_PX[[#This Row],[Column23]] -> 93287 | BQ12: =SONIA_PX[[#This Row],[Column24]] -> 92899 | BR12: =SONIA_PX[[#This Row],[Column25]] -> 91448 | BS12: =SONIA_PX[[#This Row],[Column26]] -> 92663 | BT12: =SONIA_PX[[#This Row],[Column27]] -> 93839 | BU12: =SONIA_PX[[#This Row],[Column28]] -> 93006 | BV12: =SONIA_PX[[#This Row],[Column29]] -> 91133 | BW12: =SONIA_PX[[#This Row],[Column30]] -> 91552 | BX12: =SONIA_PX[[#This Row],[Column31]] -> 88641 | BY12: =SONIA_PX[[#This Row],[Column32]] -> 88869 | BZ12: =SONIA_PX[[#This Row],[Column33]] -> 89262 | CA12: =SONIA_PX[[#This Row],[Column34]] -> 88496 | CB12: =SONIA_PX[[#This Row],[Column35]] -> 84604 | CC12: =SONIA_PX[[#This Row],[Column36]] -> 83043 | CD12: =SONIA_PX[[#This Row],[Column37]] -> 82749 | CE12: =SONIA_PX[[#This Row],[Column38]] -> 82288 | CF12: =SONIA_PX[[#This Row],[Column39]] -> 83344 | CG12: =SONIA_PX[[#This Row],[Column40]] -> 80447 | CH12: =SONIA_PX[[#This Row],[Column41]] -> 80895 | CI12: =SONIA_PX[[#This Row],[Column42]] -> 80736 | CJ12: =SONIA_PX[[#This Row],[Column43]] -> 80736 | CK12: =SONIA_PX[[#This Row],[Column44]] -> 80736 | CL12: =SONIA_PX[[#This Row],[Column45]] -> 81348
A13: ='cont list_0'!I16 -> U28 | B13: =SONIA_PX[[#This Row],[Column2]] -> 72163 | C13: =SONIA_PX[[#This Row],[Column3]] -> 72163 | D13: =SONIA_PX[[#This Row],[Column4]] -> 72163 | E13: =SONIA_PX[[#This Row],[Column5]] -> 75013 | F13: =SONIA_PX[[#This Row],[Column6]] -> 71990 | G13: =SONIA_PX[[#This Row],[Column7]] -> 72223 | H13: =SONIA_PX[[#This Row],[Column8]] -> 72223 | I13: =SONIA_PX[[#This Row],[Column9]] -> 74390 | J13: =SONIA_PX[[#This Row],[Column10]] -> 71697 | K13: =SONIA_PX[[#This Row],[Column11]] -> 72810 | L13: =SONIA_PX[[#This Row],[Column12]] -> 73833 | M13: =SONIA_PX[[#This Row],[Column13]] -> 75675 | N13: =SONIA_PX[[#This Row],[Column14]] -> 78221 | O13: =SONIA_PX[[#This Row],[Column15]] -> 78158 | P13: =SONIA_PX[[#This Row],[Column16]] -> 76641 | Q13: =SONIA_PX[[#This Row],[Column17]] -> 75062 | R13: =SONIA_PX[[#This Row],[Column18]] -> 76208 | S13: =SONIA_PX[[#This Row],[Column19]] -> 75907 | T13: =SONIA_PX[[#This Row],[Column20]] -> 75132 | U13: =SONIA_PX[[#This Row],[Column21]] -> 74025 | V13: =SONIA_PX[[#This Row],[Column22]] -> 76273 | W13: =SONIA_PX[[#This Row],[Column23]] -> 76288 | X13: =SONIA_PX[[#This Row],[Column24]] -> 75961 | Y13: =SONIA_PX[[#This Row],[Column25]] -> 74843 | Z13: =SONIA_PX[[#This Row],[Column26]] -> 72573 | AA13: =SONIA_PX[[#This Row],[Column27]] -> 72507 | AB13: =SONIA_PX[[#This Row],[Column28]] -> 73079 | AC13: =SONIA_PX[[#This Row],[Column29]] -> 72714 | AD13: =SONIA_PX[[#This Row],[Column30]] -> 73931 | AE13: =SONIA_PX[[#This Row],[Column31]] -> 73464 | AF13: =SONIA_PX[[#This Row],[Column32]] -> 75996 | AG13: =SONIA_PX[[#This Row],[Column33]] -> 73945 | AH13: =SONIA_PX[[#This Row],[Column34]] -> 73925 | AI13: =SONIA_PX[[#This Row],[Column35]] -> 74023 | AJ13: =SONIA_PX[[#This Row],[Column36]] -> 74023 | AK13: =SONIA_PX[[#This Row],[Column37]] -> 76456 | AL13: =SONIA_PX[[#This Row],[Column38]] -> 76151 | AM13: =SONIA_PX[[#This Row],[Column39]] -> 76796 | AN13: =SONIA_PX[[#This Row],[Column40]] -> 74936 | AO13: =SONIA_PX[[#This Row],[Column41]] -> 75336 | AP13: =SONIA_PX[[#This Row],[Column42]] -> 76802 | AQ13: =SONIA_PX[[#This Row],[Column43]] -> 76802 | AR13: =SONIA_PX[[#This Row],[Column44]] -> 76802 | AS13: =SONIA_PX[[#This Row],[Column45]] -> 74941 | AT13: =SONIA_PX[[#This Row],[Column1]] -> SFI11 Comdty | AU13: =SONIA_PX[[#This Row],[Column2]] -> 72163 | AV13: =SONIA_PX[[#This Row],[Column3]] -> 72163 | AW13: =SONIA_PX[[#This Row],[Column4]] -> 72163 | AX13: =SONIA_PX[[#This Row],[Column5]] -> 75013 | AY13: =SONIA_PX[[#This Row],[Column6]] -> 71990 | AZ13: =SONIA_PX[[#This Row],[Column7]] -> 72223 | BA13: =SONIA_PX[[#This Row],[Column8]] -> 72223 | BB13: =SONIA_PX[[#This Row],[Column9]] -> 74390 | BC13: =SONIA_PX[[#This Row],[Column10]] -> 71697 | BD13: =SONIA_PX[[#This Row],[Column11]] -> 72810 | BE13: =SONIA_PX[[#This Row],[Column12]] -> 73833 | BF13: =SONIA_PX[[#This Row],[Column13]] -> 75675 | BG13: =SONIA_PX[[#This Row],[Column14]] -> 78221 | BH13: =SONIA_PX[[#This Row],[Column15]] -> 78158 | BI13: =SONIA_PX[[#This Row],[Column16]] -> 76641 | BJ13: =SONIA_PX[[#This Row],[Column17]] -> 75062 | BK13: =SONIA_PX[[#This Row],[Column18]] -> 76208 | BL13: =SONIA_PX[[#This Row],[Column19]] -> 75907 | BM13: =SONIA_PX[[#This Row],[Column20]] -> 75132 | BN13: =SONIA_PX[[#This Row],[Column21]] -> 74025 | BO13: =SONIA_PX[[#This Row],[Column22]] -> 76273 | BP13: =SONIA_PX[[#This Row],[Column23]] -> 76288 | BQ13: =SONIA_PX[[#This Row],[Column24]] -> 75961 | BR13: =SONIA_PX[[#This Row],[Column25]] -> 74843 | BS13: =SONIA_PX[[#This Row],[Column26]] -> 72573 | BT13: =SONIA_PX[[#This Row],[Column27]] -> 72507 | BU13: =SONIA_PX[[#This Row],[Column28]] -> 73079 | BV13: =SONIA_PX[[#This Row],[Column29]] -> 72714 | BW13: =SONIA_PX[[#This Row],[Column30]] -> 73931 | BX13: =SONIA_PX[[#This Row],[Column31]] -> 73464 | BY13: =SONIA_PX[[#This Row],[Column32]] -> 75996 | BZ13: =SONIA_PX[[#This Row],[Column33]] -> 73945 | CA13: =SONIA_PX[[#This Row],[Column34]] -> 73925 | CB13: =SONIA_PX[[#This Row],[Column35]] -> 74023 | CC13: =SONIA_PX[[#This Row],[Column36]] -> 74023 | CD13: =SONIA_PX[[#This Row],[Column37]] -> 76456 | CE13: =SONIA_PX[[#This Row],[Column38]] -> 76151 | CF13: =SONIA_PX[[#This Row],[Column39]] -> 76796 | CG13: =SONIA_PX[[#This Row],[Column40]] -> 74936 | CH13: =SONIA_PX[[#This Row],[Column41]] -> 75336 | CI13: =SONIA_PX[[#This Row],[Column42]] -> 76802 | CJ13: =SONIA_PX[[#This Row],[Column43]] -> 76802 | CK13: =SONIA_PX[[#This Row],[Column44]] -> 76802 | CL13: =SONIA_PX[[#This Row],[Column45]] -> 74941
A14: ='cont list_0'!I17 -> Z28 | B14: =SONIA_PX[[#This Row],[Column2]] -> 75507 | C14: =SONIA_PX[[#This Row],[Column3]] -> 75507 | D14: =SONIA_PX[[#This Row],[Column4]] -> 75507 | E14: =SONIA_PX[[#This Row],[Column5]] -> 78040 | F14: =SONIA_PX[[#This Row],[Column6]] -> 78499 | G14: =SONIA_PX[[#This Row],[Column7]] -> 79063 | H14: =SONIA_PX[[#This Row],[Column8]] -> 79063 | I14: =SONIA_PX[[#This Row],[Column9]] -> 79368 | J14: =SONIA_PX[[#This Row],[Column10]] -> 79610 | K14: =SONIA_PX[[#This Row],[Column11]] -> 76773 | L14: =SONIA_PX[[#This Row],[Column12]] -> 79185 | M14: =SONIA_PX[[#This Row],[Column13]] -> 78988 | N14: =SONIA_PX[[#This Row],[Column14]] -> 79348 | O14: =SONIA_PX[[#This Row],[Column15]] -> 78785 | P14: =SONIA_PX[[#This Row],[Column16]] -> 79342 | Q14: =SONIA_PX[[#This Row],[Column17]] -> 78001 | R14: =SONIA_PX[[#This Row],[Column18]] -> 78227 | S14: =SONIA_PX[[#This Row],[Column19]] -> 76436 | T14: =SONIA_PX[[#This Row],[Column20]] -> 75774 | U14: =SONIA_PX[[#This Row],[Column21]] -> 76136 | V14: =SONIA_PX[[#This Row],[Column22]] -> 74816 | W14: =SONIA_PX[[#This Row],[Column23]] -> 74816 | X14: =SONIA_PX[[#This Row],[Column24]] -> 76267 | Y14: =SONIA_PX[[#This Row],[Column25]] -> 76165 | Z14: =SONIA_PX[[#This Row],[Column26]] -> 71296 | AA14: =SONIA_PX[[#This Row],[Column27]] -> 69191 | AB14: =SONIA_PX[[#This Row],[Column28]] -> 66969 | AC14: =SONIA_PX[[#This Row],[Column29]] -> 67399 | AD14: =SONIA_PX[[#This Row],[Column30]] -> 68368 | AE14: =SONIA_PX[[#This Row],[Column31]] -> 66323 | AF14: =SONIA_PX[[#This Row],[Column32]] -> 67662 | AG14: =SONIA_PX[[#This Row],[Column33]] -> 70351 | AH14: =SONIA_PX[[#This Row],[Column34]] -> 72777 | AI14: =SONIA_PX[[#This Row],[Column35]] -> 73339 | AJ14: =SONIA_PX[[#This Row],[Column36]] -> 73584 | AK14: =SONIA_PX[[#This Row],[Column37]] -> 73459 | AL14: =SONIA_PX[[#This Row],[Column38]] -> 74773 | AM14: =SONIA_PX[[#This Row],[Column39]] -> 76606 | AN14: =SONIA_PX[[#This Row],[Column40]] -> 75143 | AO14: =SONIA_PX[[#This Row],[Column41]] -> 73563 | AP14: =SONIA_PX[[#This Row],[Column42]] -> 75920 | AQ14: =SONIA_PX[[#This Row],[Column43]] -> 75920 | AR14: =SONIA_PX[[#This Row],[Column44]] -> 75920 | AS14: =SONIA_PX[[#This Row],[Column45]] -> 74959 | AT14: =SONIA_PX[[#This Row],[Column1]] -> SFI12 Comdty | AU14: =SONIA_PX[[#This Row],[Column2]] -> 75507 | AV14: =SONIA_PX[[#This Row],[Column3]] -> 75507 | AW14: =SONIA_PX[[#This Row],[Column4]] -> 75507 | AX14: =SONIA_PX[[#This Row],[Column5]] -> 78040 | AY14: =SONIA_PX[[#This Row],[Column6]] -> 78499 | AZ14: =SONIA_PX[[#This Row],[Column7]] -> 79063 | BA14: =SONIA_PX[[#This Row],[Column8]] -> 79063 | BB14: =SONIA_PX[[#This Row],[Column9]] -> 79368 | BC14: =SONIA_PX[[#This Row],[Column10]] -> 79610 | BD14: =SONIA_PX[[#This Row],[Column11]] -> 76773 | BE14: =SONIA_PX[[#This Row],[Column12]] -> 79185 | BF14: =SONIA_PX[[#This Row],[Column13]] -> 78988 | BG14: =SONIA_PX[[#This Row],[Column14]] -> 79348 | BH14: =SONIA_PX[[#This Row],[Column15]] -> 78785 | BI14: =SONIA_PX[[#This Row],[Column16]] -> 79342 | BJ14: =SONIA_PX[[#This Row],[Column17]] -> 78001 | BK14: =SONIA_PX[[#This Row],[Column18]] -> 78227 | BL14: =SONIA_PX[[#This Row],[Column19]] -> 76436 | BM14: =SONIA_PX[[#This Row],[Column20]] -> 75774 | BN14: =SONIA_PX[[#This Row],[Column21]] -> 76136 | BO14: =SONIA_PX[[#This Row],[Column22]] -> 74816 | BP14: =SONIA_PX[[#This Row],[Column23]] -> 74816 | BQ14: =SONIA_PX[[#This Row],[Column24]] -> 76267 | BR14: =SONIA_PX[[#This Row],[Column25]] -> 76165 | BS14: =SONIA_PX[[#This Row],[Column26]] -> 71296 | BT14: =SONIA_PX[[#This Row],[Column27]] -> 69191 | BU14: =SONIA_PX[[#This Row],[Column28]] -> 66969 | BV14: =SONIA_PX[[#This Row],[Column29]] -> 67399 | BW14: =SONIA_PX[[#This Row],[Column30]] -> 68368 | BX14: =SONIA_PX[[#This Row],[Column31]] -> 66323 | BY14: =SONIA_PX[[#This Row],[Column32]] -> 67662 | BZ14: =SONIA_PX[[#This Row],[Column33]] -> 70351 | CA14: =SONIA_PX[[#This Row],[Column34]] -> 72777 | CB14: =SONIA_PX[[#This Row],[Column35]] -> 73339 | CC14: =SONIA_PX[[#This Row],[Column36]] -> 73584 | CD14: =SONIA_PX[[#This Row],[Column37]] -> 73459 | CE14: =SONIA_PX[[#This Row],[Column38]] -> 74773 | CF14: =SONIA_PX[[#This Row],[Column39]] -> 76606 | CG14: =SONIA_PX[[#This Row],[Column40]] -> 75143 | CH14: =SONIA_PX[[#This Row],[Column41]] -> 73563 | CI14: =SONIA_PX[[#This Row],[Column42]] -> 75920 | CJ14: =SONIA_PX[[#This Row],[Column43]] -> 75920 | CK14: =SONIA_PX[[#This Row],[Column44]] -> 75920 | CL14: =SONIA_PX[[#This Row],[Column45]] -> 74959
