Workbook

Sheet SR3
A2: =SOFR3mo_PX[[#This Row],[Column1]] -> Dates | B2: =SOFR3mo_PX[[#This Row],[Column2]] -> 46302 | C2: =SOFR3mo_PX[[#This Row],[Column3]] -> 46301 | D2: =SOFR3mo_PX[[#This Row],[Column4]] -> 46300 | E2: =SOFR3mo_PX[[#This Row],[Column5]] -> 46297 | F2: =SOFR3mo_PX[[#This Row],[Column6]] -> 46296 | G2: =SOFR3mo_PX[[#This Row],[Column7]] -> 46295 | H2: =SOFR3mo_PX[[#This Row],[Column8]] -> 46294 | I2: =SOFR3mo_PX[[#This Row],[Column9]] -> 46293 | J2: =SOFR3mo_PX[[#This Row],[Column10]] -> 46290 | K2: =SOFR3mo_PX[[#This Row],[Column11]] -> 46289 | L2: =SOFR3mo_PX[[#This Row],[Column12]] -> 46288 | M2: =SOFR3mo_PX[[#This Row],[Column13]] -> 46287 | N2: =SOFR3mo_PX[[#This Row],[Column14]] -> 46286 | O2: =SOFR3mo_PX[[#This Row],[Column15]] -> 46283 | P2: =SOFR3mo_PX[[#This Row],[Column16]] -> 46282 | Q2: =SOFR3mo_PX[[#This Row],[Column17]] -> 46281 | R2: =SOFR3mo_PX[[#This Row],[Column18]] -> 46280 | S2: =SOFR3mo_PX[[#This Row],[Column19]] -> 46279 | T2: =SOFR3mo_PX[[#This Row],[Column20]] -> 46276 | U2: =SOFR3mo_PX[[#This Row],[Column21]] -> 46275 | V2: =SOFR3mo_PX[[#This Row],[Column22]] -> 46274 | W2: =SOFR3mo_PX[[#This Row],[Column23]] -> 46273 | X2: =SOFR3mo_PX[[#This Row],[Column24]] -> 46272 | Y2: =SOFR3mo_PX[[#This Row],[Column25]] -> 46269 | Z2: =SOFR3mo_PX[[#This Row],[Column26]] -> 46268 | AA2: =SOFR3mo_PX[[#This Row],[Column27]] -> 46267 | AB2: =SOFR3mo_PX[[#This Row],[Column28]] -> 46266 | AC2: =SOFR3mo_PX[[#This Row],[Column29]] -> 46265 | AD2: =SOFR3mo_PX[[#This Row],[Column30]] -> 46262 | AE2: =SOFR3mo_PX[[#This Row],[Column31]] -> 46261 | AF2: =SOFR3mo_PX[[#This Row],[Column32]] -> 46260 | AG2: =SOFR3mo_PX[[#This Row],[Column33]] -> 46259 | AH2: =SOFR3mo_PX[[#This Row],[Column34]] -> 46258 | AI2: =SOFR3mo_PX[[#This Row],[Column35]] -> 46255 | AJ2: =SOFR3mo_PX[[#This Row],[Column36]] -> 46254 | AK2: =SOFR3mo_PX[[#This Row],[Column37]] -> 46253 | AL2: =SOFR3mo_PX[[#This Row],[Column38]] -> 46252 | AM2: =SOFR3mo_PX[[#This Row],[Column39]] -> 46251 | AN2: =SOFR3mo_PX[[#This Row],[Column40]] -> 46248 | AO2: =SOFR3mo_PX[[#This Row],[Column41]] -> 46247 | AP2: =SOFR3mo_PX[[#This Row],[Column42]] -> 46246 | AQ2: =SOFR3mo_PX[[#This Row],[Column43]] -> 46245 | AR2: =SOFR3mo_PX[[#This Row],[Column44]] -> 46244 | AS2: =SOFR3mo_PX[[#This Row],[Column45]] -> 46241 | AT2: =SOFR3mo_PX[[#This Row],[Column46]] -> 46240 | AU2: =SOFR3mo_PX[[#This Row],[Column47]] -> 46239 | AV2: =SOFR3mo_PX[[#This Row],[Column48]] -> 46238 | AW2: =SOFR3mo_PX[[#This Row],[Column49]] -> 46237 | AX2: =SOFR3mo_PX[[#This Row],[Column50]] -> 46234 | AY2: =SOFR3mo_PX[[#This Row],[Column51]] -> 46233 | AZ2: =SOFR3mo_PX[[#This Row],[Column52]] -> 46232 | BA2: =SOFR3mo_PX[[#This Row],[Column53]] -> 46231 | BB2: =SOFR3mo_PX[[#This Row],[Column54]] -> 46230 | BC2: =SOFR3mo_PX[[#This Row],[Column55]] -> 46227 | BD2: =SOFR3mo_PX[[#This Row],[Column56]] -> 46226 | BE2: =SOFR3mo_PX[[#This Row],[Column57]] -> 46225 | BF2: =SOFR3mo_PX[[#This Row],[Column58]] -> 46224 | BG2: =SOFR3mo_PX[[#This Row],[Column59]] -> 46223 | BH2: =SOFR3mo_PX[[#This Row],[Column60]] -> 46220 | BI2: =SOFR3mo_PX[[#This Row],[Column61]] -> 46219 | BJ2: =SOFR3mo_PX[[#This Row],[Column62]] -> 46218 | BK2: =SOFR3mo_PX[[#This Row],[Column63]] -> 46217 | BL2: =SOFR3mo_PX[[#This Row],[Column64]] -> 46216 | BM2: =SOFR3mo_PX[[#This Row],[Column65]] -> 46213 | BN2: =SOFR3mo_PX[[#This Row],[Column66]] -> 46212 | BO2: =SOFR3mo_PX[[#This Row],[Column67]] -> 46211 | BP2: =SOFR3mo_PX[[#This Row],[Column68]] -> 46210 | BQ2: =SOFR3mo_PX[[#This Row],[Column69]] -> 46209 | BR2: =SOFR3mo_PX[[#This Row],[Column70]] -> 46206 | BS2: =SOFR3mo_PX[[#This Row],[Column71]] -> 46205 | BT2: =SOFR3mo_PX[[#This Row],[Column72]] -> 46204 | BU2: =SOFR3mo_PX[[#This Row],[Column73]] -> 46203 | BV2: =SOFR3mo_PX[[#This Row],[Column74]] -> 46202 | BW2: =SOFR3mo_PX[[#This Row],[Column75]] -> 46199 | BX2: =SOFR3mo_PX[[#This Row],[Column76]] -> 46198 | BY2: =SOFR3mo_PX[[#This Row],[Column77]] -> 46197 | BZ2: =SOFR3mo_PX[[#This Row],[Column78]] -> 46196 | CA2: =SOFR3mo_PX[[#This Row],[Column79]] -> 46195 | CB2: =SOFR3mo_PX[[#This Row],[Column80]] -> 46192 | CC2: =SOFR3mo_PX[[#This Row],[Column81]] -> 46191 | CD2: =SOFR3mo_PX[[#This Row],[Column82]] -> 46190 | CE2: =SOFR3mo_PX[[#This Row],[Column83]] -> 46189 | CF2: =SOFR3mo_PX[[#This Row],[Column84]] -> 46188 | CG2: =SOFR3mo_PX[[#This Row],[Column85]] -> 46185 | CH2: =SOFR3mo_PX[[#This Row],[Column86]] -> 46184 | CI2: =SOFR3mo_PX[[#This Row],[Column87]] -> 46183 | CJ2: =SOFR3mo_PX[[#This Row],[Column88]] -> 46182 | CK2: =SOFR3mo_PX[[#This Row],[Column89]] -> 46181 | CL2: =SOFR3mo_PX[[#This Row],[Column90]] -> 46178 | CM2: =SOFR3mo_PX[[#This Row],[Column91]] -> 46177
A3: ='cont list_0'!I6 -> U26 | B3: =SOFR3mo_PX[[#This Row],[Column2]] -> 1313010 | C3: =SOFR3mo_PX[[#This Row],[Column3]] -> 1313010 | D3: =SOFR3mo_PX[[#This Row],[Column4]] -> 1322577 | E3: =SOFR3mo_PX[[#This Row],[Column5]] -> 1336046 | F3: =SOFR3mo_PX[[#This Row],[Column6]] -> 1337217 | G3: =SOFR3mo_PX[[#This Row],[Column7]] -> 1369880 | H3: =SOFR3mo_PX[[#This Row],[Column8]] -> 1361416 | I3: =SOFR3mo_PX[[#This Row],[Column9]] -> 1335525 | J3: =SOFR3mo_PX[[#This Row],[Column10]] -> 1348782 | K3: =SOFR3mo_PX[[#This Row],[Column11]] -> 1335557 | L3: =SOFR3mo_PX[[#This Row],[Column12]] -> 1322564 | M3: =SOFR3mo_PX[[#This Row],[Column13]] -> 1306563 | N3: =SOFR3mo_PX[[#This Row],[Column14]] -> 1302004 | O3: =SOFR3mo_PX[[#This Row],[Column15]] -> 1285672 | P3: =SOFR3mo_PX[[#This Row],[Column16]] -> 1298884 | Q3: =SOFR3mo_PX[[#This Row],[Column17]] -> 1342184 | R3: =SOFR3mo_PX[[#This Row],[Column18]] -> 1328928 | S3: =SOFR3mo_PX[[#This Row],[Column19]] -> 1341164 | T3: =SOFR3mo_PX[[#This Row],[Column20]] -> 1340535 | U3: =SOFR3mo_PX[[#This Row],[Column21]] -> 1349516 | V3: =SOFR3mo_PX[[#This Row],[Column22]] -> 1319105 | W3: =SOFR3mo_PX[[#This Row],[Column23]] -> 1328556 | X3: =SOFR3mo_PX[[#This Row],[Column24]] -> 1335309 | Y3: =SOFR3mo_PX[[#This Row],[Column25]] -> 1334979 | Z3: =SOFR3mo_PX[[#This Row],[Column26]] -> 1346256 | AA3: =SOFR3mo_PX[[#This Row],[Column27]] -> 1346111 | AB3: =SOFR3mo_PX[[#This Row],[Column28]] -> 1364634 | AC3: =SOFR3mo_PX[[#This Row],[Column29]] -> 1343413 | AD3: =SOFR3mo_PX[[#This Row],[Column30]] -> 1340956 | AE3: =SOFR3mo_PX[[#This Row],[Column31]] -> 1326680 | AF3: =SOFR3mo_PX[[#This Row],[Column32]] -> 1345176 | AG3: =SOFR3mo_PX[[#This Row],[Column33]] -> 1317019 | AH3: =SOFR3mo_PX[[#This Row],[Column34]] -> 1314716 | AI3: =SOFR3mo_PX[[#This Row],[Column35]] -> 1316208 | AJ3: =SOFR3mo_PX[[#This Row],[Column36]] -> 1310645 | AK3: =SOFR3mo_PX[[#This Row],[Column37]] -> 1324966 | AL3: =SOFR3mo_PX[[#This Row],[Column38]] -> 1356281 | AM3: =SOFR3mo_PX[[#This Row],[Column39]] -> 1309392 | AN3: =SOFR3mo_PX[[#This Row],[Column40]] -> 1313571 | AO3: =SOFR3mo_PX[[#This Row],[Column41]] -> 1321988 | AP3: =SOFR3mo_PX[[#This Row],[Column42]] -> 1316520 | AQ3: =SOFR3mo_PX[[#This Row],[Column43]] -> 1311921 | AR3: =SOFR3mo_PX[[#This Row],[Column44]] -> 1287877 | AS3: =SOFR3mo_PX[[#This Row],[Column45]] -> 1288217 | AT3: =SOFR3mo_PX[[#This Row],[Column46]] -> 1307968 | AU3: =SOFR3mo_PX[[#This Row],[Column47]] -> 1300369 | AV3: =SOFR3mo_PX[[#This Row],[Column48]] -> 1307606 | AW3: =SOFR3mo_PX[[#This Row],[Column49]] -> 1289312 | AX3: =SOFR3mo_PX[[#This Row],[Column50]] -> 1301081 | AY3: =SOFR3mo_PX[[#This Row],[Column51]] -> 1263532 | AZ3: =SOFR3mo_PX[[#This Row],[Column52]] -> 1292934 | BA3: =SOFR3mo_PX[[#This Row],[Column53]] -> 1242998 | BB3: =SOFR3mo_PX[[#This Row],[Column54]] -> 1288621 | BC3: =SOFR3mo_PX[[#This Row],[Column55]] -> 1276108 | BD3: =SOFR3mo_PX[[#This Row],[Column56]] -> 1264084 | BE3: =SOFR3mo_PX[[#This Row],[Column57]] -> 1263307 | BF3: =SOFR3mo_PX[[#This Row],[Column58]] -> 1260348 | BG3: =SOFR3mo_PX[[#This Row],[Column59]] -> 1282235 | BH3: =SOFR3mo_PX[[#This Row],[Column60]] -> 1267997 | BI3: =SOFR3mo_PX[[#This Row],[Column61]] -> 1284349 | BJ3: =SOFR3mo_PX[[#This Row],[Column62]] -> 1304048 | BK3: =SOFR3mo_PX[[#This Row],[Column63]] -> 1274334 | BL3: =SOFR3mo_PX[[#This Row],[Column64]] -> 1267727 | BM3: =SOFR3mo_PX[[#This Row],[Column65]] -> 1299859 | BN3: =SOFR3mo_PX[[#This Row],[Column66]] -> 1318936 | BO3: =SOFR3mo_PX[[#This Row],[Column67]] -> 1310945 | BP3: =SOFR3mo_PX[[#This Row],[Column68]] -> 1301102 | BQ3: =SOFR3mo_PX[[#This Row],[Column69]] -> 1287294 | BR3: =SOFR3mo_PX[[#This Row],[Column70]] -> 1294403 | BS3: =SOFR3mo_PX[[#This Row],[Column71]] -> 1289283 | BT3: =SOFR3mo_PX[[#This Row],[Column72]] -> 1295407 | BU3: =SOFR3mo_PX[[#This Row],[Column73]] -> 1303149 | BV3: =SOFR3mo_PX[[#This Row],[Column74]] -> 1323173 | BW3: =SOFR3mo_PX[[#This Row],[Column75]] -> 1329909 | BX3: =SOFR3mo_PX[[#This Row],[Column76]] -> 1320930 | BY3: =SOFR3mo_PX[[#This Row],[Column77]] -> 1327310 | BZ3: =SOFR3mo_PX[[#This Row],[Column78]] -> 1323016 | CA3: =SOFR3mo_PX[[#This Row],[Column79]] -> 1346603 | CB3: =SOFR3mo_PX[[#This Row],[Column80]] -> 1340889 | CC3: =SOFR3mo_PX[[#This Row],[Column81]] -> 1338568 | CD3: =SOFR3mo_PX[[#This Row],[Column82]] -> 1361498 | CE3: =SOFR3mo_PX[[#This Row],[Column83]] -> 1300215 | CF3: =SOFR3mo_PX[[#This Row],[Column84]] -> 1299563 | CG3: =SOFR3mo_PX[[#This Row],[Column85]] -> 1306538 | CH3: =SOFR3mo_PX[[#This Row],[Column86]] -> 1279547 | CI3: =SOFR3mo_PX[[#This Row],[Column87]] -> 1280782 | CJ3: =SOFR3mo_PX[[#This Row],[Column88]] -> 1282174 | CK3: =SOFR3mo_PX[[#This Row],[Column89]] -> 1296629 | CL3: =SOFR3mo_PX[[#This Row],[Column90]] -> 1286801 | CM3: =SOFR3mo_PX[[#This Row],[Column91]] -> 1291288
A4: ='cont list_0'!I7 -> Z26 | B4: =SOFR3mo_PX[[#This Row],[Column2]] -> 1589081 | C4: =SOFR3mo_PX[[#This Row],[Column3]] -> 1589081 | D4: =SOFR3mo_PX[[#This Row],[Column4]] -> 1606404 | E4: =SOFR3mo_PX[[#This Row],[Column5]] -> 1604509 | F4: =SOFR3mo_PX[[#This Row],[Column6]] -> 1586424 | G4: =SOFR3mo_PX[[#This Row],[Column7]] -> 1668021 | H4: =SOFR3mo_PX[[#This Row],[Column8]] -> 1680008 | I4: =SOFR3mo_PX[[#This Row],[Column9]] -> 1673715 | J4: =SOFR3mo_PX[[#This Row],[Column10]] -> 1670000 | K4: =SOFR3mo_PX[[#This Row],[Column11]] -> 1667494 | L4: =SOFR3mo_PX[[#This Row],[Column12]] -> 1655322 | M4: =SOFR3mo_PX[[#This Row],[Column13]] -> 1631934 | N4: =SOFR3mo_PX[[#This Row],[Column14]] -> 1629657 | O4: =SOFR3mo_PX[[#This Row],[Column15]] -> 1651929 | P4: =SOFR3mo_PX[[#This Row],[Column16]] -> 1673585 | Q4: =SOFR3mo_PX[[#This Row],[Column17]] -> 1651721 | R4: =SOFR3mo_PX[[#This Row],[Column18]] -> 1319566 | S4: =SOFR3mo_PX[[#This Row],[Column19]] -> 1322497 | T4: =SOFR3mo_PX[[#This Row],[Column20]] -> 1304520 | U4: =SOFR3mo_PX[[#This Row],[Column21]] -> 1358557 | V4: =SOFR3mo_PX[[#This Row],[Column22]] -> 1393184 | W4: =SOFR3mo_PX[[#This Row],[Column23]] -> 1394881 | X4: =SOFR3mo_PX[[#This Row],[Column24]] -> 1373315 | Y4: =SOFR3mo_PX[[#This Row],[Column25]] -> 1380530 | Z4: =SOFR3mo_PX[[#This Row],[Column26]] -> 1348233 | AA4: =SOFR3mo_PX[[#This Row],[Column27]] -> 1332497 | AB4: =SOFR3mo_PX[[#This Row],[Column28]] -> 1300514 | AC4: =SOFR3mo_PX[[#This Row],[Column29]] -> 1294961 | AD4: =SOFR3mo_PX[[#This Row],[Column30]] -> 1270143 | AE4: =SOFR3mo_PX[[#This Row],[Column31]] -> 1284968 | AF4: =SOFR3mo_PX[[#This Row],[Column32]] -> 1272122 | AG4: =SOFR3mo_PX[[#This Row],[Column33]] -> 1246513 | AH4: =SOFR3mo_PX[[#This Row],[Column34]] -> 1249966 | AI4: =SOFR3mo_PX[[#This Row],[Column35]] -> 1277298 | AJ4: =SOFR3mo_PX[[#This Row],[Column36]] -> 1272851 | AK4: =SOFR3mo_PX[[#This Row],[Column37]] -> 1313234 | AL4: =SOFR3mo_PX[[#This Row],[Column38]] -> 1368816 | AM4: =SOFR3mo_PX[[#This Row],[Column39]] -> 1339200 | AN4: =SOFR3mo_PX[[#This Row],[Column40]] -> 1353699 | AO4: =SOFR3mo_PX[[#This Row],[Column41]] -> 1414737 | AP4: =SOFR3mo_PX[[#This Row],[Column42]] -> 1402860 | AQ4: =SOFR3mo_PX[[#This Row],[Column43]] -> 1370843 | AR4: =SOFR3mo_PX[[#This Row],[Column44]] -> 1368161 | AS4: =SOFR3mo_PX[[#This Row],[Column45]] -> 1352236 | AT4: =SOFR3mo_PX[[#This Row],[Column46]] -> 1375966 | AU4: =SOFR3mo_PX[[#This Row],[Column47]] -> 1406850 | AV4: =SOFR3mo_PX[[#This Row],[Column48]] -> 1430546 | AW4: =SOFR3mo_PX[[#This Row],[Column49]] -> 1413692 | AX4: =SOFR3mo_PX[[#This Row],[Column50]] -> 1410856 | AY4: =SOFR3mo_PX[[#This Row],[Column51]] -> 1368583 | AZ4: =SOFR3mo_PX[[#This Row],[Column52]] -> 1353348 | BA4: =SOFR3mo_PX[[#This Row],[Column53]] -> 1331089 | BB4: =SOFR3mo_PX[[#This Row],[Column54]] -> 1358762 | BC4: =SOFR3mo_PX[[#This Row],[Column55]] -> 1367038 | BD4: =SOFR3mo_PX[[#This Row],[Column56]] -> 1378658 | BE4: =SOFR3mo_PX[[#This Row],[Column57]] -> 1387820 | BF4: =SOFR3mo_PX[[#This Row],[Column58]] -> 1394235 | BG4: =SOFR3mo_PX[[#This Row],[Column59]] -> 1410008 | BH4: =SOFR3mo_PX[[#This Row],[Column60]] -> 1425759 | BI4: =SOFR3mo_PX[[#This Row],[Column61]] -> 1437566 | BJ4: =SOFR3mo_PX[[#This Row],[Column62]] -> 1429570 | BK4: =SOFR3mo_PX[[#This Row],[Column63]] -> 1455536 | BL4: =SOFR3mo_PX[[#This Row],[Column64]] -> 1495318 | BM4: =SOFR3mo_PX[[#This Row],[Column65]] -> 1500238 | BN4: =SOFR3mo_PX[[#This Row],[Column66]] -> 1460012 | BO4: =SOFR3mo_PX[[#This Row],[Column67]] -> 1470902 | BP4: =SOFR3mo_PX[[#This Row],[Column68]] -> 1465954 | BQ4: =SOFR3mo_PX[[#This Row],[Column69]] -> 1484929 | BR4: =SOFR3mo_PX[[#This Row],[Column70]] -> 1498069 | BS4: =SOFR3mo_PX[[#This Row],[Column71]] -> 1482620 | BT4: =SOFR3mo_PX[[#This Row],[Column72]] -> 1504916 | BU4: =SOFR3mo_PX[[#This Row],[Column73]] -> 1474565 | BV4: =SOFR3mo_PX[[#This Row],[Column74]] -> 1449601 | BW4: =SOFR3mo_PX[[#This Row],[Column75]] -> 1455089 | BX4: =SOFR3mo_PX[[#This Row],[Column76]] -> 1467115 | BY4: =SOFR3mo_PX[[#This Row],[Column77]] -> 1468357 | BZ4: =SOFR3mo_PX[[#This Row],[Column78]] -> 1482918 | CA4: =SOFR3mo_PX[[#This Row],[Column79]] -> 1509921 | CB4: =SOFR3mo_PX[[#This Row],[Column80]] -> 1515294 | CC4: =SOFR3mo_PX[[#This Row],[Column81]] -> 1548136 | CD4: =SOFR3mo_PX[[#This Row],[Column82]] -> 1532002 | CE4: =SOFR3mo_PX[[#This Row],[Column83]] -> 1451904 | CF4: =SOFR3mo_PX[[#This Row],[Column84]] -> 1430644 | CG4: =SOFR3mo_PX[[#This Row],[Column85]] -> 1372687 | CH4: =SOFR3mo_PX[[#This Row],[Column86]] -> 1399166 | CI4: =SOFR3mo_PX[[#This Row],[Column87]] -> 1405587 | CJ4: =SOFR3mo_PX[[#This Row],[Column88]] -> 1387920 | CK4: =SOFR3mo_PX[[#This Row],[Column89]] -> 1379309 | CL4: =SOFR3mo_PX[[#This Row],[Column90]] -> 1382254 | CM4: =SOFR3mo_PX[[#This Row],[Column91]] -> 1375572
A5: ='cont list_0'!I8 -> H27 | B5: =SOFR3mo_PX[[#This Row],[Column2]] -> 1258932 | C5: =SOFR3mo_PX[[#This Row],[Column3]] -> 1258932 | D5: =SOFR3mo_PX[[#This Row],[Column4]] -> 1227015 | E5: =SOFR3mo_PX[[#This Row],[Column5]] -> 1240535 | F5: =SOFR3mo_PX[[#This Row],[Column6]] -> 1208242 | G5: =SOFR3mo_PX[[#This Row],[Column7]] -> 1186643 | H5: =SOFR3mo_PX[[#This Row],[Column8]] -> 1194802 | I5: =SOFR3mo_PX[[#This Row],[Column9]] -> 1192021 | J5: =SOFR3mo_PX[[#This Row],[Column10]] -> 1173592 | K5: =SOFR3mo_PX[[#This Row],[Column11]] -> 1187919 | L5: =SOFR3mo_PX[[#This Row],[Column12]] -> 1207136 | M5: =SOFR3mo_PX[[#This Row],[Column13]] -> 1192259 | N5: =SOFR3mo_PX[[#This Row],[Column14]] -> 1184280 | O5: =SOFR3mo_PX[[#This Row],[Column15]] -> 1208142 | P5: =SOFR3mo_PX[[#This Row],[Column16]] -> 1212305 | Q5: =SOFR3mo_PX[[#This Row],[Column17]] -> 1215336 | R5: =SOFR3mo_PX[[#This Row],[Column18]] -> 1656075 | S5: =SOFR3mo_PX[[#This Row],[Column19]] -> 1673904 | T5: =SOFR3mo_PX[[#This Row],[Column20]] -> 1670349 | U5: =SOFR3mo_PX[[#This Row],[Column21]] -> 1705255 | V5: =SOFR3mo_PX[[#This Row],[Column22]] -> 1719408 | W5: =SOFR3mo_PX[[#This Row],[Column23]] -> 1748297 | X5: =SOFR3mo_PX[[#This Row],[Column24]] -> 1742223 | Y5: =SOFR3mo_PX[[#This Row],[Column25]] -> 1742114 | Z5: =SOFR3mo_PX[[#This Row],[Column26]] -> 1747144 | AA5: =SOFR3mo_PX[[#This Row],[Column27]] -> 1751424 | AB5: =SOFR3mo_PX[[#This Row],[Column28]] -> 1750135 | AC5: =SOFR3mo_PX[[#This Row],[Column29]] -> 1736388 | AD5: =SOFR3mo_PX[[#This Row],[Column30]] -> 1757566 | AE5: =SOFR3mo_PX[[#This Row],[Column31]] -> 1739871 | AF5: =SOFR3mo_PX[[#This Row],[Column32]] -> 1726698 | AG5: =SOFR3mo_PX[[#This Row],[Column33]] -> 1721663 | AH5: =SOFR3mo_PX[[#This Row],[Column34]] -> 1708743 | AI5: =SOFR3mo_PX[[#This Row],[Column35]] -> 1701817 | AJ5: =SOFR3mo_PX[[#This Row],[Column36]] -> 1691819 | AK5: =SOFR3mo_PX[[#This Row],[Column37]] -> 1686445 | AL5: =SOFR3mo_PX[[#This Row],[Column38]] -> 1744057 | AM5: =SOFR3mo_PX[[#This Row],[Column39]] -> 1692475 | AN5: =SOFR3mo_PX[[#This Row],[Column40]] -> 1704711 | AO5: =SOFR3mo_PX[[#This Row],[Column41]] -> 1712993 | AP5: =SOFR3mo_PX[[#This Row],[Column42]] -> 1732680 | AQ5: =SOFR3mo_PX[[#This Row],[Column43]] -> 1743392 | AR5: =SOFR3mo_PX[[#This Row],[Column44]] -> 1764187 | AS5: =SOFR3mo_PX[[#This Row],[Column45]] -> 1745093 | AT5: =SOFR3mo_PX[[#This Row],[Column46]] -> 1729546 | AU5: =SOFR3mo_PX[[#This Row],[Column47]] -> 1714534 | AV5: =SOFR3mo_PX[[#This Row],[Column48]] -> 1713870 | AW5: =SOFR3mo_PX[[#This Row],[Column49]] -> 1710605 | AX5: =SOFR3mo_PX[[#This Row],[Column50]] -> 1682422 | AY5: =SOFR3mo_PX[[#This Row],[Column51]] -> 1661532 | AZ5: =SOFR3mo_PX[[#This Row],[Column52]] -> 1687952 | BA5: =SOFR3mo_PX[[#This Row],[Column53]] -> 1721989 | BB5: =SOFR3mo_PX[[#This Row],[Column54]] -> 1755858 | BC5: =SOFR3mo_PX[[#This Row],[Column55]] -> 1731035 | BD5: =SOFR3mo_PX[[#This Row],[Column56]] -> 1729366 | BE5: =SOFR3mo_PX[[#This Row],[Column57]] -> 1782692 | BF5: =SOFR3mo_PX[[#This Row],[Column58]] -> 1839053 | BG5: =SOFR3mo_PX[[#This Row],[Column59]] -> 1825540 | BH5: =SOFR3mo_PX[[#This Row],[Column60]] -> 1826697 | BI5: =SOFR3mo_PX[[#This Row],[Column61]] -> 1814564 | BJ5: =SOFR3mo_PX[[#This Row],[Column62]] -> 1799075 | BK5: =SOFR3mo_PX[[#This Row],[Column63]] -> 1807378 | BL5: =SOFR3mo_PX[[#This Row],[Column64]] -> 1825920 | BM5: =SOFR3mo_PX[[#This Row],[Column65]] -> 1799317 | BN5: =SOFR3mo_PX[[#This Row],[Column66]] -> 1797599 | BO5: =SOFR3mo_PX[[#This Row],[Column67]] -> 1790208 | BP5: =SOFR3mo_PX[[#This Row],[Column68]] -> 1791905 | BQ5: =SOFR3mo_PX[[#This Row],[Column69]] -> 1783687 | BR5: =SOFR3mo_PX[[#This Row],[Column70]] -> 1782227 | BS5: =SOFR3mo_PX[[#This Row],[Column71]] -> 1780756 | BT5: =SOFR3mo_PX[[#This Row],[Column72]] -> 1788582 | BU5: =SOFR3mo_PX[[#This Row],[Column73]] -> 1817855 | BV5: =SOFR3mo_PX[[#This Row],[Column74]] -> 1814578 | BW5: =SOFR3mo_PX[[#This Row],[Column75]] -> 1825485 | BX5: =SOFR3mo_PX[[#This Row],[Column76]] -> 1811791 | BY5: =SOFR3mo_PX[[#This Row],[Column77]] -> 1785000 | BZ5: =SOFR3mo_PX[[#This Row],[Column78]] -> 1756334 | CA5: =SOFR3mo_PX[[#This Row],[Column79]] -> 1750857 | CB5: =SOFR3mo_PX[[#This Row],[Column80]] -> 1750266 | CC5: =SOFR3mo_PX[[#This Row],[Column81]] -> 1745071 | CD5: =SOFR3mo_PX[[#This Row],[Column82]] -> 1787585 | CE5: =SOFR3mo_PX[[#This Row],[Column83]] -> 1503884 | CF5: =SOFR3mo_PX[[#This Row],[Column84]] -> 1490888 | CG5: =SOFR3mo_PX[[#This Row],[Column85]] -> 1459572 | CH5: =SOFR3mo_PX[[#This Row],[Column86]] -> 1458258 | CI5: =SOFR3mo_PX[[#This Row],[Column87]] -> 1461509 | CJ5: =SOFR3mo_PX[[#This Row],[Column88]] -> 1474438 | CK5: =SOFR3mo_PX[[#This Row],[Column89]] -> 1486080 | CL5: =SOFR3mo_PX[[#This Row],[Column90]] -> 1516392 | CM5: =SOFR3mo_PX[[#This Row],[Column91]] -> 1499636
A6: ='cont list_0'!I9 -> M27 | B6: =SOFR3mo_PX[[#This Row],[Column2]] -> 1266828 | C6: =SOFR3mo_PX[[#This Row],[Column3]] -> 1266828 | D6: =SOFR3mo_PX[[#This Row],[Column4]] -> 1255333 | E6: =SOFR3mo_PX[[#This Row],[Column5]] -> 1240852 | F6: =SOFR3mo_PX[[#This Row],[Column6]] -> 1217552 | G6: =SOFR3mo_PX[[#This Row],[Column7]] -> 1274554 | H6: =SOFR3mo_PX[[#This Row],[Column8]] -> 1278458 | I6: =SOFR3mo_PX[[#This Row],[Column9]] -> 1260920 | J6: =SOFR3mo_PX[[#This Row],[Column10]] -> 1251198 | K6: =SOFR3mo_PX[[#This Row],[Column11]] -> 1236403 | L6: =SOFR3mo_PX[[#This Row],[Column12]] -> 1254171 | M6: =SOFR3mo_PX[[#This Row],[Column13]] -> 1272592 | N6: =SOFR3mo_PX[[#This Row],[Column14]] -> 1257227 | O6: =SOFR3mo_PX[[#This Row],[Column15]] -> 1260279 | P6: =SOFR3mo_PX[[#This Row],[Column16]] -> 1291996 | Q6: =SOFR3mo_PX[[#This Row],[Column17]] -> 1290385 | R6: =SOFR3mo_PX[[#This Row],[Column18]] -> 1133386 | S6: =SOFR3mo_PX[[#This Row],[Column19]] -> 1123726 | T6: =SOFR3mo_PX[[#This Row],[Column20]] -> 1133254 | U6: =SOFR3mo_PX[[#This Row],[Column21]] -> 1134170 | V6: =SOFR3mo_PX[[#This Row],[Column22]] -> 1123094 | W6: =SOFR3mo_PX[[#This Row],[Column23]] -> 1120543 | X6: =SOFR3mo_PX[[#This Row],[Column24]] -> 1124623 | Y6: =SOFR3mo_PX[[#This Row],[Column25]] -> 1124621 | Z6: =SOFR3mo_PX[[#This Row],[Column26]] -> 1131305 | AA6: =SOFR3mo_PX[[#This Row],[Column27]] -> 1122662 | AB6: =SOFR3mo_PX[[#This Row],[Column28]] -> 1105301 | AC6: =SOFR3mo_PX[[#This Row],[Column29]] -> 1134279 | AD6: =SOFR3mo_PX[[#This Row],[Column30]] -> 1112953 | AE6: =SOFR3mo_PX[[#This Row],[Column31]] -> 1111143 | AF6: =SOFR3mo_PX[[#This Row],[Column32]] -> 1106567 | AG6: =SOFR3mo_PX[[#This Row],[Column33]] -> 1092215 | AH6: =SOFR3mo_PX[[#This Row],[Column34]] -> 1093170 | AI6: =SOFR3mo_PX[[#This Row],[Column35]] -> 1089871 | AJ6: =SOFR3mo_PX[[#This Row],[Column36]] -> 1079955 | AK6: =SOFR3mo_PX[[#This Row],[Column37]] -> 1073925 | AL6: =SOFR3mo_PX[[#This Row],[Column38]] -> 1111859 | AM6: =SOFR3mo_PX[[#This Row],[Column39]] -> 1078999 | AN6: =SOFR3mo_PX[[#This Row],[Column40]] -> 1073660 | AO6: =SOFR3mo_PX[[#This Row],[Column41]] -> 1075359 | AP6: =SOFR3mo_PX[[#This Row],[Column42]] -> 1077141 | AQ6: =SOFR3mo_PX[[#This Row],[Column43]] -> 1074005 | AR6: =SOFR3mo_PX[[#This Row],[Column44]] -> 1079655 | AS6: =SOFR3mo_PX[[#This Row],[Column45]] -> 1081633 | AT6: =SOFR3mo_PX[[#This Row],[Column46]] -> 1089906 | AU6: =SOFR3mo_PX[[#This Row],[Column47]] -> 1083614 | AV6: =SOFR3mo_PX[[#This Row],[Column48]] -> 1072918 | AW6: =SOFR3mo_PX[[#This Row],[Column49]] -> 1075474 | AX6: =SOFR3mo_PX[[#This Row],[Column50]] -> 1064793 | AY6: =SOFR3mo_PX[[#This Row],[Column51]] -> 1061557 | AZ6: =SOFR3mo_PX[[#This Row],[Column52]] -> 1051834 | BA6: =SOFR3mo_PX[[#This Row],[Column53]] -> 1070847 | BB6: =SOFR3mo_PX[[#This Row],[Column54]] -> 1088129 | BC6: =SOFR3mo_PX[[#This Row],[Column55]] -> 1099611 | BD6: =SOFR3mo_PX[[#This Row],[Column56]] -> 1107903 | BE6: =SOFR3mo_PX[[#This Row],[Column57]] -> 1123372 | BF6: =SOFR3mo_PX[[#This Row],[Column58]] -> 1133481 | BG6: =SOFR3mo_PX[[#This Row],[Column59]] -> 1119324 | BH6: =SOFR3mo_PX[[#This Row],[Column60]] -> 1123500 | BI6: =SOFR3mo_PX[[#This Row],[Column61]] -> 1144414 | BJ6: =SOFR3mo_PX[[#This Row],[Column62]] -> 1159035 | BK6: =SOFR3mo_PX[[#This Row],[Column63]] -> 1169799 | BL6: =SOFR3mo_PX[[#This Row],[Column64]] -> 1204950 | BM6: =SOFR3mo_PX[[#This Row],[Column65]] -> 1191586 | BN6: =SOFR3mo_PX[[#This Row],[Column66]] -> 1190020 | BO6: =SOFR3mo_PX[[#This Row],[Column67]] -> 1168902 | BP6: =SOFR3mo_PX[[#This Row],[Column68]] -> 1157002 | BQ6: =SOFR3mo_PX[[#This Row],[Column69]] -> 1151649 | BR6: =SOFR3mo_PX[[#This Row],[Column70]] -> 1155497 | BS6: =SOFR3mo_PX[[#This Row],[Column71]] -> 1146502 | BT6: =SOFR3mo_PX[[#This Row],[Column72]] -> 1113033 | BU6: =SOFR3mo_PX[[#This Row],[Column73]] -> 1135287 | BV6: =SOFR3mo_PX[[#This Row],[Column74]] -> 1138372 | BW6: =SOFR3mo_PX[[#This Row],[Column75]] -> 1134084 | BX6: =SOFR3mo_PX[[#This Row],[Column76]] -> 1101586 | BY6: =SOFR3mo_PX[[#This Row],[Column77]] -> 1086500 | BZ6: =SOFR3mo_PX[[#This Row],[Column78]] -> 1086752 | CA6: =SOFR3mo_PX[[#This Row],[Column79]] -> 1115927 | CB6: =SOFR3mo_PX[[#This Row],[Column80]] -> 1121390 | CC6: =SOFR3mo_PX[[#This Row],[Column81]] -> 1125009 | CD6: =SOFR3mo_PX[[#This Row],[Column82]] -> 1135714 | CE6: =SOFR3mo_PX[[#This Row],[Column83]] -> 1729885 | CF6: =SOFR3mo_PX[[#This Row],[Column84]] -> 1667736 | CG6: =SOFR3mo_PX[[#This Row],[Column85]] -> 1625208 | CH6: =SOFR3mo_PX[[#This Row],[Column86]] -> 1611873 | CI6: =SOFR3mo_PX[[#This Row],[Column87]] -> 1585496 | CJ6: =SOFR3mo_PX[[#This Row],[Column88]] -> 1600436 | CK6: =SOFR3mo_PX[[#This Row],[Column89]] -> 1613113 | CL6: =SOFR3mo_PX[[#This Row],[Column90]] -> 1602923 | CM6: =SOFR3mo_PX[[#This Row],[Column91]] -> 1594953
A7: ='cont list_0'!I10 -> U27 | B7: =SOFR3mo_PX[[#This Row],[Column2]] -> 1032737 | C7: =SOFR3mo_PX[[#This Row],[Column3]] -> 1032737 | D7: =SOFR3mo_PX[[#This Row],[Column4]] -> 1025807 | E7: =SOFR3mo_PX[[#This Row],[Column5]] -> 1018057 | F7: =SOFR3mo_PX[[#This Row],[Column6]] -> 1000261 | G7: =SOFR3mo_PX[[#This Row],[Column7]] -> 1002462 | H7: =SOFR3mo_PX[[#This Row],[Column8]] -> 988747 | I7: =SOFR3mo_PX[[#This Row],[Column9]] -> 978893 | J7: =SOFR3mo_PX[[#This Row],[Column10]] -> 962990 | K7: =SOFR3mo_PX[[#This Row],[Column11]] -> 971509 | L7: =SOFR3mo_PX[[#This Row],[Column12]] -> 968298 | M7: =SOFR3mo_PX[[#This Row],[Column13]] -> 940834 | N7: =SOFR3mo_PX[[#This Row],[Column14]] -> 943623 | O7: =SOFR3mo_PX[[#This Row],[Column15]] -> 929860 | P7: =SOFR3mo_PX[[#This Row],[Column16]] -> 940079 | Q7: =SOFR3mo_PX[[#This Row],[Column17]] -> 950909 | R7: =SOFR3mo_PX[[#This Row],[Column18]] -> 1232048 | S7: =SOFR3mo_PX[[#This Row],[Column19]] -> 1229976 | T7: =SOFR3mo_PX[[#This Row],[Column20]] -> 1208289 | U7: =SOFR3mo_PX[[#This Row],[Column21]] -> 1194668 | V7: =SOFR3mo_PX[[#This Row],[Column22]] -> 1183781 | W7: =SOFR3mo_PX[[#This Row],[Column23]] -> 1182968 | X7: =SOFR3mo_PX[[#This Row],[Column24]] -> 1193204 | Y7: =SOFR3mo_PX[[#This Row],[Column25]] -> 1193205 | Z7: =SOFR3mo_PX[[#This Row],[Column26]] -> 1197713 | AA7: =SOFR3mo_PX[[#This Row],[Column27]] -> 1194537 | AB7: =SOFR3mo_PX[[#This Row],[Column28]] -> 1179688 | AC7: =SOFR3mo_PX[[#This Row],[Column29]] -> 1197654 | AD7: =SOFR3mo_PX[[#This Row],[Column30]] -> 1199251 | AE7: =SOFR3mo_PX[[#This Row],[Column31]] -> 1202049 | AF7: =SOFR3mo_PX[[#This Row],[Column32]] -> 1204840 | AG7: =SOFR3mo_PX[[#This Row],[Column33]] -> 1191516 | AH7: =SOFR3mo_PX[[#This Row],[Column34]] -> 1188353 | AI7: =SOFR3mo_PX[[#This Row],[Column35]] -> 1197555 | AJ7: =SOFR3mo_PX[[#This Row],[Column36]] -> 1189647 | AK7: =SOFR3mo_PX[[#This Row],[Column37]] -> 1178941 | AL7: =SOFR3mo_PX[[#This Row],[Column38]] -> 1233665 | AM7: =SOFR3mo_PX[[#This Row],[Column39]] -> 1185272 | AN7: =SOFR3mo_PX[[#This Row],[Column40]] -> 1185056 | AO7: =SOFR3mo_PX[[#This Row],[Column41]] -> 1191862 | AP7: =SOFR3mo_PX[[#This Row],[Column42]] -> 1220869 | AQ7: =SOFR3mo_PX[[#This Row],[Column43]] -> 1218446 | AR7: =SOFR3mo_PX[[#This Row],[Column44]] -> 1223841 | AS7: =SOFR3mo_PX[[#This Row],[Column45]] -> 1220427 | AT7: =SOFR3mo_PX[[#This Row],[Column46]] -> 1224037 | AU7: =SOFR3mo_PX[[#This Row],[Column47]] -> 1224281 | AV7: =SOFR3mo_PX[[#This Row],[Column48]] -> 1223141 | AW7: =SOFR3mo_PX[[#This Row],[Column49]] -> 1219117 | AX7: =SOFR3mo_PX[[#This Row],[Column50]] -> 1179088 | AY7: =SOFR3mo_PX[[#This Row],[Column51]] -> 1156782 | AZ7: =SOFR3mo_PX[[#This Row],[Column52]] -> 1156250 | BA7: =SOFR3mo_PX[[#This Row],[Column53]] -> 1163826 | BB7: =SOFR3mo_PX[[#This Row],[Column54]] -> 1173353 | BC7: =SOFR3mo_PX[[#This Row],[Column55]] -> 1178203 | BD7: =SOFR3mo_PX[[#This Row],[Column56]] -> 1192351 | BE7: =SOFR3mo_PX[[#This Row],[Column57]] -> 1206179 | BF7: =SOFR3mo_PX[[#This Row],[Column58]] -> 1202723 | BG7: =SOFR3mo_PX[[#This Row],[Column59]] -> 1202111 | BH7: =SOFR3mo_PX[[#This Row],[Column60]] -> 1216792 | BI7: =SOFR3mo_PX[[#This Row],[Column61]] -> 1235226 | BJ7: =SOFR3mo_PX[[#This Row],[Column62]] -> 1232067 | BK7: =SOFR3mo_PX[[#This Row],[Column63]] -> 1248758 | BL7: =SOFR3mo_PX[[#This Row],[Column64]] -> 1263926 | BM7: =SOFR3mo_PX[[#This Row],[Column65]] -> 1254056 | BN7: =SOFR3mo_PX[[#This Row],[Column66]] -> 1260699 | BO7: =SOFR3mo_PX[[#This Row],[Column67]] -> 1254697 | BP7: =SOFR3mo_PX[[#This Row],[Column68]] -> 1282854 | BQ7: =SOFR3mo_PX[[#This Row],[Column69]] -> 1280860 | BR7: =SOFR3mo_PX[[#This Row],[Column70]] -> 1296432 | BS7: =SOFR3mo_PX[[#This Row],[Column71]] -> 1273287 | BT7: =SOFR3mo_PX[[#This Row],[Column72]] -> 1269562 | BU7: =SOFR3mo_PX[[#This Row],[Column73]] -> 1282776 | BV7: =SOFR3mo_PX[[#This Row],[Column74]] -> 1265987 | BW7: =SOFR3mo_PX[[#This Row],[Column75]] -> 1265052 | BX7: =SOFR3mo_PX[[#This Row],[Column76]] -> 1233431 | BY7: =SOFR3mo_PX[[#This Row],[Column77]] -> 1189239 | BZ7: =SOFR3mo_PX[[#This Row],[Column78]] -> 1196367 | CA7: =SOFR3mo_PX[[#This Row],[Column79]] -> 1206680 | CB7: =SOFR3mo_PX[[#This Row],[Column80]] -> 1199705 | CC7: =SOFR3mo_PX[[#This Row],[Column81]] -> 1201741 | CD7: =SOFR3mo_PX[[#This Row],[Column82]] -> 1215781 | CE7: =SOFR3mo_PX[[#This Row],[Column83]] -> 1080953 | CF7: =SOFR3mo_PX[[#This Row],[Column84]] -> 1067106 | CG7: =SOFR3mo_PX[[#This Row],[Column85]] -> 1067209 | CH7: =SOFR3mo_PX[[#This Row],[Column86]] -> 1061690 | CI7: =SOFR3mo_PX[[#This Row],[Column87]] -> 1059518 | CJ7: =SOFR3mo_PX[[#This Row],[Column88]] -> 1058635 | CK7: =SOFR3mo_PX[[#This Row],[Column89]] -> 1069589 | CL7: =SOFR3mo_PX[[#This Row],[Column90]] -> 1060874 | CM7: =SOFR3mo_PX[[#This Row],[Column91]] -> 1068276
A8: ='cont list_0'!I11 -> Z27 | B8: =SOFR3mo_PX[[#This Row],[Column2]] -> 1547587 | C8: =SOFR3mo_PX[[#This Row],[Column3]] -> 1547587 | D8: =SOFR3mo_PX[[#This Row],[Column4]] -> 1534904 | E8: =SOFR3mo_PX[[#This Row],[Column5]] -> 1528552 | F8: =SOFR3mo_PX[[#This Row],[Column6]] -> 1502839 | G8: =SOFR3mo_PX[[#This Row],[Column7]] -> 1489764 | H8: =SOFR3mo_PX[[#This Row],[Column8]] -> 1470484 | I8: =SOFR3mo_PX[[#This Row],[Column9]] -> 1465477 | J8: =SOFR3mo_PX[[#This Row],[Column10]] -> 1455648 | K8: =SOFR3mo_PX[[#This Row],[Column11]] -> 1429883 | L8: =SOFR3mo_PX[[#This Row],[Column12]] -> 1433151 | M8: =SOFR3mo_PX[[#This Row],[Column13]] -> 1424925 | N8: =SOFR3mo_PX[[#This Row],[Column14]] -> 1410736 | O8: =SOFR3mo_PX[[#This Row],[Column15]] -> 1412352 | P8: =SOFR3mo_PX[[#This Row],[Column16]] -> 1440259 | Q8: =SOFR3mo_PX[[#This Row],[Column17]] -> 1444496 | R8: =SOFR3mo_PX[[#This Row],[Column18]] -> 944073 | S8: =SOFR3mo_PX[[#This Row],[Column19]] -> 957816 | T8: =SOFR3mo_PX[[#This Row],[Column20]] -> 964462 | U8: =SOFR3mo_PX[[#This Row],[Column21]] -> 942988 | V8: =SOFR3mo_PX[[#This Row],[Column22]] -> 940882 | W8: =SOFR3mo_PX[[#This Row],[Column23]] -> 945455 | X8: =SOFR3mo_PX[[#This Row],[Column24]] -> 936474 | Y8: =SOFR3mo_PX[[#This Row],[Column25]] -> 942442 | Z8: =SOFR3mo_PX[[#This Row],[Column26]] -> 927368 | AA8: =SOFR3mo_PX[[#This Row],[Column27]] -> 909115 | AB8: =SOFR3mo_PX[[#This Row],[Column28]] -> 910768 | AC8: =SOFR3mo_PX[[#This Row],[Column29]] -> 907093 | AD8: =SOFR3mo_PX[[#This Row],[Column30]] -> 908627 | AE8: =SOFR3mo_PX[[#This Row],[Column31]] -> 895985 | AF8: =SOFR3mo_PX[[#This Row],[Column32]] -> 901258 | AG8: =SOFR3mo_PX[[#This Row],[Column33]] -> 902336 | AH8: =SOFR3mo_PX[[#This Row],[Column34]] -> 908989 | AI8: =SOFR3mo_PX[[#This Row],[Column35]] -> 902794 | AJ8: =SOFR3mo_PX[[#This Row],[Column36]] -> 890588 | AK8: =SOFR3mo_PX[[#This Row],[Column37]] -> 897337 | AL8: =SOFR3mo_PX[[#This Row],[Column38]] -> 923844 | AM8: =SOFR3mo_PX[[#This Row],[Column39]] -> 891499 | AN8: =SOFR3mo_PX[[#This Row],[Column40]] -> 894816 | AO8: =SOFR3mo_PX[[#This Row],[Column41]] -> 898716 | AP8: =SOFR3mo_PX[[#This Row],[Column42]] -> 902164 | AQ8: =SOFR3mo_PX[[#This Row],[Column43]] -> 911907 | AR8: =SOFR3mo_PX[[#This Row],[Column44]] -> 917989 | AS8: =SOFR3mo_PX[[#This Row],[Column45]] -> 918696 | AT8: =SOFR3mo_PX[[#This Row],[Column46]] -> 926760 | AU8: =SOFR3mo_PX[[#This Row],[Column47]] -> 924261 | AV8: =SOFR3mo_PX[[#This Row],[Column48]] -> 922126 | AW8: =SOFR3mo_PX[[#This Row],[Column49]] -> 924366 | AX8: =SOFR3mo_PX[[#This Row],[Column50]] -> 924785 | AY8: =SOFR3mo_PX[[#This Row],[Column51]] -> 902330 | AZ8: =SOFR3mo_PX[[#This Row],[Column52]] -> 911292 | BA8: =SOFR3mo_PX[[#This Row],[Column53]] -> 929060 | BB8: =SOFR3mo_PX[[#This Row],[Column54]] -> 928726 | BC8: =SOFR3mo_PX[[#This Row],[Column55]] -> 926888 | BD8: =SOFR3mo_PX[[#This Row],[Column56]] -> 941982 | BE8: =SOFR3mo_PX[[#This Row],[Column57]] -> 928163 | BF8: =SOFR3mo_PX[[#This Row],[Column58]] -> 934224 | BG8: =SOFR3mo_PX[[#This Row],[Column59]] -> 927024 | BH8: =SOFR3mo_PX[[#This Row],[Column60]] -> 933755 | BI8: =SOFR3mo_PX[[#This Row],[Column61]] -> 946364 | BJ8: =SOFR3mo_PX[[#This Row],[Column62]] -> 964812 | BK8: =SOFR3mo_PX[[#This Row],[Column63]] -> 962731 | BL8: =SOFR3mo_PX[[#This Row],[Column64]] -> 965569 | BM8: =SOFR3mo_PX[[#This Row],[Column65]] -> 950017 | BN8: =SOFR3mo_PX[[#This Row],[Column66]] -> 939494 | BO8: =SOFR3mo_PX[[#This Row],[Column67]] -> 942983 | BP8: =SOFR3mo_PX[[#This Row],[Column68]] -> 968718 | BQ8: =SOFR3mo_PX[[#This Row],[Column69]] -> 964111 | BR8: =SOFR3mo_PX[[#This Row],[Column70]] -> 980539 | BS8: =SOFR3mo_PX[[#This Row],[Column71]] -> 960139 | BT8: =SOFR3mo_PX[[#This Row],[Column72]] -> 962609 | BU8: =SOFR3mo_PX[[#This Row],[Column73]] -> 965165 | BV8: =SOFR3mo_PX[[#This Row],[Column74]] -> 950198 | BW8: =SOFR3mo_PX[[#This Row],[Column75]] -> 947802 | BX8: =SOFR3mo_PX[[#This Row],[Column76]] -> 956841 | BY8: =SOFR3mo_PX[[#This Row],[Column77]] -> 898207 | BZ8: =SOFR3mo_PX[[#This Row],[Column78]] -> 896402 | CA8: =SOFR3mo_PX[[#This Row],[Column79]] -> 903524 | CB8: =SOFR3mo_PX[[#This Row],[Column80]] -> 882932 | CC8: =SOFR3mo_PX[[#This Row],[Column81]] -> 904288 | CD8: =SOFR3mo_PX[[#This Row],[Column82]] -> 896281 | CE8: =SOFR3mo_PX[[#This Row],[Column83]] -> 1207760 | CF8: =SOFR3mo_PX[[#This Row],[Column84]] -> 1209008 | CG8: =SOFR3mo_PX[[#This Row],[Column85]] -> 1237784 | CH8: =SOFR3mo_PX[[#This Row],[Column86]] -> 1206003 | CI8: =SOFR3mo_PX[[#This Row],[Column87]] -> 1221015 | CJ8: =SOFR3mo_PX[[#This Row],[Column88]] -> 1212687 | CK8: =SOFR3mo_PX[[#This Row],[Column89]] -> 1219584 | CL8: =SOFR3mo_PX[[#This Row],[Column90]] -> 1193111 | CM8: =SOFR3mo_PX[[#This Row],[Column91]] -> 1199145
A9: ='cont list_0'!I12 -> H28 | B9: =SOFR3mo_PX[[#This Row],[Column2]] -> 803766 | C9: =SOFR3mo_PX[[#This Row],[Column3]] -> 803766 | D9: =SOFR3mo_PX[[#This Row],[Column4]] -> 789606 | E9: =SOFR3mo_PX[[#This Row],[Column5]] -> 779832 | F9: =SOFR3mo_PX[[#This Row],[Column6]] -> 770966 | G9: =SOFR3mo_PX[[#This Row],[Column7]] -> 759713 | H9: =SOFR3mo_PX[[#This Row],[Column8]] -> 751116 | I9: =SOFR3mo_PX[[#This Row],[Column9]] -> 734489 | J9: =SOFR3mo_PX[[#This Row],[Column10]] -> 713752 | K9: =SOFR3mo_PX[[#This Row],[Column11]] -> 729791 | L9: =SOFR3mo_PX[[#This Row],[Column12]] -> 719173 | M9: =SOFR3mo_PX[[#This Row],[Column13]] -> 723328 | N9: =SOFR3mo_PX[[#This Row],[Column14]] -> 712568 | O9: =SOFR3mo_PX[[#This Row],[Column15]] -> 710358 | P9: =SOFR3mo_PX[[#This Row],[Column16]] -> 714106 | Q9: =SOFR3mo_PX[[#This Row],[Column17]] -> 709098 | R9: =SOFR3mo_PX[[#This Row],[Column18]] -> 1412980 | S9: =SOFR3mo_PX[[#This Row],[Column19]] -> 1405710 | T9: =SOFR3mo_PX[[#This Row],[Column20]] -> 1392560 | U9: =SOFR3mo_PX[[#This Row],[Column21]] -> 1400590 | V9: =SOFR3mo_PX[[#This Row],[Column22]] -> 1378573 | W9: =SOFR3mo_PX[[#This Row],[Column23]] -> 1382309 | X9: =SOFR3mo_PX[[#This Row],[Column24]] -> 1386738 | Y9: =SOFR3mo_PX[[#This Row],[Column25]] -> 1386738 | Z9: =SOFR3mo_PX[[#This Row],[Column26]] -> 1371278 | AA9: =SOFR3mo_PX[[#This Row],[Column27]] -> 1351680 | AB9: =SOFR3mo_PX[[#This Row],[Column28]] -> 1348146 | AC9: =SOFR3mo_PX[[#This Row],[Column29]] -> 1325115 | AD9: =SOFR3mo_PX[[#This Row],[Column30]] -> 1320469 | AE9: =SOFR3mo_PX[[#This Row],[Column31]] -> 1315368 | AF9: =SOFR3mo_PX[[#This Row],[Column32]] -> 1338432 | AG9: =SOFR3mo_PX[[#This Row],[Column33]] -> 1357395 | AH9: =SOFR3mo_PX[[#This Row],[Column34]] -> 1373170 | AI9: =SOFR3mo_PX[[#This Row],[Column35]] -> 1362010 | AJ9: =SOFR3mo_PX[[#This Row],[Column36]] -> 1378746 | AK9: =SOFR3mo_PX[[#This Row],[Column37]] -> 1381529 | AL9: =SOFR3mo_PX[[#This Row],[Column38]] -> 1367659 | AM9: =SOFR3mo_PX[[#This Row],[Column39]] -> 1349414 | AN9: =SOFR3mo_PX[[#This Row],[Column40]] -> 1344578 | AO9: =SOFR3mo_PX[[#This Row],[Column41]] -> 1347106 | AP9: =SOFR3mo_PX[[#This Row],[Column42]] -> 1362154 | AQ9: =SOFR3mo_PX[[#This Row],[Column43]] -> 1341745 | AR9: =SOFR3mo_PX[[#This Row],[Column44]] -> 1353584 | AS9: =SOFR3mo_PX[[#This Row],[Column45]] -> 1345706 | AT9: =SOFR3mo_PX[[#This Row],[Column46]] -> 1343733 | AU9: =SOFR3mo_PX[[#This Row],[Column47]] -> 1333596 | AV9: =SOFR3mo_PX[[#This Row],[Column48]] -> 1323215 | AW9: =SOFR3mo_PX[[#This Row],[Column49]] -> 1308309 | AX9: =SOFR3mo_PX[[#This Row],[Column50]] -> 1283577 | AY9: =SOFR3mo_PX[[#This Row],[Column51]] -> 1264904 | AZ9: =SOFR3mo_PX[[#This Row],[Column52]] -> 1298364 | BA9: =SOFR3mo_PX[[#This Row],[Column53]] -> 1311643 | BB9: =SOFR3mo_PX[[#This Row],[Column54]] -> 1324100 | BC9: =SOFR3mo_PX[[#This Row],[Column55]] -> 1329257 | BD9: =SOFR3mo_PX[[#This Row],[Column56]] -> 1313650 | BE9: =SOFR3mo_PX[[#This Row],[Column57]] -> 1279040 | BF9: =SOFR3mo_PX[[#This Row],[Column58]] -> 1284565 | BG9: =SOFR3mo_PX[[#This Row],[Column59]] -> 1244218 | BH9: =SOFR3mo_PX[[#This Row],[Column60]] -> 1237092 | BI9: =SOFR3mo_PX[[#This Row],[Column61]] -> 1250468 | BJ9: =SOFR3mo_PX[[#This Row],[Column62]] -> 1243106 | BK9: =SOFR3mo_PX[[#This Row],[Column63]] -> 1251901 | BL9: =SOFR3mo_PX[[#This Row],[Column64]] -> 1264462 | BM9: =SOFR3mo_PX[[#This Row],[Column65]] -> 1225964 | BN9: =SOFR3mo_PX[[#This Row],[Column66]] -> 1225074 | BO9: =SOFR3mo_PX[[#This Row],[Column67]] -> 1223034 | BP9: =SOFR3mo_PX[[#This Row],[Column68]] -> 1213830 | BQ9: =SOFR3mo_PX[[#This Row],[Column69]] -> 1210342 | BR9: =SOFR3mo_PX[[#This Row],[Column70]] -> 1205081 | BS9: =SOFR3mo_PX[[#This Row],[Column71]] -> 1205082 | BT9: =SOFR3mo_PX[[#This Row],[Column72]] -> 1202474 | BU9: =SOFR3mo_PX[[#This Row],[Column73]] -> 1189336 | BV9: =SOFR3mo_PX[[#This Row],[Column74]] -> 1197020 | BW9: =SOFR3mo_PX[[#This Row],[Column75]] -> 1203467 | BX9: =SOFR3mo_PX[[#This Row],[Column76]] -> 1202778 | BY9: =SOFR3mo_PX[[#This Row],[Column77]] -> 1218390 | BZ9: =SOFR3mo_PX[[#This Row],[Column78]] -> 1212442 | CA9: =SOFR3mo_PX[[#This Row],[Column79]] -> 1214121 | CB9: =SOFR3mo_PX[[#This Row],[Column80]] -> 1238494 | CC9: =SOFR3mo_PX[[#This Row],[Column81]] -> 1236453 | CD9: =SOFR3mo_PX[[#This Row],[Column82]] -> 1207269 | CE9: =SOFR3mo_PX[[#This Row],[Column83]] -> 914008 | CF9: =SOFR3mo_PX[[#This Row],[Column84]] -> 881578 | CG9: =SOFR3mo_PX[[#This Row],[Column85]] -> 871376 | CH9: =SOFR3mo_PX[[#This Row],[Column86]] -> 878244 | CI9: =SOFR3mo_PX[[#This Row],[Column87]] -> 878687 | CJ9: =SOFR3mo_PX[[#This Row],[Column88]] -> 884028 | CK9: =SOFR3mo_PX[[#This Row],[Column89]] -> 874845 | CL9: =SOFR3mo_PX[[#This Row],[Column90]] -> 867787 | CM9: =SOFR3mo_PX[[#This Row],[Column91]] -> 850571
A10: ='cont list_0'!I13 -> M28 | B10: =SOFR3mo_PX[[#This Row],[Column2]] -> 608103 | C10: =SOFR3mo_PX[[#This Row],[Column3]] -> 608103 | D10: =SOFR3mo_PX[[#This Row],[Column4]] -> 601476 | E10: =SOFR3mo_PX[[#This Row],[Column5]] -> 595223 | F10: =SOFR3mo_PX[[#This Row],[Column6]] -> 591761 | G10: =SOFR3mo_PX[[#This Row],[Column7]] -> 584316 | H10: =SOFR3mo_PX[[#This Row],[Column8]] -> 589497 | I10: =SOFR3mo_PX[[#This Row],[Column9]] -> 576442 | J10: =SOFR3mo_PX[[#This Row],[Column10]] -> 568240 | K10: =SOFR3mo_PX[[#This Row],[Column11]] -> 566129 | L10: =SOFR3mo_PX[[#This Row],[Column12]] -> 570602 | M10: =SOFR3mo_PX[[#This Row],[Column13]] -> 587728 | N10: =SOFR3mo_PX[[#This Row],[Column14]] -> 587521 | O10: =SOFR3mo_PX[[#This Row],[Column15]] -> 578596 | P10: =SOFR3mo_PX[[#This Row],[Column16]] -> 585170 | Q10: =SOFR3mo_PX[[#This Row],[Column17]] -> 576130 | R10: =SOFR3mo_PX[[#This Row],[Column18]] -> 692769 | S10: =SOFR3mo_PX[[#This Row],[Column19]] -> 700167 | T10: =SOFR3mo_PX[[#This Row],[Column20]] -> 694859 | U10: =SOFR3mo_PX[[#This Row],[Column21]] -> 695208 | V10: =SOFR3mo_PX[[#This Row],[Column22]] -> 675492 | W10: =SOFR3mo_PX[[#This Row],[Column23]] -> 682973 | X10: =SOFR3mo_PX[[#This Row],[Column24]] -> 683921 | Y10: =SOFR3mo_PX[[#This Row],[Column25]] -> 683921 | Z10: =SOFR3mo_PX[[#This Row],[Column26]] -> 674983 | AA10: =SOFR3mo_PX[[#This Row],[Column27]] -> 673186 | AB10: =SOFR3mo_PX[[#This Row],[Column28]] -> 665782 | AC10: =SOFR3mo_PX[[#This Row],[Column29]] -> 665492 | AD10: =SOFR3mo_PX[[#This Row],[Column30]] -> 670899 | AE10: =SOFR3mo_PX[[#This Row],[Column31]] -> 675003 | AF10: =SOFR3mo_PX[[#This Row],[Column32]] -> 677442 | AG10: =SOFR3mo_PX[[#This Row],[Column33]] -> 693222 | AH10: =SOFR3mo_PX[[#This Row],[Column34]] -> 691852 | AI10: =SOFR3mo_PX[[#This Row],[Column35]] -> 698125 | AJ10: =SOFR3mo_PX[[#This Row],[Column36]] -> 696681 | AK10: =SOFR3mo_PX[[#This Row],[Column37]] -> 712178 | AL10: =SOFR3mo_PX[[#This Row],[Column38]] -> 722375 | AM10: =SOFR3mo_PX[[#This Row],[Column39]] -> 720225 | AN10: =SOFR3mo_PX[[#This Row],[Column40]] -> 727098 | AO10: =SOFR3mo_PX[[#This Row],[Column41]] -> 725781 | AP10: =SOFR3mo_PX[[#This Row],[Column42]] -> 716107 | AQ10: =SOFR3mo_PX[[#This Row],[Column43]] -> 733317 | AR10: =SOFR3mo_PX[[#This Row],[Column44]] -> 735033 | AS10: =SOFR3mo_PX[[#This Row],[Column45]] -> 732701 | AT10: =SOFR3mo_PX[[#This Row],[Column46]] -> 737720 | AU10: =SOFR3mo_PX[[#This Row],[Column47]] -> 742400 | AV10: =SOFR3mo_PX[[#This Row],[Column48]] -> 745626 | AW10: =SOFR3mo_PX[[#This Row],[Column49]] -> 729674 | AX10: =SOFR3mo_PX[[#This Row],[Column50]] -> 722379 | AY10: =SOFR3mo_PX[[#This Row],[Column51]] -> 713163 | AZ10: =SOFR3mo_PX[[#This Row],[Column52]] -> 701659 | BA10: =SOFR3mo_PX[[#This Row],[Column53]] -> 694888 | BB10: =SOFR3mo_PX[[#This Row],[Column54]] -> 699563 | BC10: =SOFR3mo_PX[[#This Row],[Column55]] -> 703817 | BD10: =SOFR3mo_PX[[#This Row],[Column56]] -> 716453 | BE10: =SOFR3mo_PX[[#This Row],[Column57]] -> 714049 | BF10: =SOFR3mo_PX[[#This Row],[Column58]] -> 721344 | BG10: =SOFR3mo_PX[[#This Row],[Column59]] -> 720727 | BH10: =SOFR3mo_PX[[#This Row],[Column60]] -> 726888 | BI10: =SOFR3mo_PX[[#This Row],[Column61]] -> 735721 | BJ10: =SOFR3mo_PX[[#This Row],[Column62]] -> 730539 | BK10: =SOFR3mo_PX[[#This Row],[Column63]] -> 727400 | BL10: =SOFR3mo_PX[[#This Row],[Column64]] -> 726462 | BM10: =SOFR3mo_PX[[#This Row],[Column65]] -> 731443 | BN10: =SOFR3mo_PX[[#This Row],[Column66]] -> 727692 | BO10: =SOFR3mo_PX[[#This Row],[Column67]] -> 730001 | BP10: =SOFR3mo_PX[[#This Row],[Column68]] -> 738184 | BQ10: =SOFR3mo_PX[[#This Row],[Column69]] -> 733052 | BR10: =SOFR3mo_PX[[#This Row],[Column70]] -> 717210 | BS10: =SOFR3mo_PX[[#This Row],[Column71]] -> 717324 | BT10: =SOFR3mo_PX[[#This Row],[Column72]] -> 716716 | BU10: =SOFR3mo_PX[[#This Row],[Column73]] -> 718031 | BV10: =SOFR3mo_PX[[#This Row],[Column74]] -> 710613 | BW10: =SOFR3mo_PX[[#This Row],[Column75]] -> 700349 | BX10: =SOFR3mo_PX[[#This Row],[Column76]] -> 701531 | BY10: =SOFR3mo_PX[[#This Row],[Column77]] -> 701383 | BZ10: =SOFR3mo_PX[[#This Row],[Column78]] -> 708291 | CA10: =SOFR3mo_PX[[#This Row],[Column79]] -> 708189 | CB10: =SOFR3mo_PX[[#This Row],[Column80]] -> 698899 | CC10: =SOFR3mo_PX[[#This Row],[Column81]] -> 706544 | CD10: =SOFR3mo_PX[[#This Row],[Column82]] -> 714550 | CE10: =SOFR3mo_PX[[#This Row],[Column83]] -> 1196661 | CF10: =SOFR3mo_PX[[#This Row],[Column84]] -> 1189775 | CG10: =SOFR3mo_PX[[#This Row],[Column85]] -> 1185200 | CH10: =SOFR3mo_PX[[#This Row],[Column86]] -> 1162426 | CI10: =SOFR3mo_PX[[#This Row],[Column87]] -> 1165640 | CJ10: =SOFR3mo_PX[[#This Row],[Column88]] -> 1155345 | CK10: =SOFR3mo_PX[[#This Row],[Column89]] -> 1143265 | CL10: =SOFR3mo_PX[[#This Row],[Column90]] -> 1142701 | CM10: =SOFR3mo_PX[[#This Row],[Column91]] -> 1107316
A11: ='cont list_0'!I14 -> U28 | B11: =SOFR3mo_PX[[#This Row],[Column2]] -> 639838 | C11: =SOFR3mo_PX[[#This Row],[Column3]] -> 639838 | D11: =SOFR3mo_PX[[#This Row],[Column4]] -> 631849 | E11: =SOFR3mo_PX[[#This Row],[Column5]] -> 622970 | F11: =SOFR3mo_PX[[#This Row],[Column6]] -> 611201 | G11: =SOFR3mo_PX[[#This Row],[Column7]] -> 615528 | H11: =SOFR3mo_PX[[#This Row],[Column8]] -> 612625 | I11: =SOFR3mo_PX[[#This Row],[Column9]] -> 604702 | J11: =SOFR3mo_PX[[#This Row],[Column10]] -> 596550 | K11: =SOFR3mo_PX[[#This Row],[Column11]] -> 588590 | L11: =SOFR3mo_PX[[#This Row],[Column12]] -> 606455 | M11: =SOFR3mo_PX[[#This Row],[Column13]] -> 601130 | N11: =SOFR3mo_PX[[#This Row],[Column14]] -> 584142 | O11: =SOFR3mo_PX[[#This Row],[Column15]] -> 580834 | P11: =SOFR3mo_PX[[#This Row],[Column16]] -> 583461 | Q11: =SOFR3mo_PX[[#This Row],[Column17]] -> 576916 | R11: =SOFR3mo_PX[[#This Row],[Column18]] -> 566901 | S11: =SOFR3mo_PX[[#This Row],[Column19]] -> 588245 | T11: =SOFR3mo_PX[[#This Row],[Column20]] -> 577583 | U11: =SOFR3mo_PX[[#This Row],[Column21]] -> 579439 | V11: =SOFR3mo_PX[[#This Row],[Column22]] -> 584144 | W11: =SOFR3mo_PX[[#This Row],[Column23]] -> 604730 | X11: =SOFR3mo_PX[[#This Row],[Column24]] -> 607996 | Y11: =SOFR3mo_PX[[#This Row],[Column25]] -> 607996 | Z11: =SOFR3mo_PX[[#This Row],[Column26]] -> 617463 | AA11: =SOFR3mo_PX[[#This Row],[Column27]] -> 615150 | AB11: =SOFR3mo_PX[[#This Row],[Column28]] -> 611137 | AC11: =SOFR3mo_PX[[#This Row],[Column29]] -> 616403 | AD11: =SOFR3mo_PX[[#This Row],[Column30]] -> 624526 | AE11: =SOFR3mo_PX[[#This Row],[Column31]] -> 637566 | AF11: =SOFR3mo_PX[[#This Row],[Column32]] -> 662094 | AG11: =SOFR3mo_PX[[#This Row],[Column33]] -> 663989 | AH11: =SOFR3mo_PX[[#This Row],[Column34]] -> 680590 | AI11: =SOFR3mo_PX[[#This Row],[Column35]] -> 705698 | AJ11: =SOFR3mo_PX[[#This Row],[Column36]] -> 714330 | AK11: =SOFR3mo_PX[[#This Row],[Column37]] -> 714112 | AL11: =SOFR3mo_PX[[#This Row],[Column38]] -> 728078 | AM11: =SOFR3mo_PX[[#This Row],[Column39]] -> 720849 | AN11: =SOFR3mo_PX[[#This Row],[Column40]] -> 722343 | AO11: =SOFR3mo_PX[[#This Row],[Column41]] -> 722150 | AP11: =SOFR3mo_PX[[#This Row],[Column42]] -> 713586 | AQ11: =SOFR3mo_PX[[#This Row],[Column43]] -> 706200 | AR11: =SOFR3mo_PX[[#This Row],[Column44]] -> 704751 | AS11: =SOFR3mo_PX[[#This Row],[Column45]] -> 701307 | AT11: =SOFR3mo_PX[[#This Row],[Column46]] -> 663049 | AU11: =SOFR3mo_PX[[#This Row],[Column47]] -> 662070 | AV11: =SOFR3mo_PX[[#This Row],[Column48]] -> 656681 | AW11: =SOFR3mo_PX[[#This Row],[Column49]] -> 649042 | AX11: =SOFR3mo_PX[[#This Row],[Column50]] -> 648201 | AY11: =SOFR3mo_PX[[#This Row],[Column51]] -> 647874 | AZ11: =SOFR3mo_PX[[#This Row],[Column52]] -> 650493 | BA11: =SOFR3mo_PX[[#This Row],[Column53]] -> 656640 | BB11: =SOFR3mo_PX[[#This Row],[Column54]] -> 659953 | BC11: =SOFR3mo_PX[[#This Row],[Column55]] -> 654370 | BD11: =SOFR3mo_PX[[#This Row],[Column56]] -> 662611 | BE11: =SOFR3mo_PX[[#This Row],[Column57]] -> 662305 | BF11: =SOFR3mo_PX[[#This Row],[Column58]] -> 658478 | BG11: =SOFR3mo_PX[[#This Row],[Column59]] -> 654446 | BH11: =SOFR3mo_PX[[#This Row],[Column60]] -> 654593 | BI11: =SOFR3mo_PX[[#This Row],[Column61]] -> 654491 | BJ11: =SOFR3mo_PX[[#This Row],[Column62]] -> 655844 | BK11: =SOFR3mo_PX[[#This Row],[Column63]] -> 650134 | BL11: =SOFR3mo_PX[[#This Row],[Column64]] -> 645745 | BM11: =SOFR3mo_PX[[#This Row],[Column65]] -> 644857 | BN11: =SOFR3mo_PX[[#This Row],[Column66]] -> 642555 | BO11: =SOFR3mo_PX[[#This Row],[Column67]] -> 634530 | BP11: =SOFR3mo_PX[[#This Row],[Column68]] -> 638973 | BQ11: =SOFR3mo_PX[[#This Row],[Column69]] -> 632547 | BR11: =SOFR3mo_PX[[#This Row],[Column70]] -> 644553 | BS11: =SOFR3mo_PX[[#This Row],[Column71]] -> 632133 | BT11: =SOFR3mo_PX[[#This Row],[Column72]] -> 618267 | BU11: =SOFR3mo_PX[[#This Row],[Column73]] -> 621036 | BV11: =SOFR3mo_PX[[#This Row],[Column74]] -> 626602 | BW11: =SOFR3mo_PX[[#This Row],[Column75]] -> 617994 | BX11: =SOFR3mo_PX[[#This Row],[Column76]] -> 619303 | BY11: =SOFR3mo_PX[[#This Row],[Column77]] -> 602772 | BZ11: =SOFR3mo_PX[[#This Row],[Column78]] -> 609247 | CA11: =SOFR3mo_PX[[#This Row],[Column79]] -> 593861 | CB11: =SOFR3mo_PX[[#This Row],[Column80]] -> 588560 | CC11: =SOFR3mo_PX[[#This Row],[Column81]] -> 578483 | CD11: =SOFR3mo_PX[[#This Row],[Column82]] -> 583314 | CE11: =SOFR3mo_PX[[#This Row],[Column83]] -> 698709 | CF11: =SOFR3mo_PX[[#This Row],[Column84]] -> 687105 | CG11: =SOFR3mo_PX[[#This Row],[Column85]] -> 682022 | CH11: =SOFR3mo_PX[[#This Row],[Column86]] -> 686381 | CI11: =SOFR3mo_PX[[#This Row],[Column87]] -> 720423 | CJ11: =SOFR3mo_PX[[#This Row],[Column88]] -> 722609 | CK11: =SOFR3mo_PX[[#This Row],[Column89]] -> 702937 | CL11: =SOFR3mo_PX[[#This Row],[Column90]] -> 696587 | CM11: =SOFR3mo_PX[[#This Row],[Column91]] -> 708989
A12: ='cont list_0'!I15 -> Z28 | B12: =SOFR3mo_PX[[#This Row],[Column2]] -> 504467 | C12: =SOFR3mo_PX[[#This Row],[Column3]] -> 504467 | D12: =SOFR3mo_PX[[#This Row],[Column4]] -> 505038 | E12: =SOFR3mo_PX[[#This Row],[Column5]] -> 503819 | F12: =SOFR3mo_PX[[#This Row],[Column6]] -> 486641 | G12: =SOFR3mo_PX[[#This Row],[Column7]] -> 478680 | H12: =SOFR3mo_PX[[#This Row],[Column8]] -> 469903 | I12: =SOFR3mo_PX[[#This Row],[Column9]] -> 467190 | J12: =SOFR3mo_PX[[#This Row],[Column10]] -> 469372 | K12: =SOFR3mo_PX[[#This Row],[Column11]] -> 471006 | L12: =SOFR3mo_PX[[#This Row],[Column12]] -> 490898 | M12: =SOFR3mo_PX[[#This Row],[Column13]] -> 502253 | N12: =SOFR3mo_PX[[#This Row],[Column14]] -> 512906 | O12: =SOFR3mo_PX[[#This Row],[Column15]] -> 512569 | P12: =SOFR3mo_PX[[#This Row],[Column16]] -> 512035 | Q12: =SOFR3mo_PX[[#This Row],[Column17]] -> 505866 | R12: =SOFR3mo_PX[[#This Row],[Column18]] -> 573077 | S12: =SOFR3mo_PX[[#This Row],[Column19]] -> 568358 | T12: =SOFR3mo_PX[[#This Row],[Column20]] -> 566584 | U12: =SOFR3mo_PX[[#This Row],[Column21]] -> 550309 | V12: =SOFR3mo_PX[[#This Row],[Column22]] -> 509534 | W12: =SOFR3mo_PX[[#This Row],[Column23]] -> 506361 | X12: =SOFR3mo_PX[[#This Row],[Column24]] -> 497209 | Y12: =SOFR3mo_PX[[#This Row],[Column25]] -> 498156 | Z12: =SOFR3mo_PX[[#This Row],[Column26]] -> 491895 | AA12: =SOFR3mo_PX[[#This Row],[Column27]] -> 493402 | AB12: =SOFR3mo_PX[[#This Row],[Column28]] -> 493094 | AC12: =SOFR3mo_PX[[#This Row],[Column29]] -> 493778 | AD12: =SOFR3mo_PX[[#This Row],[Column30]] -> 484558 | AE12: =SOFR3mo_PX[[#This Row],[Column31]] -> 492224 | AF12: =SOFR3mo_PX[[#This Row],[Column32]] -> 491601 | AG12: =SOFR3mo_PX[[#This Row],[Column33]] -> 503553 | AH12: =SOFR3mo_PX[[#This Row],[Column34]] -> 507955 | AI12: =SOFR3mo_PX[[#This Row],[Column35]] -> 514645 | AJ12: =SOFR3mo_PX[[#This Row],[Column36]] -> 521927 | AK12: =SOFR3mo_PX[[#This Row],[Column37]] -> 525621 | AL12: =SOFR3mo_PX[[#This Row],[Column38]] -> 525634 | AM12: =SOFR3mo_PX[[#This Row],[Column39]] -> 512209 | AN12: =SOFR3mo_PX[[#This Row],[Column40]] -> 515976 | AO12: =SOFR3mo_PX[[#This Row],[Column41]] -> 509328 | AP12: =SOFR3mo_PX[[#This Row],[Column42]] -> 505380 | AQ12: =SOFR3mo_PX[[#This Row],[Column43]] -> 507701 | AR12: =SOFR3mo_PX[[#This Row],[Column44]] -> 511472 | AS12: =SOFR3mo_PX[[#This Row],[Column45]] -> 505305 | AT12: =SOFR3mo_PX[[#This Row],[Column46]] -> 501954 | AU12: =SOFR3mo_PX[[#This Row],[Column47]] -> 497579 | AV12: =SOFR3mo_PX[[#This Row],[Column48]] -> 499847 | AW12: =SOFR3mo_PX[[#This Row],[Column49]] -> 499378 | AX12: =SOFR3mo_PX[[#This Row],[Column50]] -> 499404 | AY12: =SOFR3mo_PX[[#This Row],[Column51]] -> 493970 | AZ12: =SOFR3mo_PX[[#This Row],[Column52]] -> 495745 | BA12: =SOFR3mo_PX[[#This Row],[Column53]] -> 501748 | BB12: =SOFR3mo_PX[[#This Row],[Column54]] -> 495271 | BC12: =SOFR3mo_PX[[#This Row],[Column55]] -> 496746 | BD12: =SOFR3mo_PX[[#This Row],[Column56]] -> 502522 | BE12: =SOFR3mo_PX[[#This Row],[Column57]] -> 494586 | BF12: =SOFR3mo_PX[[#This Row],[Column58]] -> 495065 | BG12: =SOFR3mo_PX[[#This Row],[Column59]] -> 494277 | BH12: =SOFR3mo_PX[[#This Row],[Column60]] -> 498537 | BI12: =SOFR3mo_PX[[#This Row],[Column61]] -> 496599 | BJ12: =SOFR3mo_PX[[#This Row],[Column62]] -> 491411 | BK12: =SOFR3mo_PX[[#This Row],[Column63]] -> 489819 | BL12: =SOFR3mo_PX[[#This Row],[Column64]] -> 487356 | BM12: =SOFR3mo_PX[[#This Row],[Column65]] -> 484557 | BN12: =SOFR3mo_PX[[#This Row],[Column66]] -> 484619 | BO12: =SOFR3mo_PX[[#This Row],[Column67]] -> 461061 | BP12: =SOFR3mo_PX[[#This Row],[Column68]] -> 458408 | BQ12: =SOFR3mo_PX[[#This Row],[Column69]] -> 455419 | BR12: =SOFR3mo_PX[[#This Row],[Column70]] -> 450354 | BS12: =SOFR3mo_PX[[#This Row],[Column71]] -> 453062 | BT12: =SOFR3mo_PX[[#This Row],[Column72]] -> 449041 | BU12: =SOFR3mo_PX[[#This Row],[Column73]] -> 446544 | BV12: =SOFR3mo_PX[[#This Row],[Column74]] -> 446463 | BW12: =SOFR3mo_PX[[#This Row],[Column75]] -> 444427 | BX12: =SOFR3mo_PX[[#This Row],[Column76]] -> 438439 | BY12: =SOFR3mo_PX[[#This Row],[Column77]] -> 448327 | BZ12: =SOFR3mo_PX[[#This Row],[Column78]] -> 455747 | CA12: =SOFR3mo_PX[[#This Row],[Column79]] -> 451475 | CB12: =SOFR3mo_PX[[#This Row],[Column80]] -> 457751 | CC12: =SOFR3mo_PX[[#This Row],[Column81]] -> 456977 | CD12: =SOFR3mo_PX[[#This Row],[Column82]] -> 458182 | CE12: =SOFR3mo_PX[[#This Row],[Column83]] -> 577271 | CF12: =SOFR3mo_PX[[#This Row],[Column84]] -> 577551 | CG12: =SOFR3mo_PX[[#This Row],[Column85]] -> 566476 | CH12: =SOFR3mo_PX[[#This Row],[Column86]] -> 585573 | CI12: =SOFR3mo_PX[[#This Row],[Column87]] -> 581026 | CJ12: =SOFR3mo_PX[[#This Row],[Column88]] -> 574290 | CK12: =SOFR3mo_PX[[#This Row],[Column89]] -> 551424 | CL12: =SOFR3mo_PX[[#This Row],[Column90]] -> 538374 | CM12: =SOFR3mo_PX[[#This Row],[Column91]] -> 541725
A13: ='cont list_0'!I16 -> H29 | B13: =SOFR3mo_PX[[#This Row],[Column2]] -> 368080 | C13: =SOFR3mo_PX[[#This Row],[Column3]] -> 368080 | D13: =SOFR3mo_PX[[#This Row],[Column4]] -> 367568 | E13: =SOFR3mo_PX[[#This Row],[Column5]] -> 370889 | F13: =SOFR3mo_PX[[#This Row],[Column6]] -> 364736 | G13: =SOFR3mo_PX[[#This Row],[Column7]] -> 364001 | H13: =SOFR3mo_PX[[#This Row],[Column8]] -> 362355 | I13: =SOFR3mo_PX[[#This Row],[Column9]] -> 360829 | J13: =SOFR3mo_PX[[#This Row],[Column10]] -> 364446 | K13: =SOFR3mo_PX[[#This Row],[Column11]] -> 365538 | L13: =SOFR3mo_PX[[#This Row],[Column12]] -> 364807 | M13: =SOFR3mo_PX[[#This Row],[Column13]] -> 368703 | N13: =SOFR3mo_PX[[#This Row],[Column14]] -> 382080 | O13: =SOFR3mo_PX[[#This Row],[Column15]] -> 386091 | P13: =SOFR3mo_PX[[#This Row],[Column16]] -> 381131 | Q13: =SOFR3mo_PX[[#This Row],[Column17]] -> 380181 | R13: =SOFR3mo_PX[[#This Row],[Column18]] -> 481528 | S13: =SOFR3mo_PX[[#This Row],[Column19]] -> 470342 | T13: =SOFR3mo_PX[[#This Row],[Column20]] -> 473390 | U13: =SOFR3mo_PX[[#This Row],[Column21]] -> 469965 | V13: =SOFR3mo_PX[[#This Row],[Column22]] -> 463810 | W13: =SOFR3mo_PX[[#This Row],[Column23]] -> 462540 | X13: =SOFR3mo_PX[[#This Row],[Column24]] -> 462309 | Y13: =SOFR3mo_PX[[#This Row],[Column25]] -> 462309 | Z13: =SOFR3mo_PX[[#This Row],[Column26]] -> 462860 | AA13: =SOFR3mo_PX[[#This Row],[Column27]] -> 460072 | AB13: =SOFR3mo_PX[[#This Row],[Column28]] -> 457872 | AC13: =SOFR3mo_PX[[#This Row],[Column29]] -> 457151 | AD13: =SOFR3mo_PX[[#This Row],[Column30]] -> 440396 | AE13: =SOFR3mo_PX[[#This Row],[Column31]] -> 451737 | AF13: =SOFR3mo_PX[[#This Row],[Column32]] -> 452818 | AG13: =SOFR3mo_PX[[#This Row],[Column33]] -> 444692 | AH13: =SOFR3mo_PX[[#This Row],[Column34]] -> 454934 | AI13: =SOFR3mo_PX[[#This Row],[Column35]] -> 453703 | AJ13: =SOFR3mo_PX[[#This Row],[Column36]] -> 446375 | AK13: =SOFR3mo_PX[[#This Row],[Column37]] -> 443222 | AL13: =SOFR3mo_PX[[#This Row],[Column38]] -> 447863 | AM13: =SOFR3mo_PX[[#This Row],[Column39]] -> 433442 | AN13: =SOFR3mo_PX[[#This Row],[Column40]] -> 425943 | AO13: =SOFR3mo_PX[[#This Row],[Column41]] -> 419461 | AP13: =SOFR3mo_PX[[#This Row],[Column42]] -> 420901 | AQ13: =SOFR3mo_PX[[#This Row],[Column43]] -> 422813 | AR13: =SOFR3mo_PX[[#This Row],[Column44]] -> 427106 | AS13: =SOFR3mo_PX[[#This Row],[Column45]] -> 429324 | AT13: =SOFR3mo_PX[[#This Row],[Column46]] -> 418127 | AU13: =SOFR3mo_PX[[#This Row],[Column47]] -> 415661 | AV13: =SOFR3mo_PX[[#This Row],[Column48]] -> 410434 | AW13: =SOFR3mo_PX[[#This Row],[Column49]] -> 400134 | AX13: =SOFR3mo_PX[[#This Row],[Column50]] -> 398097 | AY13: =SOFR3mo_PX[[#This Row],[Column51]] -> 391605 | AZ13: =SOFR3mo_PX[[#This Row],[Column52]] -> 403104 | BA13: =SOFR3mo_PX[[#This Row],[Column53]] -> 403214 | BB13: =SOFR3mo_PX[[#This Row],[Column54]] -> 404575 | BC13: =SOFR3mo_PX[[#This Row],[Column55]] -> 402051 | BD13: =SOFR3mo_PX[[#This Row],[Column56]] -> 400941 | BE13: =SOFR3mo_PX[[#This Row],[Column57]] -> 396818 | BF13: =SOFR3mo_PX[[#This Row],[Column58]] -> 397114 | BG13: =SOFR3mo_PX[[#This Row],[Column59]] -> 390883 | BH13: =SOFR3mo_PX[[#This Row],[Column60]] -> 389806 | BI13: =SOFR3mo_PX[[#This Row],[Column61]] -> 387905 | BJ13: =SOFR3mo_PX[[#This Row],[Column62]] -> 395073 | BK13: =SOFR3mo_PX[[#This Row],[Column63]] -> 393925 | BL13: =SOFR3mo_PX[[#This Row],[Column64]] -> 389793 | BM13: =SOFR3mo_PX[[#This Row],[Column65]] -> 390420 | BN13: =SOFR3mo_PX[[#This Row],[Column66]] -> 385847 | BO13: =SOFR3mo_PX[[#This Row],[Column67]] -> 379978 | BP13: =SOFR3mo_PX[[#This Row],[Column68]] -> 386370 | BQ13: =SOFR3mo_PX[[#This Row],[Column69]] -> 385214 | BR13: =SOFR3mo_PX[[#This Row],[Column70]] -> 380948 | BS13: =SOFR3mo_PX[[#This Row],[Column71]] -> 380948 | BT13: =SOFR3mo_PX[[#This Row],[Column72]] -> 371582 | BU13: =SOFR3mo_PX[[#This Row],[Column73]] -> 371285 | BV13: =SOFR3mo_PX[[#This Row],[Column74]] -> 376029 | BW13: =SOFR3mo_PX[[#This Row],[Column75]] -> 375372 | BX13: =SOFR3mo_PX[[#This Row],[Column76]] -> 371534 | BY13: =SOFR3mo_PX[[#This Row],[Column77]] -> 373079 | BZ13: =SOFR3mo_PX[[#This Row],[Column78]] -> 380498 | CA13: =SOFR3mo_PX[[#This Row],[Column79]] -> 374656 | CB13: =SOFR3mo_PX[[#This Row],[Column80]] -> 372854 | CC13: =SOFR3mo_PX[[#This Row],[Column81]] -> 370926 | CD13: =SOFR3mo_PX[[#This Row],[Column82]] -> 374736 | CE13: =SOFR3mo_PX[[#This Row],[Column83]] -> 460847 | CF13: =SOFR3mo_PX[[#This Row],[Column84]] -> 456636 | CG13: =SOFR3mo_PX[[#This Row],[Column85]] -> 455093 | CH13: =SOFR3mo_PX[[#This Row],[Column86]] -> 453889 | CI13: =SOFR3mo_PX[[#This Row],[Column87]] -> 458227 | CJ13: =SOFR3mo_PX[[#This Row],[Column88]] -> 455521 | CK13: =SOFR3mo_PX[[#This Row],[Column89]] -> 455526 | CL13: =SOFR3mo_PX[[#This Row],[Column90]] -> 458299 | CM13: =SOFR3mo_PX[[#This Row],[Column91]] -> 457431
A14: ='cont list_0'!I17 -> M29 | B14: =SOFR3mo_PX[[#This Row],[Column2]] -> 363126 | C14: =SOFR3mo_PX[[#This Row],[Column3]] -> 363126 | D14: =SOFR3mo_PX[[#This Row],[Column4]] -> 364637 | E14: =SOFR3mo_PX[[#This Row],[Column5]] -> 364184 | F14: =SOFR3mo_PX[[#This Row],[Column6]] -> 361768 | G14: =SOFR3mo_PX[[#This Row],[Column7]] -> 359271 | H14: =SOFR3mo_PX[[#This Row],[Column8]] -> 361510 | I14: =SOFR3mo_PX[[#This Row],[Column9]] -> 360482 | J14: =SOFR3mo_PX[[#This Row],[Column10]] -> 364479 | K14: =SOFR3mo_PX[[#This Row],[Column11]] -> 363462 | L14: =SOFR3mo_PX[[#This Row],[Column12]] -> 363537 | M14: =SOFR3mo_PX[[#This Row],[Column13]] -> 369003 | N14: =SOFR3mo_PX[[#This Row],[Column14]] -> 367655 | O14: =SOFR3mo_PX[[#This Row],[Column15]] -> 359854 | P14: =SOFR3mo_PX[[#This Row],[Column16]] -> 366365 | Q14: =SOFR3mo_PX[[#This Row],[Column17]] -> 367680 | R14: =SOFR3mo_PX[[#This Row],[Column18]] -> 391082 | S14: =SOFR3mo_PX[[#This Row],[Column19]] -> 394616 | T14: =SOFR3mo_PX[[#This Row],[Column20]] -> 397687 | U14: =SOFR3mo_PX[[#This Row],[Column21]] -> 400738 | V14: =SOFR3mo_PX[[#This Row],[Column22]] -> 395951 | W14: =SOFR3mo_PX[[#This Row],[Column23]] -> 394341 | X14: =SOFR3mo_PX[[#This Row],[Column24]] -> 384617 | Y14: =SOFR3mo_PX[[#This Row],[Column25]] -> 384617 | Z14: =SOFR3mo_PX[[#This Row],[Column26]] -> 380282 | AA14: =SOFR3mo_PX[[#This Row],[Column27]] -> 375097 | AB14: =SOFR3mo_PX[[#This Row],[Column28]] -> 370228 | AC14: =SOFR3mo_PX[[#This Row],[Column29]] -> 369448 | AD14: =SOFR3mo_PX[[#This Row],[Column30]] -> 366000 | AE14: =SOFR3mo_PX[[#This Row],[Column31]] -> 374701 | AF14: =SOFR3mo_PX[[#This Row],[Column32]] -> 373856 | AG14: =SOFR3mo_PX[[#This Row],[Column33]] -> 372893 | AH14: =SOFR3mo_PX[[#This Row],[Column34]] -> 373612 | AI14: =SOFR3mo_PX[[#This Row],[Column35]] -> 376589 | AJ14: =SOFR3mo_PX[[#This Row],[Column36]] -> 368501 | AK14: =SOFR3mo_PX[[#This Row],[Column37]] -> 376567 | AL14: =SOFR3mo_PX[[#This Row],[Column38]] -> 383607 | AM14: =SOFR3mo_PX[[#This Row],[Column39]] -> 358695 | AN14: =SOFR3mo_PX[[#This Row],[Column40]] -> 355107 | AO14: =SOFR3mo_PX[[#This Row],[Column41]] -> 352544 | AP14: =SOFR3mo_PX[[#This Row],[Column42]] -> 354292 | AQ14: =SOFR3mo_PX[[#This Row],[Column43]] -> 361085 | AR14: =SOFR3mo_PX[[#This Row],[Column44]] -> 363559 | AS14: =SOFR3mo_PX[[#This Row],[Column45]] -> 361346 | AT14: =SOFR3mo_PX[[#This Row],[Column46]] -> 356936 | AU14: =SOFR3mo_PX[[#This Row],[Column47]] -> 357816 | AV14: =SOFR3mo_PX[[#This Row],[Column48]] -> 359896 | AW14: =SOFR3mo_PX[[#This Row],[Column49]] -> 354599 | AX14: =SOFR3mo_PX[[#This Row],[Column50]] -> 357337 | AY14: =SOFR3mo_PX[[#This Row],[Column51]] -> 356343 | AZ14: =SOFR3mo_PX[[#This Row],[Column52]] -> 355252 | BA14: =SOFR3mo_PX[[#This Row],[Column53]] -> 352965 | BB14: =SOFR3mo_PX[[#This Row],[Column54]] -> 354773 | BC14: =SOFR3mo_PX[[#This Row],[Column55]] -> 352383 | BD14: =SOFR3mo_PX[[#This Row],[Column56]] -> 358390 | BE14: =SOFR3mo_PX[[#This Row],[Column57]] -> 358555 | BF14: =SOFR3mo_PX[[#This Row],[Column58]] -> 355616 | BG14: =SOFR3mo_PX[[#This Row],[Column59]] -> 353621 | BH14: =SOFR3mo_PX[[#This Row],[Column60]] -> 352517 | BI14: =SOFR3mo_PX[[#This Row],[Column61]] -> 352286 | BJ14: =SOFR3mo_PX[[#This Row],[Column62]] -> 352578 | BK14: =SOFR3mo_PX[[#This Row],[Column63]] -> 352479 | BL14: =SOFR3mo_PX[[#This Row],[Column64]] -> 350118 | BM14: =SOFR3mo_PX[[#This Row],[Column65]] -> 348619 | BN14: =SOFR3mo_PX[[#This Row],[Column66]] -> 347204 | BO14: =SOFR3mo_PX[[#This Row],[Column67]] -> 330203 | BP14: =SOFR3mo_PX[[#This Row],[Column68]] -> 328173 | BQ14: =SOFR3mo_PX[[#This Row],[Column69]] -> 321698 | BR14: =SOFR3mo_PX[[#This Row],[Column70]] -> 315267 | BS14: =SOFR3mo_PX[[#This Row],[Column71]] -> 315267 | BT14: =SOFR3mo_PX[[#This Row],[Column72]] -> 312214 | BU14: =SOFR3mo_PX[[#This Row],[Column73]] -> 312255 | BV14: =SOFR3mo_PX[[#This Row],[Column74]] -> 309396 | BW14: =SOFR3mo_PX[[#This Row],[Column75]] -> 309700 | BX14: =SOFR3mo_PX[[#This Row],[Column76]] -> 306342 | BY14: =SOFR3mo_PX[[#This Row],[Column77]] -> 301033 | BZ14: =SOFR3mo_PX[[#This Row],[Column78]] -> 303426 | CA14: =SOFR3mo_PX[[#This Row],[Column79]] -> 308381 | CB14: =SOFR3mo_PX[[#This Row],[Column80]] -> 303727 | CC14: =SOFR3mo_PX[[#This Row],[Column81]] -> 303877 | CD14: =SOFR3mo_PX[[#This Row],[Column82]] -> 306807 | CE14: =SOFR3mo_PX[[#This Row],[Column83]] -> 377718 | CF14: =SOFR3mo_PX[[#This Row],[Column84]] -> 388937 | CG14: =SOFR3mo_PX[[#This Row],[Column85]] -> 389993 | CH14: =SOFR3mo_PX[[#This Row],[Column86]] -> 391705 | CI14: =SOFR3mo_PX[[#This Row],[Column87]] -> 394174 | CJ14: =SOFR3mo_PX[[#This Row],[Column88]] -> 407434 | CK14: =SOFR3mo_PX[[#This Row],[Column89]] -> 398949 | CL14: =SOFR3mo_PX[[#This Row],[Column90]] -> 408858 | CM14: =SOFR3mo_PX[[#This Row],[Column91]] -> 396866
... A34: ='cont list_0'!I37 -> M34 | B34: =SOFR3mo_PX[[#This Row],[Column2]] -> 3 | C34: =SOFR3mo_PX[[#This Row],[Column3]] -> 3 | D34: =SOFR3mo_PX[[#This Row],[Column4]] -> 3 | E34: =SOFR3mo_PX[[#This Row],[Column5]] -> 3 | F34: =SOFR3mo_PX[[#This Row],[Column6]] -> 3 | G34: =SOFR3mo_PX[[#This Row],[Column7]] -> 3 | H34: =SOFR3mo_PX[[#This Row],[Column8]] -> 3 | I34: =SOFR3mo_PX[[#This Row],[Column9]] -> 3 | J34: =SOFR3mo_PX[[#This Row],[Column10]] -> 3 | K34: =SOFR3mo_PX[[#This Row],[Column11]] -> 3 | L34: =SOFR3mo_PX[[#This Row],[Column12]] -> 3 | M34: =SOFR3mo_PX[[#This Row],[Column13]] -> 3 | N34: =SOFR3mo_PX[[#This Row],[Column14]] -> 3 | O34: =SOFR3mo_PX[[#This Row],[Column15]] -> 3 | P34: =SOFR3mo_PX[[#This Row],[Column16]] -> 3 | Q34: =SOFR3mo_PX[[#This Row],[Column17]] -> 3 | R34: =SOFR3mo_PX[[#This Row],[Column18]] -> 3 | S34: =SOFR3mo_PX[[#This Row],[Column19]] -> 3 | T34: =SOFR3mo_PX[[#This Row],[Column20]] -> 3 | U34: =SOFR3mo_PX[[#This Row],[Column21]] -> 3 | V34: =SOFR3mo_PX[[#This Row],[Column22]] -> 3 | W34: =SOFR3mo_PX[[#This Row],[Column23]] -> 3 | X34: =SOFR3mo_PX[[#This Row],[Column24]] -> 3 | Y34: =SOFR3mo_PX[[#This Row],[Column25]] -> 3 | Z34: =SOFR3mo_PX[[#This Row],[Column26]] -> 3 | AA34: =SOFR3mo_PX[[#This Row],[Column27]] -> 3 | AB34: =SOFR3mo_PX[[#This Row],[Column28]] -> 3 | AC34: =SOFR3mo_PX[[#This Row],[Column29]] -> 3 | AD34: =SOFR3mo_PX[[#This Row],[Column30]] -> 3 | AE34: =SOFR3mo_PX[[#This Row],[Column31]] -> 3 | AF34: =SOFR3mo_PX[[#This Row],[Column32]] -> 3 | AG34: =SOFR3mo_PX[[#This Row],[Column33]] -> 3 | AH34: =SOFR3mo_PX[[#This Row],[Column34]] -> 3 | AI34: =SOFR3mo_PX[[#This Row],[Column35]] -> 3 | AJ34: =SOFR3mo_PX[[#This Row],[Column36]] -> 3 | AK34: =SOFR3mo_PX[[#This Row],[Column37]] -> 3 | AL34: =SOFR3mo_PX[[#This Row],[Column38]] -> 3 | AM34: =SOFR3mo_PX[[#This Row],[Column39]] -> 3 | AN34: =SOFR3mo_PX[[#This Row],[Column40]] -> 3 | AO34: =SOFR3mo_PX[[#This Row],[Column41]] -> 3 | AP34: =SOFR3mo_PX[[#This Row],[Column42]] -> 3 | AQ34: =SOFR3mo_PX[[#This Row],[Column43]] -> 3 | AR34: =SOFR3mo_PX[[#This Row],[Column44]] -> 3 | AS34: =SOFR3mo_PX[[#This Row],[Column45]] -> 3 | AT34: =SOFR3mo_PX[[#This Row],[Column46]] -> 3 | AU34: =SOFR3mo_PX[[#This Row],[Column47]] -> 3 | AV34: =SOFR3mo_PX[[#This Row],[Column48]] -> 3 | AW34: =SOFR3mo_PX[[#This Row],[Column49]] -> 3 | AX34: =SOFR3mo_PX[[#This Row],[Column50]] -> 3 | AY34: =SOFR3mo_PX[[#This Row],[Column51]] -> 3 | AZ34: =SOFR3mo_PX[[#This Row],[Column52]] -> 3 | BA34: =SOFR3mo_PX[[#This Row],[Column53]] -> 3 | BB34: =SOFR3mo_PX[[#This Row],[Column54]] -> 3 | BC34: =SOFR3mo_PX[[#This Row],[Column55]] -> 3 | BD34: =SOFR3mo_PX[[#This Row],[Column56]] -> 3 | BE34: =SOFR3mo_PX[[#This Row],[Column57]] -> 3 | BF34: =SOFR3mo_PX[[#This Row],[Column58]] -> 3 | BG34: =SOFR3mo_PX[[#This Row],[Column59]] -> 3 | BH34: =SOFR3mo_PX[[#This Row],[Column60]] -> 3 | BI34: =SOFR3mo_PX[[#This Row],[Column61]] -> 3 | BJ34: =SOFR3mo_PX[[#This Row],[Column62]] -> 3 | BK34: =SOFR3mo_PX[[#This Row],[Column63]] -> 3 | BL34: =SOFR3mo_PX[[#This Row],[Column64]] -> 3 | BM34: =SOFR3mo_PX[[#This Row],[Column65]] -> 3 | BN34: =SOFR3mo_PX[[#This Row],[Column66]] -> 3 | BO34: =SOFR3mo_PX[[#This Row],[Column67]] -> 3 | BP34: =SOFR3mo_PX[[#This Row],[Column68]] -> 3 | BQ34: =SOFR3mo_PX[[#This Row],[Column69]] -> 3 | BR34: =SOFR3mo_PX[[#This Row],[Column70]] -> 3 | BS34: =SOFR3mo_PX[[#This Row],[Column71]] -> 3 | BT34: =SOFR3mo_PX[[#This Row],[Column72]] -> 3 | BU34: =SOFR3mo_PX[[#This Row],[Column73]] -> 3 | BV34: =SOFR3mo_PX[[#This Row],[Column74]] -> 3 | BW34: =SOFR3mo_PX[[#This Row],[Column75]] -> 3 | BX34: =SOFR3mo_PX[[#This Row],[Column76]] -> 3 | BY34: =SOFR3mo_PX[[#This Row],[Column77]] -> 3 | BZ34: =SOFR3mo_PX[[#This Row],[Column78]] -> 3 | CA34: =SOFR3mo_PX[[#This Row],[Column79]] -> 3 | CB34: =SOFR3mo_PX[[#This Row],[Column80]] -> 3 | CC34: =SOFR3mo_PX[[#This Row],[Column81]] -> 3 | CD34: =SOFR3mo_PX[[#This Row],[Column82]] -> 3 | CE34: =SOFR3mo_PX[[#This Row],[Column83]] -> 3 | CF34: =SOFR3mo_PX[[#This Row],[Column84]] -> 3 | CG34: =SOFR3mo_PX[[#This Row],[Column85]] -> 3 | CH34: =SOFR3mo_PX[[#This Row],[Column86]] -> 3 | CI34: =SOFR3mo_PX[[#This Row],[Column87]] -> 3 | CJ34: =SOFR3mo_PX[[#This Row],[Column88]] -> 3 | CK34: =SOFR3mo_PX[[#This Row],[Column89]] -> 3 | CL34: =SOFR3mo_PX[[#This Row],[Column90]] -> 3 | CM34: =SOFR3mo_PX[[#This Row],[Column91]] -> 3
B37: =B2 -> 46302
B38: =$B$3-C3 -> 0 | C38: =$B$3-D3 -> -9567 | D38: =$B$3-E3 -> -23036 | E38: =$B$3-F3 -> -24207 | F38: =$B$3-G3 -> -56870
C40: =C4-D5 -> 362066

Sheet FF
A2: =FF_PX[[#This Row],[Column1]] -> Dates | B2: =FF_PX[[#This Row],[Column2]] -> 46302 | C2: =FF_PX[[#This Row],[Column3]] -> 46301 | D2: =FF_PX[[#This Row],[Column4]] -> 46300 | E2: =FF_PX[[#This Row],[Column5]] -> 46297 | F2: =FF_PX[[#This Row],[Column6]] -> 46296 | G2: =FF_PX[[#This Row],[Column7]] -> 46295 | H2: =FF_PX[[#This Row],[Column8]] -> 46294 | I2: =FF_PX[[#This Row],[Column9]] -> 46293 | J2: =FF_PX[[#This Row],[Column10]] -> 46290 | K2: =FF_PX[[#This Row],[Column11]] -> 46289 | L2: =FF_PX[[#This Row],[Column12]] -> 46288 | M2: =FF_PX[[#This Row],[Column13]] -> 46287 | N2: =FF_PX[[#This Row],[Column14]] -> 46286 | O2: =FF_PX[[#This Row],[Column15]] -> 46283 | P2: =FF_PX[[#This Row],[Column16]] -> 46282 | Q2: =FF_PX[[#This Row],[Column17]] -> 46281 | R2: =FF_PX[[#This Row],[Column18]] -> 46280 | S2: =FF_PX[[#This Row],[Column19]] -> 46279 | T2: =FF_PX[[#This Row],[Column20]] -> 46276 | U2: =FF_PX[[#This Row],[Column21]] -> 46275 | V2: =FF_PX[[#This Row],[Column22]] -> 46274 | W2: =FF_PX[[#This Row],[Column23]] -> 46273 | X2: =FF_PX[[#This Row],[Column24]] -> 46272 | Y2: =FF_PX[[#This Row],[Column25]] -> 46269 | Z2: =FF_PX[[#This Row],[Column26]] -> 46268 | AA2: =FF_PX[[#This Row],[Column27]] -> 46267 | AB2: =FF_PX[[#This Row],[Column28]] -> 46266 | AC2: =FF_PX[[#This Row],[Column29]] -> 46265 | AD2: =FF_PX[[#This Row],[Column30]] -> 46262 | AE2: =FF_PX[[#This Row],[Column31]] -> 46261 | AF2: =FF_PX[[#This Row],[Column32]] -> 46260 | AG2: =FF_PX[[#This Row],[Column33]] -> 46259 | AH2: =FF_PX[[#This Row],[Column34]] -> 46258 | AI2: =FF_PX[[#This Row],[Column35]] -> 46255 | AJ2: =FF_PX[[#This Row],[Column36]] -> 46254 | AK2: =FF_PX[[#This Row],[Column37]] -> 46253 | AL2: =FF_PX[[#This Row],[Column38]] -> 46252 | AM2: =FF_PX[[#This Row],[Column39]] -> 46251 | AN2: =FF_PX[[#This Row],[Column40]] -> 46248 | AO2: =FF_PX[[#This Row],[Column41]] -> 46247 | AP2: =FF_PX[[#This Row],[Column42]] -> 46246 | AQ2: =FF_PX[[#This Row],[Column43]] -> 46245 | AR2: =FF_PX[[#This Row],[Column44]] -> 46244 | AS2: =FF_PX[[#This Row],[Column45]] -> 46241 | AT2: =FF_PX[[#This Row],[Column46]] -> 46240 | AU2: =FF_PX[[#This Row],[Column47]] -> 46239 | AV2: =FF_PX[[#This Row],[Column48]] -> 46238 | AW2: =FF_PX[[#This Row],[Column49]] -> 46237 | AX2: =FF_PX[[#This Row],[Column50]] -> 46234 | AY2: =FF_PX[[#This Row],[Column51]] -> 46233 | AZ2: =FF_PX[[#This Row],[Column52]] -> 46232 | BA2: =FF_PX[[#This Row],[Column53]] -> 46231 | BB2: =FF_PX[[#This Row],[Column54]] -> 46230 | BC2: =FF_PX[[#This Row],[Column55]] -> 46227 | BD2: =FF_PX[[#This Row],[Column56]] -> 46226 | BE2: =FF_PX[[#This Row],[Column57]] -> 46225 | BF2: =FF_PX[[#This Row],[Column58]] -> 46224 | BG2: =FF_PX[[#This Row],[Column59]] -> 46223 | BH2: =FF_PX[[#This Row],[Column60]] -> 46220 | BI2: =FF_PX[[#This Row],[Column61]] -> 46219 | BJ2: =FF_PX[[#This Row],[Column62]] -> 46218 | BK2: =FF_PX[[#This Row],[Column63]] -> 46217 | BL2: =FF_PX[[#This Row],[Column64]] -> 46216 | BM2: =FF_PX[[#This Row],[Column65]] -> 46213 | BN2: =FF_PX[[#This Row],[Column66]] -> 46212 | BO2: =FF_PX[[#This Row],[Column67]] -> 46211 | BP2: =FF_PX[[#This Row],[Column68]] -> 46210 | BQ2: =FF_PX[[#This Row],[Column69]] -> 46209 | BR2: =FF_PX[[#This Row],[Column70]] -> 46206 | BS2: =FF_PX[[#This Row],[Column71]] -> 46205 | BT2: =FF_PX[[#This Row],[Column72]] -> 46204 | BU2: =FF_PX[[#This Row],[Column73]] -> 46203 | BV2: =FF_PX[[#This Row],[Column74]] -> 46202 | BW2: =FF_PX[[#This Row],[Column75]] -> 46199 | BX2: =FF_PX[[#This Row],[Column76]] -> 46198 | BY2: =FF_PX[[#This Row],[Column77]] -> 46197 | BZ2: =FF_PX[[#This Row],[Column78]] -> 46196 | CA2: =FF_PX[[#This Row],[Column79]] -> 46195 | CB2: =FF_PX[[#This Row],[Column80]] -> 46192 | CC2: =FF_PX[[#This Row],[Column81]] -> 46191 | CD2: =FF_PX[[#This Row],[Column82]] -> 46190 | CE2: =FF_PX[[#This Row],[Column83]] -> 46189 | CF2: =FF_PX[[#This Row],[Column84]] -> 46188 | CG2: =FF_PX[[#This Row],[Column85]] -> 46185 | CH2: =FF_PX[[#This Row],[Column86]] -> 46184 | CI2: =FF_PX[[#This Row],[Column87]] -> 46183 | CJ2: =FF_PX[[#This Row],[Column88]] -> 46182 | CK2: =FF_PX[[#This Row],[Column89]] -> 46181 | CL2: =FF_PX[[#This Row],[Column90]] -> 46178 | CM2: =FF_PX[[#This Row],[Column91]] -> 46177 | CN2: =FF_PX[[#This Row],[Column92]] -> 46176 | CO2: =FF_PX[[#This Row],[Column93]] -> 46175 | CP2: =FF_PX[[#This Row],[Column94]] -> 46174 | CQ2: =FF_PX[[#This Row],[Column95]] -> 46171 | CR2: =FF_PX[[#This Row],[Column96]] -> 46170 | CS2: =FF_PX[[#This Row],[Column97]] -> 46169 | CT2: =FF_PX[[#This Row],[Column98]] -> 46168 | CU2: =FF_PX[[#This Row],[Column99]] -> 46167 | CV2: =FF_PX[[#This Row],[Column100]] -> 46164 | CW2: =FF_PX[[#This Row],[Column101]] -> 46163 | CX2: =FF_PX[[#This Row],[Column102]] -> 46162 | CY2: =FF_PX[[#This Row],[Column103]] -> 46161 | CZ2: =FF_PX[[#This Row],[Column104]] -> 46160 | DA2: =FF_PX[[#This Row],[Column105]] -> 46157
A3: ='cont list_0'!M6 -> V26 | B3: =FF_PX[[#This Row],[Column2]] -> 684000 | C3: =FF_PX[[#This Row],[Column3]] -> 684000 | D3: =FF_PX[[#This Row],[Column4]] -> 678779 | E3: =FF_PX[[#This Row],[Column5]] -> 682185 | F3: =FF_PX[[#This Row],[Column6]] -> 700599 | G3: =FF_PX[[#This Row],[Column7]] -> 334008 | H3: =FF_PX[[#This Row],[Column8]] -> 325760 | I3: =FF_PX[[#This Row],[Column9]] -> 322622 | J3: =FF_PX[[#This Row],[Column10]] -> 322845 | K3: =FF_PX[[#This Row],[Column11]] -> 320697 | L3: =FF_PX[[#This Row],[Column12]] -> 316415 | M3: =FF_PX[[#This Row],[Column13]] -> 343079 | N3: =FF_PX[[#This Row],[Column14]] -> 314718 | O3: =FF_PX[[#This Row],[Column15]] -> 314265 | P3: =FF_PX[[#This Row],[Column16]] -> 322852 | Q3: =FF_PX[[#This Row],[Column17]] -> 303768 | R3: =FF_PX[[#This Row],[Column18]] -> 277429 | S3: =FF_PX[[#This Row],[Column19]] -> 265462 | T3: =FF_PX[[#This Row],[Column20]] -> 248780 | U3: =FF_PX[[#This Row],[Column21]] -> 258168 | V3: =FF_PX[[#This Row],[Column22]] -> 245648 | W3: =FF_PX[[#This Row],[Column23]] -> 246918 | X3: =FF_PX[[#This Row],[Column24]] -> 241034 | Y3: =FF_PX[[#This Row],[Column25]] -> 241034 | Z3: =FF_PX[[#This Row],[Column26]] -> 242374 | AA3: =FF_PX[[#This Row],[Column27]] -> 234140 | AB3: =FF_PX[[#This Row],[Column28]] -> 240961 | AC3: =FF_PX[[#This Row],[Column29]] -> 799981 | AD3: =FF_PX[[#This Row],[Column30]] -> 801514 | AE3: =FF_PX[[#This Row],[Column31]] -> 800716 | AF3: =FF_PX[[#This Row],[Column32]] -> 799294 | AG3: =FF_PX[[#This Row],[Column33]] -> 804421 | AH3: =FF_PX[[#This Row],[Column34]] -> 805745 | AI3: =FF_PX[[#This Row],[Column35]] -> 802871 | AJ3: =FF_PX[[#This Row],[Column36]] -> 804197 | AK3: =FF_PX[[#This Row],[Column37]] -> 801457 | AL3: =FF_PX[[#This Row],[Column38]] -> 807848 | AM3: =FF_PX[[#This Row],[Column39]] -> 800864 | AN3: =FF_PX[[#This Row],[Column40]] -> 801298 | AO3: =FF_PX[[#This Row],[Column41]] -> 818464 | AP3: =FF_PX[[#This Row],[Column42]] -> 806737 | AQ3: =FF_PX[[#This Row],[Column43]] -> 809336 | AR3: =FF_PX[[#This Row],[Column44]] -> 814662 | AS3: =FF_PX[[#This Row],[Column45]] -> 815717 | AT3: =FF_PX[[#This Row],[Column46]] -> 840045 | AU3: =FF_PX[[#This Row],[Column47]] -> 838467 | AV3: =FF_PX[[#This Row],[Column48]] -> 846154 | AW3: =FF_PX[[#This Row],[Column49]] -> 864598 | AX3: =FF_PX[[#This Row],[Column50]] -> 310924 | AY3: =FF_PX[[#This Row],[Column51]] -> 306130 | AZ3: =FF_PX[[#This Row],[Column52]] -> 306015 | BA3: =FF_PX[[#This Row],[Column53]] -> 311486 | BB3: =FF_PX[[#This Row],[Column54]] -> 319961 | BC3: =FF_PX[[#This Row],[Column55]] -> 321369 | BD3: =FF_PX[[#This Row],[Column56]] -> 318878 | BE3: =FF_PX[[#This Row],[Column57]] -> 321022 | BF3: =FF_PX[[#This Row],[Column58]] -> 320938 | BG3: =FF_PX[[#This Row],[Column59]] -> 312553 | BH3: =FF_PX[[#This Row],[Column60]] -> 321644 | BI3: =FF_PX[[#This Row],[Column61]] -> 342535 | BJ3: =FF_PX[[#This Row],[Column62]] -> 351959 | BK3: =FF_PX[[#This Row],[Column63]] -> 355016 | BL3: =FF_PX[[#This Row],[Column64]] -> 348078 | BM3: =FF_PX[[#This Row],[Column65]] -> 338243 | BN3: =FF_PX[[#This Row],[Column66]] -> 357507 | BO3: =FF_PX[[#This Row],[Column67]] -> 381688 | BP3: =FF_PX[[#This Row],[Column68]] -> 394259 | BQ3: =FF_PX[[#This Row],[Column69]] -> 383379 | BR3: =FF_PX[[#This Row],[Column70]] -> 383247 | BS3: =FF_PX[[#This Row],[Column71]] -> 376967 | BT3: =FF_PX[[#This Row],[Column72]] -> 410700 | BU3: =FF_PX[[#This Row],[Column73]] -> 271846 | BV3: =FF_PX[[#This Row],[Column74]] -> 271410 | BW3: =FF_PX[[#This Row],[Column75]] -> 271460 | BX3: =FF_PX[[#This Row],[Column76]] -> 275717 | BY3: =FF_PX[[#This Row],[Column77]] -> 273710 | BZ3: =FF_PX[[#This Row],[Column78]] -> 277320 | CA3: =FF_PX[[#This Row],[Column79]] -> 277269 | CB3: =FF_PX[[#This Row],[Column80]] -> 283303 | CC3: =FF_PX[[#This Row],[Column81]] -> 272927 | CD3: =FF_PX[[#This Row],[Column82]] -> 288184 | CE3: =FF_PX[[#This Row],[Column83]] -> 291192 | CF3: =FF_PX[[#This Row],[Column84]] -> 279563 | CG3: =FF_PX[[#This Row],[Column85]] -> 268149 | CH3: =FF_PX[[#This Row],[Column86]] -> 272459 | CI3: =FF_PX[[#This Row],[Column87]] -> 262505 | CJ3: =FF_PX[[#This Row],[Column88]] -> 248571 | CK3: =FF_PX[[#This Row],[Column89]] -> 250542 | CL3: =FF_PX[[#This Row],[Column90]] -> 245671 | CM3: =FF_PX[[#This Row],[Column91]] -> 258671 | CN3: =FF_PX[[#This Row],[Column92]] -> 254288 | CO3: =FF_PX[[#This Row],[Column93]] -> 254651 | CP3: =FF_PX[[#This Row],[Column94]] -> 248521 | CQ3: =FF_PX[[#This Row],[Column95]] -> 323246 | CR3: =FF_PX[[#This Row],[Column96]] -> 324391 | CS3: =FF_PX[[#This Row],[Column97]] -> 324416 | CT3: =FF_PX[[#This Row],[Column98]] -> 320965 | CU3: =FF_PX[[#This Row],[Column99]] -> 325473 | CV3: =FF_PX[[#This Row],[Column100]] -> 325473 | CW3: =FF_PX[[#This Row],[Column101]] -> 314232 | CX3: =FF_PX[[#This Row],[Column102]] -> 321563 | CY3: =FF_PX[[#This Row],[Column103]] -> 339047 | CZ3: =FF_PX[[#This Row],[Column104]] -> 331499 | DA3: =FF_PX[[#This Row],[Column105]] -> 325600
A4: ='cont list_0'!M7 -> X26 | B4: =FF_PX[[#This Row],[Column2]] -> 539585 | C4: =FF_PX[[#This Row],[Column3]] -> 539585 | D4: =FF_PX[[#This Row],[Column4]] -> 528363 | E4: =FF_PX[[#This Row],[Column5]] -> 524225 | F4: =FF_PX[[#This Row],[Column6]] -> 481657 | G4: =FF_PX[[#This Row],[Column7]] -> 714879 | H4: =FF_PX[[#This Row],[Column8]] -> 711796 | I4: =FF_PX[[#This Row],[Column9]] -> 710758 | J4: =FF_PX[[#This Row],[Column10]] -> 705210 | K4: =FF_PX[[#This Row],[Column11]] -> 720037 | L4: =FF_PX[[#This Row],[Column12]] -> 711777 | M4: =FF_PX[[#This Row],[Column13]] -> 720216 | N4: =FF_PX[[#This Row],[Column14]] -> 721361 | O4: =FF_PX[[#This Row],[Column15]] -> 728008 | P4: =FF_PX[[#This Row],[Column16]] -> 727149 | Q4: =FF_PX[[#This Row],[Column17]] -> 791103 | R4: =FF_PX[[#This Row],[Column18]] -> 778072 | S4: =FF_PX[[#This Row],[Column19]] -> 756536 | T4: =FF_PX[[#This Row],[Column20]] -> 762890 | U4: =FF_PX[[#This Row],[Column21]] -> 705040 | V4: =FF_PX[[#This Row],[Column22]] -> 662160 | W4: =FF_PX[[#This Row],[Column23]] -> 652162 | X4: =FF_PX[[#This Row],[Column24]] -> 649719 | Y4: =FF_PX[[#This Row],[Column25]] -> 649719 | Z4: =FF_PX[[#This Row],[Column26]] -> 660747 | AA4: =FF_PX[[#This Row],[Column27]] -> 625513 | AB4: =FF_PX[[#This Row],[Column28]] -> 614628 | AC4: =FF_PX[[#This Row],[Column29]] -> 242670 | AD4: =FF_PX[[#This Row],[Column30]] -> 237290 | AE4: =FF_PX[[#This Row],[Column31]] -> 228468 | AF4: =FF_PX[[#This Row],[Column32]] -> 237197 | AG4: =FF_PX[[#This Row],[Column33]] -> 253218 | AH4: =FF_PX[[#This Row],[Column34]] -> 248131 | AI4: =FF_PX[[#This Row],[Column35]] -> 255706 | AJ4: =FF_PX[[#This Row],[Column36]] -> 249354 | AK4: =FF_PX[[#This Row],[Column37]] -> 244349 | AL4: =FF_PX[[#This Row],[Column38]] -> 241416 | AM4: =FF_PX[[#This Row],[Column39]] -> 243136 | AN4: =FF_PX[[#This Row],[Column40]] -> 232477 | AO4: =FF_PX[[#This Row],[Column41]] -> 233385 | AP4: =FF_PX[[#This Row],[Column42]] -> 239884 | AQ4: =FF_PX[[#This Row],[Column43]] -> 233859 | AR4: =FF_PX[[#This Row],[Column44]] -> 256475 | AS4: =FF_PX[[#This Row],[Column45]] -> 236789 | AT4: =FF_PX[[#This Row],[Column46]] -> 235297 | AU4: =FF_PX[[#This Row],[Column47]] -> 232897 | AV4: =FF_PX[[#This Row],[Column48]] -> 232684 | AW4: =FF_PX[[#This Row],[Column49]] -> 222469 | AX4: =FF_PX[[#This Row],[Column50]] -> 863367 | AY4: =FF_PX[[#This Row],[Column51]] -> 880650 | AZ4: =FF_PX[[#This Row],[Column52]] -> 867816 | BA4: =FF_PX[[#This Row],[Column53]] -> 1007099 | BB4: =FF_PX[[#This Row],[Column54]] -> 967136 | BC4: =FF_PX[[#This Row],[Column55]] -> 909714 | BD4: =FF_PX[[#This Row],[Column56]] -> 871990 | BE4: =FF_PX[[#This Row],[Column57]] -> 891064 | BF4: =FF_PX[[#This Row],[Column58]] -> 841268 | BG4: =FF_PX[[#This Row],[Column59]] -> 790484 | BH4: =FF_PX[[#This Row],[Column60]] -> 787297 | BI4: =FF_PX[[#This Row],[Column61]] -> 775488 | BJ4: =FF_PX[[#This Row],[Column62]] -> 758920 | BK4: =FF_PX[[#This Row],[Column63]] -> 735699 | BL4: =FF_PX[[#This Row],[Column64]] -> 740621 | BM4: =FF_PX[[#This Row],[Column65]] -> 721508 | BN4: =FF_PX[[#This Row],[Column66]] -> 721711 | BO4: =FF_PX[[#This Row],[Column67]] -> 718410 | BP4: =FF_PX[[#This Row],[Column68]] -> 712849 | BQ4: =FF_PX[[#This Row],[Column69]] -> 710124 | BR4: =FF_PX[[#This Row],[Column70]] -> 650369 | BS4: =FF_PX[[#This Row],[Column71]] -> 650369 | BT4: =FF_PX[[#This Row],[Column72]] -> 607336 | BU4: =FF_PX[[#This Row],[Column73]] -> 392153 | BV4: =FF_PX[[#This Row],[Column74]] -> 365476 | BW4: =FF_PX[[#This Row],[Column75]] -> 349693 | BX4: =FF_PX[[#This Row],[Column76]] -> 347112 | BY4: =FF_PX[[#This Row],[Column77]] -> 325028 | BZ4: =FF_PX[[#This Row],[Column78]] -> 320644 | CA4: =FF_PX[[#This Row],[Column79]] -> 318746 | CB4: =FF_PX[[#This Row],[Column80]] -> 341995 | CC4: =FF_PX[[#This Row],[Column81]] -> 325844 | CD4: =FF_PX[[#This Row],[Column82]] -> 321774 | CE4: =FF_PX[[#This Row],[Column83]] -> 324548 | CF4: =FF_PX[[#This Row],[Column84]] -> 323658 | CG4: =FF_PX[[#This Row],[Column85]] -> 314618 | CH4: =FF_PX[[#This Row],[Column86]] -> 313708 | CI4: =FF_PX[[#This Row],[Column87]] -> 295342 | CJ4: =FF_PX[[#This Row],[Column88]] -> 297068 | CK4: =FF_PX[[#This Row],[Column89]] -> 296535 | CL4: =FF_PX[[#This Row],[Column90]] -> 307310 | CM4: =FF_PX[[#This Row],[Column91]] -> 317858 | CN4: =FF_PX[[#This Row],[Column92]] -> 298794 | CO4: =FF_PX[[#This Row],[Column93]] -> 303432 | CP4: =FF_PX[[#This Row],[Column94]] -> 311629 | CQ4: =FF_PX[[#This Row],[Column95]] -> 249167 | CR4: =FF_PX[[#This Row],[Column96]] -> 243531 | CS4: =FF_PX[[#This Row],[Column97]] -> 243171 | CT4: =FF_PX[[#This Row],[Column98]] -> 242292 | CU4: =FF_PX[[#This Row],[Column99]] -> 250240 | CV4: =FF_PX[[#This Row],[Column100]] -> 250240 | CW4: =FF_PX[[#This Row],[Column101]] -> 235593 | CX4: =FF_PX[[#This Row],[Column102]] -> 231524 | CY4: =FF_PX[[#This Row],[Column103]] -> 232215 | CZ4: =FF_PX[[#This Row],[Column104]] -> 251709 | DA4: =FF_PX[[#This Row],[Column105]] -> 243400
A5: ='cont list_0'!M8 -> Z26 | B5: =FF_PX[[#This Row],[Column2]] -> 226756 | C5: =FF_PX[[#This Row],[Column3]] -> 226756 | D5: =FF_PX[[#This Row],[Column4]] -> 222313 | E5: =FF_PX[[#This Row],[Column5]] -> 224172 | F5: =FF_PX[[#This Row],[Column6]] -> 233980 | G5: =FF_PX[[#This Row],[Column7]] -> 475821 | H5: =FF_PX[[#This Row],[Column8]] -> 437430 | I5: =FF_PX[[#This Row],[Column9]] -> 419680 | J5: =FF_PX[[#This Row],[Column10]] -> 405736 | K5: =FF_PX[[#This Row],[Column11]] -> 407559 | L5: =FF_PX[[#This Row],[Column12]] -> 400084 | M5: =FF_PX[[#This Row],[Column13]] -> 423986 | N5: =FF_PX[[#This Row],[Column14]] -> 399821 | O5: =FF_PX[[#This Row],[Column15]] -> 391786 | P5: =FF_PX[[#This Row],[Column16]] -> 380046 | Q5: =FF_PX[[#This Row],[Column17]] -> 395799 | R5: =FF_PX[[#This Row],[Column18]] -> 391010 | S5: =FF_PX[[#This Row],[Column19]] -> 402926 | T5: =FF_PX[[#This Row],[Column20]] -> 369945 | U5: =FF_PX[[#This Row],[Column21]] -> 329878 | V5: =FF_PX[[#This Row],[Column22]] -> 345498 | W5: =FF_PX[[#This Row],[Column23]] -> 346069 | X5: =FF_PX[[#This Row],[Column24]] -> 338719 | Y5: =FF_PX[[#This Row],[Column25]] -> 338719 | Z5: =FF_PX[[#This Row],[Column26]] -> 342540 | AA5: =FF_PX[[#This Row],[Column27]] -> 337038 | AB5: =FF_PX[[#This Row],[Column28]] -> 339252 | AC5: =FF_PX[[#This Row],[Column29]] -> 616610 | AD5: =FF_PX[[#This Row],[Column30]] -> 638254 | AE5: =FF_PX[[#This Row],[Column31]] -> 578593 | AF5: =FF_PX[[#This Row],[Column32]] -> 610668 | AG5: =FF_PX[[#This Row],[Column33]] -> 583385 | AH5: =FF_PX[[#This Row],[Column34]] -> 577111 | AI5: =FF_PX[[#This Row],[Column35]] -> 569132 | AJ5: =FF_PX[[#This Row],[Column36]] -> 558386 | AK5: =FF_PX[[#This Row],[Column37]] -> 546430 | AL5: =FF_PX[[#This Row],[Column38]] -> 544043 | AM5: =FF_PX[[#This Row],[Column39]] -> 540420 | AN5: =FF_PX[[#This Row],[Column40]] -> 521841 | AO5: =FF_PX[[#This Row],[Column41]] -> 526638 | AP5: =FF_PX[[#This Row],[Column42]] -> 530739 | AQ5: =FF_PX[[#This Row],[Column43]] -> 494847 | AR5: =FF_PX[[#This Row],[Column44]] -> 505097 | AS5: =FF_PX[[#This Row],[Column45]] -> 490816 | AT5: =FF_PX[[#This Row],[Column46]] -> 505068 | AU5: =FF_PX[[#This Row],[Column47]] -> 457315 | AV5: =FF_PX[[#This Row],[Column48]] -> 458802 | AW5: =FF_PX[[#This Row],[Column49]] -> 452516 | AX5: =FF_PX[[#This Row],[Column50]] -> 221602 | AY5: =FF_PX[[#This Row],[Column51]] -> 212586 | AZ5: =FF_PX[[#This Row],[Column52]] -> 213116 | BA5: =FF_PX[[#This Row],[Column53]] -> 214024 | BB5: =FF_PX[[#This Row],[Column54]] -> 193577 | BC5: =FF_PX[[#This Row],[Column55]] -> 195410 | BD5: =FF_PX[[#This Row],[Column56]] -> 206202 | BE5: =FF_PX[[#This Row],[Column57]] -> 201838 | BF5: =FF_PX[[#This Row],[Column58]] -> 202334 | BG5: =FF_PX[[#This Row],[Column59]] -> 194983 | BH5: =FF_PX[[#This Row],[Column60]] -> 193039 | BI5: =FF_PX[[#This Row],[Column61]] -> 189453 | BJ5: =FF_PX[[#This Row],[Column62]] -> 182143 | BK5: =FF_PX[[#This Row],[Column63]] -> 178728 | BL5: =FF_PX[[#This Row],[Column64]] -> 176136 | BM5: =FF_PX[[#This Row],[Column65]] -> 167375 | BN5: =FF_PX[[#This Row],[Column66]] -> 168160 | BO5: =FF_PX[[#This Row],[Column67]] -> 166545 | BP5: =FF_PX[[#This Row],[Column68]] -> 175321 | BQ5: =FF_PX[[#This Row],[Column69]] -> 173256 | BR5: =FF_PX[[#This Row],[Column70]] -> 169833 | BS5: =FF_PX[[#This Row],[Column71]] -> 169833 | BT5: =FF_PX[[#This Row],[Column72]] -> 167056 | BU5: =FF_PX[[#This Row],[Column73]] -> 585343 | BV5: =FF_PX[[#This Row],[Column74]] -> 587884 | BW5: =FF_PX[[#This Row],[Column75]] -> 588110 | BX5: =FF_PX[[#This Row],[Column76]] -> 557379 | BY5: =FF_PX[[#This Row],[Column77]] -> 551380 | BZ5: =FF_PX[[#This Row],[Column78]] -> 519242 | CA5: =FF_PX[[#This Row],[Column79]] -> 491100 | CB5: =FF_PX[[#This Row],[Column80]] -> 542815 | CC5: =FF_PX[[#This Row],[Column81]] -> 531307 | CD5: =FF_PX[[#This Row],[Column82]] -> 520656 | CE5: =FF_PX[[#This Row],[Column83]] -> 453680 | CF5: =FF_PX[[#This Row],[Column84]] -> 402934 | CG5: =FF_PX[[#This Row],[Column85]] -> 383736 | CH5: =FF_PX[[#This Row],[Column86]] -> 378572 | CI5: =FF_PX[[#This Row],[Column87]] -> 368734 | CJ5: =FF_PX[[#This Row],[Column88]] -> 364268 | CK5: =FF_PX[[#This Row],[Column89]] -> 355303 | CL5: =FF_PX[[#This Row],[Column90]] -> 336250 | CM5: =FF_PX[[#This Row],[Column91]] -> 314998 | CN5: =FF_PX[[#This Row],[Column92]] -> 306486 | CO5: =FF_PX[[#This Row],[Column93]] -> 316663 | CP5: =FF_PX[[#This Row],[Column94]] -> 321053 | CQ5: =FF_PX[[#This Row],[Column95]] -> 300654 | CR5: =FF_PX[[#This Row],[Column96]] -> 304948 | CS5: =FF_PX[[#This Row],[Column97]] -> 295703 | CT5: =FF_PX[[#This Row],[Column98]] -> 296314 | CU5: =FF_PX[[#This Row],[Column99]] -> 297152 | CV5: =FF_PX[[#This Row],[Column100]] -> 297152 | CW5: =FF_PX[[#This Row],[Column101]] -> 289312 | CX5: =FF_PX[[#This Row],[Column102]] -> 289148 | CY5: =FF_PX[[#This Row],[Column103]] -> 291788 | CZ5: =FF_PX[[#This Row],[Column104]] -> 274982 | DA5: =FF_PX[[#This Row],[Column105]] -> 254664
A6: ='cont list_0'!M9 -> F27 | B6: =FF_PX[[#This Row],[Column2]] -> 382095 | C6: =FF_PX[[#This Row],[Column3]] -> 382095 | D6: =FF_PX[[#This Row],[Column4]] -> 389477 | E6: =FF_PX[[#This Row],[Column5]] -> 388196 | F6: =FF_PX[[#This Row],[Column6]] -> 388620 | G6: =FF_PX[[#This Row],[Column7]] -> 233757 | H6: =FF_PX[[#This Row],[Column8]] -> 233053 | I6: =FF_PX[[#This Row],[Column9]] -> 232324 | J6: =FF_PX[[#This Row],[Column10]] -> 228856 | K6: =FF_PX[[#This Row],[Column11]] -> 220175 | L6: =FF_PX[[#This Row],[Column12]] -> 222801 | M6: =FF_PX[[#This Row],[Column13]] -> 226406 | N6: =FF_PX[[#This Row],[Column14]] -> 227434 | O6: =FF_PX[[#This Row],[Column15]] -> 226703 | P6: =FF_PX[[#This Row],[Column16]] -> 225745 | Q6: =FF_PX[[#This Row],[Column17]] -> 218948 | R6: =FF_PX[[#This Row],[Column18]] -> 216163 | S6: =FF_PX[[#This Row],[Column19]] -> 217387 | T6: =FF_PX[[#This Row],[Column20]] -> 216469 | U6: =FF_PX[[#This Row],[Column21]] -> 219906 | V6: =FF_PX[[#This Row],[Column22]] -> 221652 | W6: =FF_PX[[#This Row],[Column23]] -> 219855 | X6: =FF_PX[[#This Row],[Column24]] -> 219617 | Y6: =FF_PX[[#This Row],[Column25]] -> 219603 | Z6: =FF_PX[[#This Row],[Column26]] -> 214382 | AA6: =FF_PX[[#This Row],[Column27]] -> 209464 | AB6: =FF_PX[[#This Row],[Column28]] -> 213527 | AC6: =FF_PX[[#This Row],[Column29]] -> 348857 | AD6: =FF_PX[[#This Row],[Column30]] -> 362138 | AE6: =FF_PX[[#This Row],[Column31]] -> 318656 | AF6: =FF_PX[[#This Row],[Column32]] -> 322416 | AG6: =FF_PX[[#This Row],[Column33]] -> 326839 | AH6: =FF_PX[[#This Row],[Column34]] -> 302933 | AI6: =FF_PX[[#This Row],[Column35]] -> 302928 | AJ6: =FF_PX[[#This Row],[Column36]] -> 297692 | AK6: =FF_PX[[#This Row],[Column37]] -> 276659 | AL6: =FF_PX[[#This Row],[Column38]] -> 270874 | AM6: =FF_PX[[#This Row],[Column39]] -> 262258 | AN6: =FF_PX[[#This Row],[Column40]] -> 252144 | AO6: =FF_PX[[#This Row],[Column41]] -> 249463 | AP6: =FF_PX[[#This Row],[Column42]] -> 250497 | AQ6: =FF_PX[[#This Row],[Column43]] -> 245671 | AR6: =FF_PX[[#This Row],[Column44]] -> 244341 | AS6: =FF_PX[[#This Row],[Column45]] -> 241270 | AT6: =FF_PX[[#This Row],[Column46]] -> 240588 | AU6: =FF_PX[[#This Row],[Column47]] -> 235069 | AV6: =FF_PX[[#This Row],[Column48]] -> 241578 | AW6: =FF_PX[[#This Row],[Column49]] -> 231882 | AX6: =FF_PX[[#This Row],[Column50]] -> 452236 | AY6: =FF_PX[[#This Row],[Column51]] -> 428149 | AZ6: =FF_PX[[#This Row],[Column52]] -> 394994 | BA6: =FF_PX[[#This Row],[Column53]] -> 378490 | BB6: =FF_PX[[#This Row],[Column54]] -> 368001 | BC6: =FF_PX[[#This Row],[Column55]] -> 358222 | BD6: =FF_PX[[#This Row],[Column56]] -> 351069 | BE6: =FF_PX[[#This Row],[Column57]] -> 330196 | BF6: =FF_PX[[#This Row],[Column58]] -> 312717 | BG6: =FF_PX[[#This Row],[Column59]] -> 310645 | BH6: =FF_PX[[#This Row],[Column60]] -> 305840 | BI6: =FF_PX[[#This Row],[Column61]] -> 312529 | BJ6: =FF_PX[[#This Row],[Column62]] -> 296657 | BK6: =FF_PX[[#This Row],[Column63]] -> 289718 | BL6: =FF_PX[[#This Row],[Column64]] -> 292918 | BM6: =FF_PX[[#This Row],[Column65]] -> 307558 | BN6: =FF_PX[[#This Row],[Column66]] -> 305699 | BO6: =FF_PX[[#This Row],[Column67]] -> 284577 | BP6: =FF_PX[[#This Row],[Column68]] -> 284800 | BQ6: =FF_PX[[#This Row],[Column69]] -> 282667 | BR6: =FF_PX[[#This Row],[Column70]] -> 281875 | BS6: =FF_PX[[#This Row],[Column71]] -> 281875 | BT6: =FF_PX[[#This Row],[Column72]] -> 282340 | BU6: =FF_PX[[#This Row],[Column73]] -> 164313 | BV6: =FF_PX[[#This Row],[Column74]] -> 161018 | BW6: =FF_PX[[#This Row],[Column75]] -> 156145 | BX6: =FF_PX[[#This Row],[Column76]] -> 154398 | BY6: =FF_PX[[#This Row],[Column77]] -> 159931 | BZ6: =FF_PX[[#This Row],[Column78]] -> 159673 | CA6: =FF_PX[[#This Row],[Column79]] -> 157897 | CB6: =FF_PX[[#This Row],[Column80]] -> 154583 | CC6: =FF_PX[[#This Row],[Column81]] -> 153023 | CD6: =FF_PX[[#This Row],[Column82]] -> 151395 | CE6: =FF_PX[[#This Row],[Column83]] -> 147941 | CF6: =FF_PX[[#This Row],[Column84]] -> 143677 | CG6: =FF_PX[[#This Row],[Column85]] -> 140373 | CH6: =FF_PX[[#This Row],[Column86]] -> 141381 | CI6: =FF_PX[[#This Row],[Column87]] -> 142454 | CJ6: =FF_PX[[#This Row],[Column88]] -> 140808 | CK6: =FF_PX[[#This Row],[Column89]] -> 142770 | CL6: =FF_PX[[#This Row],[Column90]] -> 141638 | CM6: =FF_PX[[#This Row],[Column91]] -> 140300 | CN6: =FF_PX[[#This Row],[Column92]] -> 139991 | CO6: =FF_PX[[#This Row],[Column93]] -> 140783 | CP6: =FF_PX[[#This Row],[Column94]] -> 138656 | CQ6: =FF_PX[[#This Row],[Column95]] -> 316788 | CR6: =FF_PX[[#This Row],[Column96]] -> 308047 | CS6: =FF_PX[[#This Row],[Column97]] -> 301101 | CT6: =FF_PX[[#This Row],[Column98]] -> 303811 | CU6: =FF_PX[[#This Row],[Column99]] -> 308189 | CV6: =FF_PX[[#This Row],[Column100]] -> 308189 | CW6: =FF_PX[[#This Row],[Column101]] -> 289112 | CX6: =FF_PX[[#This Row],[Column102]] -> 300027 | CY6: =FF_PX[[#This Row],[Column103]] -> 288909 | CZ6: =FF_PX[[#This Row],[Column104]] -> 271887 | DA6: =FF_PX[[#This Row],[Column105]] -> 267664
A7: ='cont list_0'!M10 -> G27 | B7: =FF_PX[[#This Row],[Column2]] -> 182238 | C7: =FF_PX[[#This Row],[Column3]] -> 182238 | D7: =FF_PX[[#This Row],[Column4]] -> 184840 | E7: =FF_PX[[#This Row],[Column5]] -> 182744 | F7: =FF_PX[[#This Row],[Column6]] -> 185593 | G7: =FF_PX[[#This Row],[Column7]] -> 393209 | H7: =FF_PX[[#This Row],[Column8]] -> 385959 | I7: =FF_PX[[#This Row],[Column9]] -> 383795 | J7: =FF_PX[[#This Row],[Column10]] -> 377509 | K7: =FF_PX[[#This Row],[Column11]] -> 378183 | L7: =FF_PX[[#This Row],[Column12]] -> 371003 | M7: =FF_PX[[#This Row],[Column13]] -> 366291 | N7: =FF_PX[[#This Row],[Column14]] -> 370038 | O7: =FF_PX[[#This Row],[Column15]] -> 355776 | P7: =FF_PX[[#This Row],[Column16]] -> 341918 | Q7: =FF_PX[[#This Row],[Column17]] -> 347680 | R7: =FF_PX[[#This Row],[Column18]] -> 338304 | S7: =FF_PX[[#This Row],[Column19]] -> 322931 | T7: =FF_PX[[#This Row],[Column20]] -> 311580 | U7: =FF_PX[[#This Row],[Column21]] -> 315209 | V7: =FF_PX[[#This Row],[Column22]] -> 318393 | W7: =FF_PX[[#This Row],[Column23]] -> 317987 | X7: =FF_PX[[#This Row],[Column24]] -> 318158 | Y7: =FF_PX[[#This Row],[Column25]] -> 318158 | Z7: =FF_PX[[#This Row],[Column26]] -> 315840 | AA7: =FF_PX[[#This Row],[Column27]] -> 318567 | AB7: =FF_PX[[#This Row],[Column28]] -> 323432 | AC7: =FF_PX[[#This Row],[Column29]] -> 217187 | AD7: =FF_PX[[#This Row],[Column30]] -> 202995 | AE7: =FF_PX[[#This Row],[Column31]] -> 197866 | AF7: =FF_PX[[#This Row],[Column32]] -> 199126 | AG7: =FF_PX[[#This Row],[Column33]] -> 206921 | AH7: =FF_PX[[#This Row],[Column34]] -> 192270 | AI7: =FF_PX[[#This Row],[Column35]] -> 185196 | AJ7: =FF_PX[[#This Row],[Column36]] -> 181622 | AK7: =FF_PX[[#This Row],[Column37]] -> 178102 | AL7: =FF_PX[[#This Row],[Column38]] -> 176785 | AM7: =FF_PX[[#This Row],[Column39]] -> 173212 | AN7: =FF_PX[[#This Row],[Column40]] -> 165570 | AO7: =FF_PX[[#This Row],[Column41]] -> 163382 | AP7: =FF_PX[[#This Row],[Column42]] -> 159985 | AQ7: =FF_PX[[#This Row],[Column43]] -> 155824 | AR7: =FF_PX[[#This Row],[Column44]] -> 156914 | AS7: =FF_PX[[#This Row],[Column45]] -> 156570 | AT7: =FF_PX[[#This Row],[Column46]] -> 155864 | AU7: =FF_PX[[#This Row],[Column47]] -> 154113 | AV7: =FF_PX[[#This Row],[Column48]] -> 150334 | AW7: =FF_PX[[#This Row],[Column49]] -> 150302 | AX7: =FF_PX[[#This Row],[Column50]] -> 231813 | AY7: =FF_PX[[#This Row],[Column51]] -> 237927 | AZ7: =FF_PX[[#This Row],[Column52]] -> 235945 | BA7: =FF_PX[[#This Row],[Column53]] -> 248911 | BB7: =FF_PX[[#This Row],[Column54]] -> 235817 | BC7: =FF_PX[[#This Row],[Column55]] -> 213093 | BD7: =FF_PX[[#This Row],[Column56]] -> 212970 | BE7: =FF_PX[[#This Row],[Column57]] -> 208333 | BF7: =FF_PX[[#This Row],[Column58]] -> 218200 | BG7: =FF_PX[[#This Row],[Column59]] -> 214179 | BH7: =FF_PX[[#This Row],[Column60]] -> 215576 | BI7: =FF_PX[[#This Row],[Column61]] -> 215110 | BJ7: =FF_PX[[#This Row],[Column62]] -> 212612 | BK7: =FF_PX[[#This Row],[Column63]] -> 212627 | BL7: =FF_PX[[#This Row],[Column64]] -> 223379 | BM7: =FF_PX[[#This Row],[Column65]] -> 236134 | BN7: =FF_PX[[#This Row],[Column66]] -> 239947 | BO7: =FF_PX[[#This Row],[Column67]] -> 238779 | BP7: =FF_PX[[#This Row],[Column68]] -> 240660 | BQ7: =FF_PX[[#This Row],[Column69]] -> 241076 | BR7: =FF_PX[[#This Row],[Column70]] -> 246037 | BS7: =FF_PX[[#This Row],[Column71]] -> 242066 | BT7: =FF_PX[[#This Row],[Column72]] -> 239128 | BU7: =FF_PX[[#This Row],[Column73]] -> 270503 | BV7: =FF_PX[[#This Row],[Column74]] -> 260230 | BW7: =FF_PX[[#This Row],[Column75]] -> 254039 | BX7: =FF_PX[[#This Row],[Column76]] -> 246138 | BY7: =FF_PX[[#This Row],[Column77]] -> 256852 | BZ7: =FF_PX[[#This Row],[Column78]] -> 245928 | CA7: =FF_PX[[#This Row],[Column79]] -> 238147 | CB7: =FF_PX[[#This Row],[Column80]] -> 244828 | CC7: =FF_PX[[#This Row],[Column81]] -> 237840 | CD7: =FF_PX[[#This Row],[Column82]] -> 243519 | CE7: =FF_PX[[#This Row],[Column83]] -> 261663 | CF7: =FF_PX[[#This Row],[Column84]] -> 249598 | CG7: =FF_PX[[#This Row],[Column85]] -> 240955 | CH7: =FF_PX[[#This Row],[Column86]] -> 239167 | CI7: =FF_PX[[#This Row],[Column87]] -> 229168 | CJ7: =FF_PX[[#This Row],[Column88]] -> 223150 | CK7: =FF_PX[[#This Row],[Column89]] -> 218585 | CL7: =FF_PX[[#This Row],[Column90]] -> 215155 | CM7: =FF_PX[[#This Row],[Column91]] -> 198558 | CN7: =FF_PX[[#This Row],[Column92]] -> 185475 | CO7: =FF_PX[[#This Row],[Column93]] -> 181879 | CP7: =FF_PX[[#This Row],[Column94]] -> 176233 | CQ7: =FF_PX[[#This Row],[Column95]] -> 133815 | CR7: =FF_PX[[#This Row],[Column96]] -> 123850 | CS7: =FF_PX[[#This Row],[Column97]] -> 124938 | CT7: =FF_PX[[#This Row],[Column98]] -> 123462 | CU7: =FF_PX[[#This Row],[Column99]] -> 123874 | CV7: =FF_PX[[#This Row],[Column100]] -> 123874 | CW7: =FF_PX[[#This Row],[Column101]] -> 122342 | CX7: =FF_PX[[#This Row],[Column102]] -> 110704 | CY7: =FF_PX[[#This Row],[Column103]] -> 107057 | CZ7: =FF_PX[[#This Row],[Column104]] -> 100520 | DA7: =FF_PX[[#This Row],[Column105]] -> 100891
A8: ='cont list_0'!M11 -> H27 | B8: =FF_PX[[#This Row],[Column2]] -> 47938 | C8: =FF_PX[[#This Row],[Column3]] -> 47938 | D8: =FF_PX[[#This Row],[Column4]] -> 48326 | E8: =FF_PX[[#This Row],[Column5]] -> 48434 | F8: =FF_PX[[#This Row],[Column6]] -> 48844 | G8: =FF_PX[[#This Row],[Column7]] -> 187240 | H8: =FF_PX[[#This Row],[Column8]] -> 178273 | I8: =FF_PX[[#This Row],[Column9]] -> 178563 | J8: =FF_PX[[#This Row],[Column10]] -> 180114 | K8: =FF_PX[[#This Row],[Column11]] -> 173885 | L8: =FF_PX[[#This Row],[Column12]] -> 172117 | M8: =FF_PX[[#This Row],[Column13]] -> 170107 | N8: =FF_PX[[#This Row],[Column14]] -> 170386 | O8: =FF_PX[[#This Row],[Column15]] -> 169567 | P8: =FF_PX[[#This Row],[Column16]] -> 168972 | Q8: =FF_PX[[#This Row],[Column17]] -> 178381 | R8: =FF_PX[[#This Row],[Column18]] -> 178411 | S8: =FF_PX[[#This Row],[Column19]] -> 172962 | T8: =FF_PX[[#This Row],[Column20]] -> 171203 | U8: =FF_PX[[#This Row],[Column21]] -> 173314 | V8: =FF_PX[[#This Row],[Column22]] -> 165589 | W8: =FF_PX[[#This Row],[Column23]] -> 161969 | X8: =FF_PX[[#This Row],[Column24]] -> 163126 | Y8: =FF_PX[[#This Row],[Column25]] -> 163126 | Z8: =FF_PX[[#This Row],[Column26]] -> 159209 | AA8: =FF_PX[[#This Row],[Column27]] -> 157931 | AB8: =FF_PX[[#This Row],[Column28]] -> 158714 | AC8: =FF_PX[[#This Row],[Column29]] -> 331952 | AD8: =FF_PX[[#This Row],[Column30]] -> 324092 | AE8: =FF_PX[[#This Row],[Column31]] -> 312299 | AF8: =FF_PX[[#This Row],[Column32]] -> 299568 | AG8: =FF_PX[[#This Row],[Column33]] -> 293665 | AH8: =FF_PX[[#This Row],[Column34]] -> 294064 | AI8: =FF_PX[[#This Row],[Column35]] -> 291256 | AJ8: =FF_PX[[#This Row],[Column36]] -> 288304 | AK8: =FF_PX[[#This Row],[Column37]] -> 277176 | AL8: =FF_PX[[#This Row],[Column38]] -> 271196 | AM8: =FF_PX[[#This Row],[Column39]] -> 263830 | AN8: =FF_PX[[#This Row],[Column40]] -> 260185 | AO8: =FF_PX[[#This Row],[Column41]] -> 264185 | AP8: =FF_PX[[#This Row],[Column42]] -> 255858 | AQ8: =FF_PX[[#This Row],[Column43]] -> 247432 | AR8: =FF_PX[[#This Row],[Column44]] -> 244762 | AS8: =FF_PX[[#This Row],[Column45]] -> 240674 | AT8: =FF_PX[[#This Row],[Column46]] -> 238236 | AU8: =FF_PX[[#This Row],[Column47]] -> 228691 | AV8: =FF_PX[[#This Row],[Column48]] -> 218021 | AW8: =FF_PX[[#This Row],[Column49]] -> 206740 | AX8: =FF_PX[[#This Row],[Column50]] -> 150937 | AY8: =FF_PX[[#This Row],[Column51]] -> 152062 | AZ8: =FF_PX[[#This Row],[Column52]] -> 154951 | BA8: =FF_PX[[#This Row],[Column53]] -> 148888 | BB8: =FF_PX[[#This Row],[Column54]] -> 148316 | BC8: =FF_PX[[#This Row],[Column55]] -> 147898 | BD8: =FF_PX[[#This Row],[Column56]] -> 146421 | BE8: =FF_PX[[#This Row],[Column57]] -> 147903 | BF8: =FF_PX[[#This Row],[Column58]] -> 146498 | BG8: =FF_PX[[#This Row],[Column59]] -> 144609 | BH8: =FF_PX[[#This Row],[Column60]] -> 144287 | BI8: =FF_PX[[#This Row],[Column61]] -> 143881 | BJ8: =FF_PX[[#This Row],[Column62]] -> 144152 | BK8: =FF_PX[[#This Row],[Column63]] -> 143854 | BL8: =FF_PX[[#This Row],[Column64]] -> 143443 | BM8: =FF_PX[[#This Row],[Column65]] -> 143918 | BN8: =FF_PX[[#This Row],[Column66]] -> 143597 | BO8: =FF_PX[[#This Row],[Column67]] -> 141161 | BP8: =FF_PX[[#This Row],[Column68]] -> 141998 | BQ8: =FF_PX[[#This Row],[Column69]] -> 140541 | BR8: =FF_PX[[#This Row],[Column70]] -> 140277 | BS8: =FF_PX[[#This Row],[Column71]] -> 140277 | BT8: =FF_PX[[#This Row],[Column72]] -> 140364 | BU8: =FF_PX[[#This Row],[Column73]] -> 235303 | BV8: =FF_PX[[#This Row],[Column74]] -> 222107 | BW8: =FF_PX[[#This Row],[Column75]] -> 206824 | BX8: =FF_PX[[#This Row],[Column76]] -> 207798 | BY8: =FF_PX[[#This Row],[Column77]] -> 208289 | BZ8: =FF_PX[[#This Row],[Column78]] -> 204548 | CA8: =FF_PX[[#This Row],[Column79]] -> 193017 | CB8: =FF_PX[[#This Row],[Column80]] -> 209769 | CC8: =FF_PX[[#This Row],[Column81]] -> 193614 | CD8: =FF_PX[[#This Row],[Column82]] -> 190460 | CE8: =FF_PX[[#This Row],[Column83]] -> 196394 | CF8: =FF_PX[[#This Row],[Column84]] -> 195921 | CG8: =FF_PX[[#This Row],[Column85]] -> 181829 | CH8: =FF_PX[[#This Row],[Column86]] -> 170649 | CI8: =FF_PX[[#This Row],[Column87]] -> 160901 | CJ8: =FF_PX[[#This Row],[Column88]] -> 159776 | CK8: =FF_PX[[#This Row],[Column89]] -> 157410 | CL8: =FF_PX[[#This Row],[Column90]] -> 161260 | CM8: =FF_PX[[#This Row],[Column91]] -> 159169 | CN8: =FF_PX[[#This Row],[Column92]] -> 152617 | CO8: =FF_PX[[#This Row],[Column93]] -> 154406 | CP8: =FF_PX[[#This Row],[Column94]] -> 152315 | CQ8: =FF_PX[[#This Row],[Column95]] -> 170145 | CR8: =FF_PX[[#This Row],[Column96]] -> 172845 | CS8: =FF_PX[[#This Row],[Column97]] -> 171938 | CT8: =FF_PX[[#This Row],[Column98]] -> 169195 | CU8: =FF_PX[[#This Row],[Column99]] -> 167596 | CV8: =FF_PX[[#This Row],[Column100]] -> 167596 | CW8: =FF_PX[[#This Row],[Column101]] -> 175352 | CX8: =FF_PX[[#This Row],[Column102]] -> 191763 | CY8: =FF_PX[[#This Row],[Column103]] -> 177629 | CZ8: =FF_PX[[#This Row],[Column104]] -> 168271 | DA8: =FF_PX[[#This Row],[Column105]] -> 160794
A9: ='cont list_0'!M12 -> J27 | B9: =FF_PX[[#This Row],[Column2]] -> 99886 | C9: =FF_PX[[#This Row],[Column3]] -> 99886 | D9: =FF_PX[[#This Row],[Column4]] -> 99657 | E9: =FF_PX[[#This Row],[Column5]] -> 99554 | F9: =FF_PX[[#This Row],[Column6]] -> 100150 | G9: =FF_PX[[#This Row],[Column7]] -> 50376 | H9: =FF_PX[[#This Row],[Column8]] -> 52102 | I9: =FF_PX[[#This Row],[Column9]] -> 52309 | J9: =FF_PX[[#This Row],[Column10]] -> 53019 | K9: =FF_PX[[#This Row],[Column11]] -> 52790 | L9: =FF_PX[[#This Row],[Column12]] -> 51546 | M9: =FF_PX[[#This Row],[Column13]] -> 52192 | N9: =FF_PX[[#This Row],[Column14]] -> 52908 | O9: =FF_PX[[#This Row],[Column15]] -> 53239 | P9: =FF_PX[[#This Row],[Column16]] -> 53298 | Q9: =FF_PX[[#This Row],[Column17]] -> 54318 | R9: =FF_PX[[#This Row],[Column18]] -> 47507 | S9: =FF_PX[[#This Row],[Column19]] -> 47245 | T9: =FF_PX[[#This Row],[Column20]] -> 47030 | U9: =FF_PX[[#This Row],[Column21]] -> 46745 | V9: =FF_PX[[#This Row],[Column22]] -> 47333 | W9: =FF_PX[[#This Row],[Column23]] -> 46963 | X9: =FF_PX[[#This Row],[Column24]] -> 42708 | Y9: =FF_PX[[#This Row],[Column25]] -> 42708 | Z9: =FF_PX[[#This Row],[Column26]] -> 40775 | AA9: =FF_PX[[#This Row],[Column27]] -> 40262 | AB9: =FF_PX[[#This Row],[Column28]] -> 39718 | AC9: =FF_PX[[#This Row],[Column29]] -> 154820 | AD9: =FF_PX[[#This Row],[Column30]] -> 154517 | AE9: =FF_PX[[#This Row],[Column31]] -> 149664 | AF9: =FF_PX[[#This Row],[Column32]] -> 131524 | AG9: =FF_PX[[#This Row],[Column33]] -> 129020 | AH9: =FF_PX[[#This Row],[Column34]] -> 123886 | AI9: =FF_PX[[#This Row],[Column35]] -> 131908 | AJ9: =FF_PX[[#This Row],[Column36]] -> 119792 | AK9: =FF_PX[[#This Row],[Column37]] -> 107758 | AL9: =FF_PX[[#This Row],[Column38]] -> 105636 | AM9: =FF_PX[[#This Row],[Column39]] -> 87488 | AN9: =FF_PX[[#This Row],[Column40]] -> 89373 | AO9: =FF_PX[[#This Row],[Column41]] -> 88918 | AP9: =FF_PX[[#This Row],[Column42]] -> 77457 | AQ9: =FF_PX[[#This Row],[Column43]] -> 76061 | AR9: =FF_PX[[#This Row],[Column44]] -> 76232 | AS9: =FF_PX[[#This Row],[Column45]] -> 76635 | AT9: =FF_PX[[#This Row],[Column46]] -> 74442 | AU9: =FF_PX[[#This Row],[Column47]] -> 74334 | AV9: =FF_PX[[#This Row],[Column48]] -> 80233 | AW9: =FF_PX[[#This Row],[Column49]] -> 79251 | AX9: =FF_PX[[#This Row],[Column50]] -> 203285 | AY9: =FF_PX[[#This Row],[Column51]] -> 203285 | AZ9: =FF_PX[[#This Row],[Column52]] -> 198992 | BA9: =FF_PX[[#This Row],[Column53]] -> 200087 | BB9: =FF_PX[[#This Row],[Column54]] -> 196055 | BC9: =FF_PX[[#This Row],[Column55]] -> 197140 | BD9: =FF_PX[[#This Row],[Column56]] -> 196406 | BE9: =FF_PX[[#This Row],[Column57]] -> 191462 | BF9: =FF_PX[[#This Row],[Column58]] -> 189813 | BG9: =FF_PX[[#This Row],[Column59]] -> 190100 | BH9: =FF_PX[[#This Row],[Column60]] -> 192354 | BI9: =FF_PX[[#This Row],[Column61]] -> 190222 | BJ9: =FF_PX[[#This Row],[Column62]] -> 189410 | BK9: =FF_PX[[#This Row],[Column63]] -> 188106 | BL9: =FF_PX[[#This Row],[Column64]] -> 188292 | BM9: =FF_PX[[#This Row],[Column65]] -> 190338 | BN9: =FF_PX[[#This Row],[Column66]] -> 197603 | BO9: =FF_PX[[#This Row],[Column67]] -> 201016 | BP9: =FF_PX[[#This Row],[Column68]] -> 200511 | BQ9: =FF_PX[[#This Row],[Column69]] -> 199762 | BR9: =FF_PX[[#This Row],[Column70]] -> 207218 | BS9: =FF_PX[[#This Row],[Column71]] -> 204446 | BT9: =FF_PX[[#This Row],[Column72]] -> 204632 | BU9: =FF_PX[[#This Row],[Column73]] -> 137868 | BV9: =FF_PX[[#This Row],[Column74]] -> 137946 | BW9: =FF_PX[[#This Row],[Column75]] -> 134677 | BX9: =FF_PX[[#This Row],[Column76]] -> 134433 | BY9: =FF_PX[[#This Row],[Column77]] -> 134239 | BZ9: =FF_PX[[#This Row],[Column78]] -> 133488 | CA9: =FF_PX[[#This Row],[Column79]] -> 132919 | CB9: =FF_PX[[#This Row],[Column80]] -> 133246 | CC9: =FF_PX[[#This Row],[Column81]] -> 132380 | CD9: =FF_PX[[#This Row],[Column82]] -> 131495 | CE9: =FF_PX[[#This Row],[Column83]] -> 130977 | CF9: =FF_PX[[#This Row],[Column84]] -> 128645 | CG9: =FF_PX[[#This Row],[Column85]] -> 128494 | CH9: =FF_PX[[#This Row],[Column86]] -> 125063 | CI9: =FF_PX[[#This Row],[Column87]] -> 125028 | CJ9: =FF_PX[[#This Row],[Column88]] -> 126107 | CK9: =FF_PX[[#This Row],[Column89]] -> 128329 | CL9: =FF_PX[[#This Row],[Column90]] -> 128433 | CM9: =FF_PX[[#This Row],[Column91]] -> 129744 | CN9: =FF_PX[[#This Row],[Column92]] -> 130827 | CO9: =FF_PX[[#This Row],[Column93]] -> 131674 | CP9: =FF_PX[[#This Row],[Column94]] -> 128540 | CQ9: =FF_PX[[#This Row],[Column95]] -> 143315 | CR9: =FF_PX[[#This Row],[Column96]] -> 142044 | CS9: =FF_PX[[#This Row],[Column97]] -> 135730 | CT9: =FF_PX[[#This Row],[Column98]] -> 133544 | CU9: =FF_PX[[#This Row],[Column99]] -> 129232 | CV9: =FF_PX[[#This Row],[Column100]] -> 129232 | CW9: =FF_PX[[#This Row],[Column101]] -> 130429 | CX9: =FF_PX[[#This Row],[Column102]] -> 124764 | CY9: =FF_PX[[#This Row],[Column103]] -> 120916 | CZ9: =FF_PX[[#This Row],[Column104]] -> 119218 | DA9: =FF_PX[[#This Row],[Column105]] -> 114047
A10: ='cont list_0'!M13 -> K27 | B10: =FF_PX[[#This Row],[Column2]] -> 87474 | C10: =FF_PX[[#This Row],[Column3]] -> 87474 | D10: =FF_PX[[#This Row],[Column4]] -> 82981 | E10: =FF_PX[[#This Row],[Column5]] -> 82147 | F10: =FF_PX[[#This Row],[Column6]] -> 76684 | G10: =FF_PX[[#This Row],[Column7]] -> 97677 | H10: =FF_PX[[#This Row],[Column8]] -> 98354 | I10: =FF_PX[[#This Row],[Column9]] -> 95169 | J10: =FF_PX[[#This Row],[Column10]] -> 86876 | K10: =FF_PX[[#This Row],[Column11]] -> 85755 | L10: =FF_PX[[#This Row],[Column12]] -> 85354 | M10: =FF_PX[[#This Row],[Column13]] -> 84016 | N10: =FF_PX[[#This Row],[Column14]] -> 85772 | O10: =FF_PX[[#This Row],[Column15]] -> 82863 | P10: =FF_PX[[#This Row],[Column16]] -> 74131 | Q10: =FF_PX[[#This Row],[Column17]] -> 75566 | R10: =FF_PX[[#This Row],[Column18]] -> 68508 | S10: =FF_PX[[#This Row],[Column19]] -> 69055 | T10: =FF_PX[[#This Row],[Column20]] -> 69278 | U10: =FF_PX[[#This Row],[Column21]] -> 62714 | V10: =FF_PX[[#This Row],[Column22]] -> 57873 | W10: =FF_PX[[#This Row],[Column23]] -> 58472 | X10: =FF_PX[[#This Row],[Column24]] -> 57179 | Y10: =FF_PX[[#This Row],[Column25]] -> 57179 | Z10: =FF_PX[[#This Row],[Column26]] -> 60556 | AA10: =FF_PX[[#This Row],[Column27]] -> 57591 | AB10: =FF_PX[[#This Row],[Column28]] -> 57489 | AC10: =FF_PX[[#This Row],[Column29]] -> 39259 | AD10: =FF_PX[[#This Row],[Column30]] -> 38338 | AE10: =FF_PX[[#This Row],[Column31]] -> 36350 | AF10: =FF_PX[[#This Row],[Column32]] -> 36381 | AG10: =FF_PX[[#This Row],[Column33]] -> 36826 | AH10: =FF_PX[[#This Row],[Column34]] -> 36392 | AI10: =FF_PX[[#This Row],[Column35]] -> 38620 | AJ10: =FF_PX[[#This Row],[Column36]] -> 37147 | AK10: =FF_PX[[#This Row],[Column37]] -> 34789 | AL10: =FF_PX[[#This Row],[Column38]] -> 24537 | AM10: =FF_PX[[#This Row],[Column39]] -> 23353 | AN10: =FF_PX[[#This Row],[Column40]] -> 24064 | AO10: =FF_PX[[#This Row],[Column41]] -> 24034 | AP10: =FF_PX[[#This Row],[Column42]] -> 21422 | AQ10: =FF_PX[[#This Row],[Column43]] -> 20641 | AR10: =FF_PX[[#This Row],[Column44]] -> 20641 | AS10: =FF_PX[[#This Row],[Column45]] -> 20520 | AT10: =FF_PX[[#This Row],[Column46]] -> 19646 | AU10: =FF_PX[[#This Row],[Column47]] -> 19664 | AV10: =FF_PX[[#This Row],[Column48]] -> 19826 | AW10: =FF_PX[[#This Row],[Column49]] -> 19315 | AX10: =FF_PX[[#This Row],[Column50]] -> 79002 | AY10: =FF_PX[[#This Row],[Column51]] -> 77604 | AZ10: =FF_PX[[#This Row],[Column52]] -> 73502 | BA10: =FF_PX[[#This Row],[Column53]] -> 69877 | BB10: =FF_PX[[#This Row],[Column54]] -> 69509 | BC10: =FF_PX[[#This Row],[Column55]] -> 70968 | BD10: =FF_PX[[#This Row],[Column56]] -> 69154 | BE10: =FF_PX[[#This Row],[Column57]] -> 67628 | BF10: =FF_PX[[#This Row],[Column58]] -> 66256 | BG10: =FF_PX[[#This Row],[Column59]] -> 65614 | BH10: =FF_PX[[#This Row],[Column60]] -> 65468 | BI10: =FF_PX[[#This Row],[Column61]] -> 64289 | BJ10: =FF_PX[[#This Row],[Column62]] -> 64653 | BK10: =FF_PX[[#This Row],[Column63]] -> 65639 | BL10: =FF_PX[[#This Row],[Column64]] -> 66921 | BM10: =FF_PX[[#This Row],[Column65]] -> 66638 | BN10: =FF_PX[[#This Row],[Column66]] -> 66600 | BO10: =FF_PX[[#This Row],[Column67]] -> 67130 | BP10: =FF_PX[[#This Row],[Column68]] -> 67383 | BQ10: =FF_PX[[#This Row],[Column69]] -> 70701 | BR10: =FF_PX[[#This Row],[Column70]] -> 70738 | BS10: =FF_PX[[#This Row],[Column71]] -> 70738 | BT10: =FF_PX[[#This Row],[Column72]] -> 72368 | BU10: =FF_PX[[#This Row],[Column73]] -> 196297 | BV10: =FF_PX[[#This Row],[Column74]] -> 187289 | BW10: =FF_PX[[#This Row],[Column75]] -> 176221 | BX10: =FF_PX[[#This Row],[Column76]] -> 177700 | BY10: =FF_PX[[#This Row],[Column77]] -> 176449 | BZ10: =FF_PX[[#This Row],[Column78]] -> 173536 | CA10: =FF_PX[[#This Row],[Column79]] -> 166331 | CB10: =FF_PX[[#This Row],[Column80]] -> 170423 | CC10: =FF_PX[[#This Row],[Column81]] -> 165433 | CD10: =FF_PX[[#This Row],[Column82]] -> 164802 | CE10: =FF_PX[[#This Row],[Column83]] -> 154169 | CF10: =FF_PX[[#This Row],[Column84]] -> 148085 | CG10: =FF_PX[[#This Row],[Column85]] -> 133843 | CH10: =FF_PX[[#This Row],[Column86]] -> 132152 | CI10: =FF_PX[[#This Row],[Column87]] -> 126471 | CJ10: =FF_PX[[#This Row],[Column88]] -> 126433 | CK10: =FF_PX[[#This Row],[Column89]] -> 126301 | CL10: =FF_PX[[#This Row],[Column90]] -> 127250 | CM10: =FF_PX[[#This Row],[Column91]] -> 119434 | CN10: =FF_PX[[#This Row],[Column92]] -> 118615 | CO10: =FF_PX[[#This Row],[Column93]] -> 115643 | CP10: =FF_PX[[#This Row],[Column94]] -> 114116 | CQ10: =FF_PX[[#This Row],[Column95]] -> 128648 | CR10: =FF_PX[[#This Row],[Column96]] -> 128420 | CS10: =FF_PX[[#This Row],[Column97]] -> 129224 | CT10: =FF_PX[[#This Row],[Column98]] -> 129690 | CU10: =FF_PX[[#This Row],[Column99]] -> 131328 | CV10: =FF_PX[[#This Row],[Column100]] -> 131328 | CW10: =FF_PX[[#This Row],[Column101]] -> 131471 | CX10: =FF_PX[[#This Row],[Column102]] -> 131861 | CY10: =FF_PX[[#This Row],[Column103]] -> 133267 | CZ10: =FF_PX[[#This Row],[Column104]] -> 133131 | DA10: =FF_PX[[#This Row],[Column105]] -> 132887
A11: ='cont list_0'!M14 -> M27 | B11: =FF_PX[[#This Row],[Column2]] -> 21055 | C11: =FF_PX[[#This Row],[Column3]] -> 21055 | D11: =FF_PX[[#This Row],[Column4]] -> 21329 | E11: =FF_PX[[#This Row],[Column5]] -> 20884 | F11: =FF_PX[[#This Row],[Column6]] -> 21721 | G11: =FF_PX[[#This Row],[Column7]] -> 71212 | H11: =FF_PX[[#This Row],[Column8]] -> 71177 | I11: =FF_PX[[#This Row],[Column9]] -> 69659 | J11: =FF_PX[[#This Row],[Column10]] -> 68062 | K11: =FF_PX[[#This Row],[Column11]] -> 61937 | L11: =FF_PX[[#This Row],[Column12]] -> 63112 | M11: =FF_PX[[#This Row],[Column13]] -> 61337 | N11: =FF_PX[[#This Row],[Column14]] -> 62153 | O11: =FF_PX[[#This Row],[Column15]] -> 61242 | P11: =FF_PX[[#This Row],[Column16]] -> 60303 | Q11: =FF_PX[[#This Row],[Column17]] -> 55935 | R11: =FF_PX[[#This Row],[Column18]] -> 50760 | S11: =FF_PX[[#This Row],[Column19]] -> 49717 | T11: =FF_PX[[#This Row],[Column20]] -> 48711 | U11: =FF_PX[[#This Row],[Column21]] -> 49668 | V11: =FF_PX[[#This Row],[Column22]] -> 46533 | W11: =FF_PX[[#This Row],[Column23]] -> 45670 | X11: =FF_PX[[#This Row],[Column24]] -> 43384 | Y11: =FF_PX[[#This Row],[Column25]] -> 43384 | Z11: =FF_PX[[#This Row],[Column26]] -> 42000 | AA11: =FF_PX[[#This Row],[Column27]] -> 42815 | AB11: =FF_PX[[#This Row],[Column28]] -> 42593 | AC11: =FF_PX[[#This Row],[Column29]] -> 56813 | AD11: =FF_PX[[#This Row],[Column30]] -> 55941 | AE11: =FF_PX[[#This Row],[Column31]] -> 54789 | AF11: =FF_PX[[#This Row],[Column32]] -> 52405 | AG11: =FF_PX[[#This Row],[Column33]] -> 64587 | AH11: =FF_PX[[#This Row],[Column34]] -> 65175 | AI11: =FF_PX[[#This Row],[Column35]] -> 59399 | AJ11: =FF_PX[[#This Row],[Column36]] -> 53675 | AK11: =FF_PX[[#This Row],[Column37]] -> 52704 | AL11: =FF_PX[[#This Row],[Column38]] -> 51300 | AM11: =FF_PX[[#This Row],[Column39]] -> 49991 | AN11: =FF_PX[[#This Row],[Column40]] -> 46626 | AO11: =FF_PX[[#This Row],[Column41]] -> 47698 | AP11: =FF_PX[[#This Row],[Column42]] -> 45806 | AQ11: =FF_PX[[#This Row],[Column43]] -> 46543 | AR11: =FF_PX[[#This Row],[Column44]] -> 46595 | AS11: =FF_PX[[#This Row],[Column45]] -> 46370 | AT11: =FF_PX[[#This Row],[Column46]] -> 47025 | AU11: =FF_PX[[#This Row],[Column47]] -> 48190 | AV11: =FF_PX[[#This Row],[Column48]] -> 45718 | AW11: =FF_PX[[#This Row],[Column49]] -> 44535 | AX11: =FF_PX[[#This Row],[Column50]] -> 19117 | AY11: =FF_PX[[#This Row],[Column51]] -> 19430 | AZ11: =FF_PX[[#This Row],[Column52]] -> 18554 | BA11: =FF_PX[[#This Row],[Column53]] -> 17730 | BB11: =FF_PX[[#This Row],[Column54]] -> 17784 | BC11: =FF_PX[[#This Row],[Column55]] -> 18118 | BD11: =FF_PX[[#This Row],[Column56]] -> 18006 | BE11: =FF_PX[[#This Row],[Column57]] -> 18591 | BF11: =FF_PX[[#This Row],[Column58]] -> 17307 | BG11: =FF_PX[[#This Row],[Column59]] -> 16929 | BH11: =FF_PX[[#This Row],[Column60]] -> 16850 | BI11: =FF_PX[[#This Row],[Column61]] -> 16448 | BJ11: =FF_PX[[#This Row],[Column62]] -> 16701 | BK11: =FF_PX[[#This Row],[Column63]] -> 16749 | BL11: =FF_PX[[#This Row],[Column64]] -> 16430 | BM11: =FF_PX[[#This Row],[Column65]] -> 16086 | BN11: =FF_PX[[#This Row],[Column66]] -> 15818 | BO11: =FF_PX[[#This Row],[Column67]] -> 17904 | BP11: =FF_PX[[#This Row],[Column68]] -> 16296 | BQ11: =FF_PX[[#This Row],[Column69]] -> 16361 | BR11: =FF_PX[[#This Row],[Column70]] -> 16284 | BS11: =FF_PX[[#This Row],[Column71]] -> 16284 | BT11: =FF_PX[[#This Row],[Column72]] -> 16834 | BU11: =FF_PX[[#This Row],[Column73]] -> 69198 | BV11: =FF_PX[[#This Row],[Column74]] -> 65582 | BW11: =FF_PX[[#This Row],[Column75]] -> 62228 | BX11: =FF_PX[[#This Row],[Column76]] -> 60769 | BY11: =FF_PX[[#This Row],[Column77]] -> 59930 | BZ11: =FF_PX[[#This Row],[Column78]] -> 60236 | CA11: =FF_PX[[#This Row],[Column79]] -> 61252 | CB11: =FF_PX[[#This Row],[Column80]] -> 65411 | CC11: =FF_PX[[#This Row],[Column81]] -> 60950 | CD11: =FF_PX[[#This Row],[Column82]] -> 59274 | CE11: =FF_PX[[#This Row],[Column83]] -> 52828 | CF11: =FF_PX[[#This Row],[Column84]] -> 48884 | CG11: =FF_PX[[#This Row],[Column85]] -> 47904 | CH11: =FF_PX[[#This Row],[Column86]] -> 47165 | CI11: =FF_PX[[#This Row],[Column87]] -> 43951 | CJ11: =FF_PX[[#This Row],[Column88]] -> 43154 | CK11: =FF_PX[[#This Row],[Column89]] -> 40109 | CL11: =FF_PX[[#This Row],[Column90]] -> 41600 | CM11: =FF_PX[[#This Row],[Column91]] -> 42257 | CN11: =FF_PX[[#This Row],[Column92]] -> 42957 | CO11: =FF_PX[[#This Row],[Column93]] -> 42066 | CP11: =FF_PX[[#This Row],[Column94]] -> 42850 | CQ11: =FF_PX[[#This Row],[Column95]] -> 115812 | CR11: =FF_PX[[#This Row],[Column96]] -> 113199 | CS11: =FF_PX[[#This Row],[Column97]] -> 113708 | CT11: =FF_PX[[#This Row],[Column98]] -> 114752 | CU11: =FF_PX[[#This Row],[Column99]] -> 112456 | CV11: =FF_PX[[#This Row],[Column100]] -> 112456 | CW11: =FF_PX[[#This Row],[Column101]] -> 115761 | CX11: =FF_PX[[#This Row],[Column102]] -> 115815 | CY11: =FF_PX[[#This Row],[Column103]] -> 116226 | CZ11: =FF_PX[[#This Row],[Column104]] -> 108410 | DA11: =FF_PX[[#This Row],[Column105]] -> 107752
A12: ='cont list_0'!M15 -> N27 | B12: =FF_PX[[#This Row],[Column2]] -> 34960 | C12: =FF_PX[[#This Row],[Column3]] -> 34960 | D12: =FF_PX[[#This Row],[Column4]] -> 33319 | E12: =FF_PX[[#This Row],[Column5]] -> 32993 | F12: =FF_PX[[#This Row],[Column6]] -> 32829 | G12: =FF_PX[[#This Row],[Column7]] -> 22125 | H12: =FF_PX[[#This Row],[Column8]] -> 21531 | I12: =FF_PX[[#This Row],[Column9]] -> 21850 | J12: =FF_PX[[#This Row],[Column10]] -> 21425 | K12: =FF_PX[[#This Row],[Column11]] -> 18002 | L12: =FF_PX[[#This Row],[Column12]] -> 18067 | M12: =FF_PX[[#This Row],[Column13]] -> 17872 | N12: =FF_PX[[#This Row],[Column14]] -> 18145 | O12: =FF_PX[[#This Row],[Column15]] -> 17787 | P12: =FF_PX[[#This Row],[Column16]] -> 17554 | Q12: =FF_PX[[#This Row],[Column17]] -> 17101 | R12: =FF_PX[[#This Row],[Column18]] -> 16004 | S12: =FF_PX[[#This Row],[Column19]] -> 15178 | T12: =FF_PX[[#This Row],[Column20]] -> 14829 | U12: =FF_PX[[#This Row],[Column21]] -> 15255 | V12: =FF_PX[[#This Row],[Column22]] -> 9412 | W12: =FF_PX[[#This Row],[Column23]] -> 9164 | X12: =FF_PX[[#This Row],[Column24]] -> 8008 | Y12: =FF_PX[[#This Row],[Column25]] -> 8008 | Z12: =FF_PX[[#This Row],[Column26]] -> 8094 | AA12: =FF_PX[[#This Row],[Column27]] -> 8459 | AB12: =FF_PX[[#This Row],[Column28]] -> 9032 | AC12: =FF_PX[[#This Row],[Column29]] -> 42307 | AD12: =FF_PX[[#This Row],[Column30]] -> 43233 | AE12: =FF_PX[[#This Row],[Column31]] -> 41673 | AF12: =FF_PX[[#This Row],[Column32]] -> 41491 | AG12: =FF_PX[[#This Row],[Column33]] -> 41235 | AH12: =FF_PX[[#This Row],[Column34]] -> 42022 | AI12: =FF_PX[[#This Row],[Column35]] -> 43663 | AJ12: =FF_PX[[#This Row],[Column36]] -> 40593 | AK12: =FF_PX[[#This Row],[Column37]] -> 40099 | AL12: =FF_PX[[#This Row],[Column38]] -> 42359 | AM12: =FF_PX[[#This Row],[Column39]] -> 41165 | AN12: =FF_PX[[#This Row],[Column40]] -> 40202 | AO12: =FF_PX[[#This Row],[Column41]] -> 40661 | AP12: =FF_PX[[#This Row],[Column42]] -> 38195 | AQ12: =FF_PX[[#This Row],[Column43]] -> 38647 | AR12: =FF_PX[[#This Row],[Column44]] -> 38786 | AS12: =FF_PX[[#This Row],[Column45]] -> 38703 | AT12: =FF_PX[[#This Row],[Column46]] -> 40055 | AU12: =FF_PX[[#This Row],[Column47]] -> 40755 | AV12: =FF_PX[[#This Row],[Column48]] -> 38464 | AW12: =FF_PX[[#This Row],[Column49]] -> 38705 | AX12: =FF_PX[[#This Row],[Column50]] -> 46513 | AY12: =FF_PX[[#This Row],[Column51]] -> 41274 | AZ12: =FF_PX[[#This Row],[Column52]] -> 40165 | BA12: =FF_PX[[#This Row],[Column53]] -> 39081 | BB12: =FF_PX[[#This Row],[Column54]] -> 39397 | BC12: =FF_PX[[#This Row],[Column55]] -> 38696 | BD12: =FF_PX[[#This Row],[Column56]] -> 38589 | BE12: =FF_PX[[#This Row],[Column57]] -> 38715 | BF12: =FF_PX[[#This Row],[Column58]] -> 39318 | BG12: =FF_PX[[#This Row],[Column59]] -> 39874 | BH12: =FF_PX[[#This Row],[Column60]] -> 39707 | BI12: =FF_PX[[#This Row],[Column61]] -> 39956 | BJ12: =FF_PX[[#This Row],[Column62]] -> 41286 | BK12: =FF_PX[[#This Row],[Column63]] -> 40513 | BL12: =FF_PX[[#This Row],[Column64]] -> 40943 | BM12: =FF_PX[[#This Row],[Column65]] -> 40976 | BN12: =FF_PX[[#This Row],[Column66]] -> 40481 | BO12: =FF_PX[[#This Row],[Column67]] -> 39751 | BP12: =FF_PX[[#This Row],[Column68]] -> 40085 | BQ12: =FF_PX[[#This Row],[Column69]] -> 40573 | BR12: =FF_PX[[#This Row],[Column70]] -> 40516 | BS12: =FF_PX[[#This Row],[Column71]] -> 40516 | BT12: =FF_PX[[#This Row],[Column72]] -> 40634 | BU12: =FF_PX[[#This Row],[Column73]] -> 16145 | BV12: =FF_PX[[#This Row],[Column74]] -> 15529 | BW12: =FF_PX[[#This Row],[Column75]] -> 15689 | BX12: =FF_PX[[#This Row],[Column76]] -> 15724 | BY12: =FF_PX[[#This Row],[Column77]] -> 15317 | BZ12: =FF_PX[[#This Row],[Column78]] -> 14755 | CA12: =FF_PX[[#This Row],[Column79]] -> 14692 | CB12: =FF_PX[[#This Row],[Column80]] -> 15414 | CC12: =FF_PX[[#This Row],[Column81]] -> 14988 | CD12: =FF_PX[[#This Row],[Column82]] -> 14700 | CE12: =FF_PX[[#This Row],[Column83]] -> 14080 | CF12: =FF_PX[[#This Row],[Column84]] -> 14986 | CG12: =FF_PX[[#This Row],[Column85]] -> 14079 | CH12: =FF_PX[[#This Row],[Column86]] -> 14572 | CI12: =FF_PX[[#This Row],[Column87]] -> 13820 | CJ12: =FF_PX[[#This Row],[Column88]] -> 13958 | CK12: =FF_PX[[#This Row],[Column89]] -> 13882 | CL12: =FF_PX[[#This Row],[Column90]] -> 13950 | CM12: =FF_PX[[#This Row],[Column91]] -> 12224 | CN12: =FF_PX[[#This Row],[Column92]] -> 11829 | CO12: =FF_PX[[#This Row],[Column93]] -> 11688 | CP12: =FF_PX[[#This Row],[Column94]] -> 11678 | CQ12: =FF_PX[[#This Row],[Column95]] -> 42736 | CR12: =FF_PX[[#This Row],[Column96]] -> 45647 | CS12: =FF_PX[[#This Row],[Column97]] -> 45397 | CT12: =FF_PX[[#This Row],[Column98]] -> 45468 | CU12: =FF_PX[[#This Row],[Column99]] -> 45504 | CV12: =FF_PX[[#This Row],[Column100]] -> 45504 | CW12: =FF_PX[[#This Row],[Column101]] -> 45903 | CX12: =FF_PX[[#This Row],[Column102]] -> 45620 | CY12: =FF_PX[[#This Row],[Column103]] -> 45532 | CZ12: =FF_PX[[#This Row],[Column104]] -> 43148 | DA12: =FF_PX[[#This Row],[Column105]] -> 43173
A13: ='cont list_0'!M16 -> Q27 | B13: =FF_PX[[#This Row],[Column2]] -> 20698 | C13: =FF_PX[[#This Row],[Column3]] -> 20698 | D13: =FF_PX[[#This Row],[Column4]] -> 20134 | E13: =FF_PX[[#This Row],[Column5]] -> 19680 | F13: =FF_PX[[#This Row],[Column6]] -> 19702 | G13: =FF_PX[[#This Row],[Column7]] -> 31598 | H13: =FF_PX[[#This Row],[Column8]] -> 30347 | I13: =FF_PX[[#This Row],[Column9]] -> 29101 | J13: =FF_PX[[#This Row],[Column10]] -> 28761 | K13: =FF_PX[[#This Row],[Column11]] -> 28121 | L13: =FF_PX[[#This Row],[Column12]] -> 28029 | M13: =FF_PX[[#This Row],[Column13]] -> 27852 | N13: =FF_PX[[#This Row],[Column14]] -> 28051 | O13: =FF_PX[[#This Row],[Column15]] -> 27996 | P13: =FF_PX[[#This Row],[Column16]] -> 27416 | Q13: =FF_PX[[#This Row],[Column17]] -> 25301 | R13: =FF_PX[[#This Row],[Column18]] -> 18044 | S13: =FF_PX[[#This Row],[Column19]] -> 17463 | T13: =FF_PX[[#This Row],[Column20]] -> 17432 | U13: =FF_PX[[#This Row],[Column21]] -> 16562 | V13: =FF_PX[[#This Row],[Column22]] -> 16267 | W13: =FF_PX[[#This Row],[Column23]] -> 16828 | X13: =FF_PX[[#This Row],[Column24]] -> 11841 | Y13: =FF_PX[[#This Row],[Column25]] -> 11841 | Z13: =FF_PX[[#This Row],[Column26]] -> 9122 | AA13: =FF_PX[[#This Row],[Column27]] -> 8856 | AB13: =FF_PX[[#This Row],[Column28]] -> 8568 | AC13: =FF_PX[[#This Row],[Column29]] -> 7477 | AD13: =FF_PX[[#This Row],[Column30]] -> 7484 | AE13: =FF_PX[[#This Row],[Column31]] -> 7502 | AF13: =FF_PX[[#This Row],[Column32]] -> 7839 | AG13: =FF_PX[[#This Row],[Column33]] -> 6231 | AH13: =FF_PX[[#This Row],[Column34]] -> 5994 | AI13: =FF_PX[[#This Row],[Column35]] -> 6040 | AJ13: =FF_PX[[#This Row],[Column36]] -> 5678 | AK13: =FF_PX[[#This Row],[Column37]] -> 5492 | AL13: =FF_PX[[#This Row],[Column38]] -> 5529 | AM13: =FF_PX[[#This Row],[Column39]] -> 5515 | AN13: =FF_PX[[#This Row],[Column40]] -> 5483 | AO13: =FF_PX[[#This Row],[Column41]] -> 5549 | AP13: =FF_PX[[#This Row],[Column42]] -> 5505 | AQ13: =FF_PX[[#This Row],[Column43]] -> 5558 | AR13: =FF_PX[[#This Row],[Column44]] -> 5594 | AS13: =FF_PX[[#This Row],[Column45]] -> 5604 | AT13: =FF_PX[[#This Row],[Column46]] -> 6329 | AU13: =FF_PX[[#This Row],[Column47]] -> 6822 | AV13: =FF_PX[[#This Row],[Column48]] -> 7260 | AW13: =FF_PX[[#This Row],[Column49]] -> 8206 | AX13: =FF_PX[[#This Row],[Column50]] -> 38070 | AY13: =FF_PX[[#This Row],[Column51]] -> 34310 | AZ13: =FF_PX[[#This Row],[Column52]] -> 34405 | BA13: =FF_PX[[#This Row],[Column53]] -> 33234 | BB13: =FF_PX[[#This Row],[Column54]] -> 33277 | BC13: =FF_PX[[#This Row],[Column55]] -> 33275 | BD13: =FF_PX[[#This Row],[Column56]] -> 33078 | BE13: =FF_PX[[#This Row],[Column57]] -> 33526 | BF13: =FF_PX[[#This Row],[Column58]] -> 32891 | BG13: =FF_PX[[#This Row],[Column59]] -> 32888 | BH13: =FF_PX[[#This Row],[Column60]] -> 33238 | BI13: =FF_PX[[#This Row],[Column61]] -> 33164 | BJ13: =FF_PX[[#This Row],[Column62]] -> 32831 | BK13: =FF_PX[[#This Row],[Column63]] -> 32273 | BL13: =FF_PX[[#This Row],[Column64]] -> 33110 | BM13: =FF_PX[[#This Row],[Column65]] -> 32596 | BN13: =FF_PX[[#This Row],[Column66]] -> 32670 | BO13: =FF_PX[[#This Row],[Column67]] -> 33163 | BP13: =FF_PX[[#This Row],[Column68]] -> 33321 | BQ13: =FF_PX[[#This Row],[Column69]] -> 33254 | BR13: =FF_PX[[#This Row],[Column70]] -> 33148 | BS13: =FF_PX[[#This Row],[Column71]] -> 33148 | BT13: =FF_PX[[#This Row],[Column72]] -> 32133 | BU13: =FF_PX[[#This Row],[Column73]] -> 41773 | BV13: =FF_PX[[#This Row],[Column74]] -> 41809 | BW13: =FF_PX[[#This Row],[Column75]] -> 42313 | BX13: =FF_PX[[#This Row],[Column76]] -> 37501 | BY13: =FF_PX[[#This Row],[Column77]] -> 37592 | BZ13: =FF_PX[[#This Row],[Column78]] -> 33433 | CA13: =FF_PX[[#This Row],[Column79]] -> 34742 | CB13: =FF_PX[[#This Row],[Column80]] -> 36775 | CC13: =FF_PX[[#This Row],[Column81]] -> 34795 | CD13: =FF_PX[[#This Row],[Column82]] -> 32735 | CE13: =FF_PX[[#This Row],[Column83]] -> 27056 | CF13: =FF_PX[[#This Row],[Column84]] -> 25792 | CG13: =FF_PX[[#This Row],[Column85]] -> 24213 | CH13: =FF_PX[[#This Row],[Column86]] -> 23974 | CI13: =FF_PX[[#This Row],[Column87]] -> 23627 | CJ13: =FF_PX[[#This Row],[Column88]] -> 22338 | CK13: =FF_PX[[#This Row],[Column89]] -> 21471 | CL13: =FF_PX[[#This Row],[Column90]] -> 20899 | CM13: =FF_PX[[#This Row],[Column91]] -> 18952 | CN13: =FF_PX[[#This Row],[Column92]] -> 19201 | CO13: =FF_PX[[#This Row],[Column93]] -> 19732 | CP13: =FF_PX[[#This Row],[Column94]] -> 20110 | CQ13: =FF_PX[[#This Row],[Column95]] -> 11572 | CR13: =FF_PX[[#This Row],[Column96]] -> 11518 | CS13: =FF_PX[[#This Row],[Column97]] -> 11319 | CT13: =FF_PX[[#This Row],[Column98]] -> 11324 | CU13: =FF_PX[[#This Row],[Column99]] -> 11125 | CV13: =FF_PX[[#This Row],[Column100]] -> 11125 | CW13: =FF_PX[[#This Row],[Column101]] -> 11037 | CX13: =FF_PX[[#This Row],[Column102]] -> 9746 | CY13: =FF_PX[[#This Row],[Column103]] -> 9767 | CZ13: =FF_PX[[#This Row],[Column104]] -> 9446 | DA13: =FF_PX[[#This Row],[Column105]] -> 9601
A14: ='cont list_0'!M17 -> U27 | B14: =FF_PX[[#This Row],[Column2]] -> 6635 | C14: =FF_PX[[#This Row],[Column3]] -> 6635 | D14: =FF_PX[[#This Row],[Column4]] -> 6612 | E14: =FF_PX[[#This Row],[Column5]] -> 6539 | F14: =FF_PX[[#This Row],[Column6]] -> 6476 | G14: =FF_PX[[#This Row],[Column7]] -> 19269 | H14: =FF_PX[[#This Row],[Column8]] -> 19316 | I14: =FF_PX[[#This Row],[Column9]] -> 16068 | J14: =FF_PX[[#This Row],[Column10]] -> 15507 | K14: =FF_PX[[#This Row],[Column11]] -> 15429 | L14: =FF_PX[[#This Row],[Column12]] -> 14606 | M14: =FF_PX[[#This Row],[Column13]] -> 13975 | N14: =FF_PX[[#This Row],[Column14]] -> 13790 | O14: =FF_PX[[#This Row],[Column15]] -> 13565 | P14: =FF_PX[[#This Row],[Column16]] -> 13798 | Q14: =FF_PX[[#This Row],[Column17]] -> 12861 | R14: =FF_PX[[#This Row],[Column18]] -> 11195 | S14: =FF_PX[[#This Row],[Column19]] -> 11256 | T14: =FF_PX[[#This Row],[Column20]] -> 11308 | U14: =FF_PX[[#This Row],[Column21]] -> 10424 | V14: =FF_PX[[#This Row],[Column22]] -> 9314 | W14: =FF_PX[[#This Row],[Column23]] -> 8768 | X14: =FF_PX[[#This Row],[Column24]] -> 8711 | Y14: =FF_PX[[#This Row],[Column25]] -> 8711 | Z14: =FF_PX[[#This Row],[Column26]] -> 5834 | AA14: =FF_PX[[#This Row],[Column27]] -> 5609 | AB14: =FF_PX[[#This Row],[Column28]] -> 5413 | AC14: =FF_PX[[#This Row],[Column29]] -> 8373 | AD14: =FF_PX[[#This Row],[Column30]] -> 7742 | AE14: =FF_PX[[#This Row],[Column31]] -> 8023 | AF14: =FF_PX[[#This Row],[Column32]] -> 8086 | AG14: =FF_PX[[#This Row],[Column33]] -> 8974 | AH14: =FF_PX[[#This Row],[Column34]] -> 9447 | AI14: =FF_PX[[#This Row],[Column35]] -> 8128 | AJ14: =FF_PX[[#This Row],[Column36]] -> 8310 | AK14: =FF_PX[[#This Row],[Column37]] -> 8547 | AL14: =FF_PX[[#This Row],[Column38]] -> 7761 | AM14: =FF_PX[[#This Row],[Column39]] -> 8025 | AN14: =FF_PX[[#This Row],[Column40]] -> 6799 | AO14: =FF_PX[[#This Row],[Column41]] -> 6742 | AP14: =FF_PX[[#This Row],[Column42]] -> 7075 | AQ14: =FF_PX[[#This Row],[Column43]] -> 7029 | AR14: =FF_PX[[#This Row],[Column44]] -> 7179 | AS14: =FF_PX[[#This Row],[Column45]] -> 6920 | AT14: =FF_PX[[#This Row],[Column46]] -> 7687 | AU14: =FF_PX[[#This Row],[Column47]] -> 8323 | AV14: =FF_PX[[#This Row],[Column48]] -> 8209 | AW14: =FF_PX[[#This Row],[Column49]] -> 8332 | AX14: =FF_PX[[#This Row],[Column50]] -> 8205 | AY14: =FF_PX[[#This Row],[Column51]] -> 8537 | AZ14: =FF_PX[[#This Row],[Column52]] -> 6841 | BA14: =FF_PX[[#This Row],[Column53]] -> 6469 | BB14: =FF_PX[[#This Row],[Column54]] -> 7838 | BC14: =FF_PX[[#This Row],[Column55]] -> 8114 | BD14: =FF_PX[[#This Row],[Column56]] -> 7336 | BE14: =FF_PX[[#This Row],[Column57]] -> 7196 | BF14: =FF_PX[[#This Row],[Column58]] -> 6168 | BG14: =FF_PX[[#This Row],[Column59]] -> 6023 | BH14: =FF_PX[[#This Row],[Column60]] -> 6012 | BI14: =FF_PX[[#This Row],[Column61]] -> 6108 | BJ14: =FF_PX[[#This Row],[Column62]] -> 6355 | BK14: =FF_PX[[#This Row],[Column63]] -> 6186 | BL14: =FF_PX[[#This Row],[Column64]] -> 6424 | BM14: =FF_PX[[#This Row],[Column65]] -> 6300 | BN14: =FF_PX[[#This Row],[Column66]] -> 6425 | BO14: =FF_PX[[#This Row],[Column67]] -> 6832 | BP14: =FF_PX[[#This Row],[Column68]] -> 6283 | BQ14: =FF_PX[[#This Row],[Column69]] -> 6208 | BR14: =FF_PX[[#This Row],[Column70]] -> 6222 | BS14: =FF_PX[[#This Row],[Column71]] -> 6222 | BT14: =FF_PX[[#This Row],[Column72]] -> 6334 | BU14: =FF_PX[[#This Row],[Column73]] -> 32420 | BV14: =FF_PX[[#This Row],[Column74]] -> 32321 | BW14: =FF_PX[[#This Row],[Column75]] -> 31352 | BX14: =FF_PX[[#This Row],[Column76]] -> 29360 | BY14: =FF_PX[[#This Row],[Column77]] -> 28183 | BZ14: =FF_PX[[#This Row],[Column78]] -> 28627 | CA14: =FF_PX[[#This Row],[Column79]] -> 28296 | CB14: =FF_PX[[#This Row],[Column80]] -> 28888 | CC14: =FF_PX[[#This Row],[Column81]] -> 29005 | CD14: =FF_PX[[#This Row],[Column82]] -> 26992 | CE14: =FF_PX[[#This Row],[Column83]] -> 26400 | CF14: =FF_PX[[#This Row],[Column84]] -> 23148 | CG14: =FF_PX[[#This Row],[Column85]] -> 20612 | CH14: =FF_PX[[#This Row],[Column86]] -> 20107 | CI14: =FF_PX[[#This Row],[Column87]] -> 20249 | CJ14: =FF_PX[[#This Row],[Column88]] -> 20408 | CK14: =FF_PX[[#This Row],[Column89]] -> 19824 | CL14: =FF_PX[[#This Row],[Column90]] -> 16671 | CM14: =FF_PX[[#This Row],[Column91]] -> 17501 | CN14: =FF_PX[[#This Row],[Column92]] -> 16586 | CO14: =FF_PX[[#This Row],[Column93]] -> 16582 | CP14: =FF_PX[[#This Row],[Column94]] -> 16505 | CQ14: =FF_PX[[#This Row],[Column95]] -> 20589 | CR14: =FF_PX[[#This Row],[Column96]] -> 20713 | CS14: =FF_PX[[#This Row],[Column97]] -> 20193 | CT14: =FF_PX[[#This Row],[Column98]] -> 20230 | CU14: =FF_PX[[#This Row],[Column99]] -> 19977 | CV14: =FF_PX[[#This Row],[Column100]] -> 19977 | CW14: =FF_PX[[#This Row],[Column101]] -> 19642 | CX14: =FF_PX[[#This Row],[Column102]] -> 18768 | CY14: =FF_PX[[#This Row],[Column103]] -> 19170 | CZ14: =FF_PX[[#This Row],[Column104]] -> 18819 | DA14: =FF_PX[[#This Row],[Column105]] -> 18601
... A23: ='cont list_0'!M26 -> M28 | B23: =FF_PX[[#This Row],[Column2]] -> 0 | C23: =FF_PX[[#This Row],[Column3]] -> 0 | D23: =FF_PX[[#This Row],[Column4]] -> 0 | E23: =FF_PX[[#This Row],[Column5]] -> 0 | F23: =FF_PX[[#This Row],[Column6]] -> 0 | G23: =FF_PX[[#This Row],[Column7]] -> 0 | H23: =FF_PX[[#This Row],[Column8]] -> 0 | I23: =FF_PX[[#This Row],[Column9]] -> 0 | J23: =FF_PX[[#This Row],[Column10]] -> 0 | K23: =FF_PX[[#This Row],[Column11]] -> 0 | L23: =FF_PX[[#This Row],[Column12]] -> 0 | M23: =FF_PX[[#This Row],[Column13]] -> 0 | N23: =FF_PX[[#This Row],[Column14]] -> 0 | O23: =FF_PX[[#This Row],[Column15]] -> 0 | P23: =FF_PX[[#This Row],[Column16]] -> 0 | Q23: =FF_PX[[#This Row],[Column17]] -> 0 | R23: =FF_PX[[#This Row],[Column18]] -> 0 | S23: =FF_PX[[#This Row],[Column19]] -> 0 | T23: =FF_PX[[#This Row],[Column20]] -> 0 | U23: =FF_PX[[#This Row],[Column21]] -> 0 | V23: =FF_PX[[#This Row],[Column22]] -> 0 | W23: =FF_PX[[#This Row],[Column23]] -> 0 | X23: =FF_PX[[#This Row],[Column24]] -> 0 | Y23: =FF_PX[[#This Row],[Column25]] -> 0 | Z23: =FF_PX[[#This Row],[Column26]] -> 0 | AA23: =FF_PX[[#This Row],[Column27]] -> 0 | AB23: =FF_PX[[#This Row],[Column28]] -> 0 | AC23: =FF_PX[[#This Row],[Column29]] -> 0 | AD23: =FF_PX[[#This Row],[Column30]] -> 0 | AE23: =FF_PX[[#This Row],[Column31]] -> 0 | AF23: =FF_PX[[#This Row],[Column32]] -> 0 | AG23: =FF_PX[[#This Row],[Column33]] -> 0 | AH23: =FF_PX[[#This Row],[Column34]] -> 0 | AI23: =FF_PX[[#This Row],[Column35]] -> 0 | AJ23: =FF_PX[[#This Row],[Column36]] -> 0 | AK23: =FF_PX[[#This Row],[Column37]] -> 0 | AL23: =FF_PX[[#This Row],[Column38]] -> 0 | AM23: =FF_PX[[#This Row],[Column39]] -> 0 | AN23: =FF_PX[[#This Row],[Column40]] -> 0 | AO23: =FF_PX[[#This Row],[Column41]] -> 0 | AP23: =FF_PX[[#This Row],[Column42]] -> 0 | AQ23: =FF_PX[[#This Row],[Column43]] -> 0 | AR23: =FF_PX[[#This Row],[Column44]] -> 0 | AS23: =FF_PX[[#This Row],[Column45]] -> 0 | AT23: =FF_PX[[#This Row],[Column46]] -> 0 | AU23: =FF_PX[[#This Row],[Column47]] -> 0 | AV23: =FF_PX[[#This Row],[Column48]] -> 0 | AW23: =FF_PX[[#This Row],[Column49]] -> 0 | AX23: =FF_PX[[#This Row],[Column50]] -> 0 | AY23: =FF_PX[[#This Row],[Column51]] -> 0 | AZ23: =FF_PX[[#This Row],[Column52]] -> 0 | BA23: =FF_PX[[#This Row],[Column53]] -> 0 | BB23: =FF_PX[[#This Row],[Column54]] -> 0 | BC23: =FF_PX[[#This Row],[Column55]] -> 0 | BD23: =FF_PX[[#This Row],[Column56]] -> 0 | BE23: =FF_PX[[#This Row],[Column57]] -> 0 | BF23: =FF_PX[[#This Row],[Column58]] -> 0 | BG23: =FF_PX[[#This Row],[Column59]] -> 0 | BH23: =FF_PX[[#This Row],[Column60]] -> 0 | BI23: =FF_PX[[#This Row],[Column61]] -> 0 | BJ23: =FF_PX[[#This Row],[Column62]] -> 0 | BK23: =FF_PX[[#This Row],[Column63]] -> 0 | BL23: =FF_PX[[#This Row],[Column64]] -> 0 | BM23: =FF_PX[[#This Row],[Column65]] -> 0 | BN23: =FF_PX[[#This Row],[Column66]] -> 0 | BO23: =FF_PX[[#This Row],[Column67]] -> 0 | BP23: =FF_PX[[#This Row],[Column68]] -> 0 | BQ23: =FF_PX[[#This Row],[Column69]] -> 0 | BR23: =FF_PX[[#This Row],[Column70]] -> 0 | BS23: =FF_PX[[#This Row],[Column71]] -> 0 | BT23: =FF_PX[[#This Row],[Column72]] -> 0 | BU23: =FF_PX[[#This Row],[Column73]] -> 0 | BV23: =FF_PX[[#This Row],[Column74]] -> 0 | BW23: =FF_PX[[#This Row],[Column75]] -> 0 | BX23: =FF_PX[[#This Row],[Column76]] -> 0 | BY23: =FF_PX[[#This Row],[Column77]] -> 0 | BZ23: =FF_PX[[#This Row],[Column78]] -> 0 | CA23: =FF_PX[[#This Row],[Column79]] -> 0 | CB23: =FF_PX[[#This Row],[Column80]] -> 0 | CC23: =FF_PX[[#This Row],[Column81]] -> 0 | CD23: =FF_PX[[#This Row],[Column82]] -> 0 | CE23: =FF_PX[[#This Row],[Column83]] -> 0 | CF23: =FF_PX[[#This Row],[Column84]] -> 0 | CG23: =FF_PX[[#This Row],[Column85]] -> 0 | CH23: =FF_PX[[#This Row],[Column86]] -> 0 | CI23: =FF_PX[[#This Row],[Column87]] -> 0 | CJ23: =FF_PX[[#This Row],[Column88]] -> 0 | CK23: =FF_PX[[#This Row],[Column89]] -> 0 | CL23: =FF_PX[[#This Row],[Column90]] -> 0 | CM23: =FF_PX[[#This Row],[Column91]] -> 0 | CN23: =FF_PX[[#This Row],[Column92]] -> 0 | CO23: =FF_PX[[#This Row],[Column93]] -> 0 | CP23: =FF_PX[[#This Row],[Column94]] -> 0 | CQ23: =FF_PX[[#This Row],[Column95]] -> 0 | CR23: =FF_PX[[#This Row],[Column96]] -> 0 | CS23: =FF_PX[[#This Row],[Column97]] -> 0 | CT23: =FF_PX[[#This Row],[Column98]] -> 0 | CU23: =FF_PX[[#This Row],[Column99]] -> 0 | CV23: =FF_PX[[#This Row],[Column100]] -> 0 | CW23: =FF_PX[[#This Row],[Column101]] -> 0 | CX23: =FF_PX[[#This Row],[Column102]] -> 0 | CY23: =FF_PX[[#This Row],[Column103]] -> 0 | CZ23: =FF_PX[[#This Row],[Column104]] -> 0 | DA23: =FF_PX[[#This Row],[Column105]] -> 0

Sheet treasuries
A2: =treasuries_0!A3 -> Dates | B2: =treasuries_0!B3 -> 46302 | C2: =treasuries_0!C3 -> 46301 | D2: =treasuries_0!D3 -> 46300 | E2: =treasuries_0!E3 -> 46297 | F2: =treasuries_0!F3 -> 46296 | G2: =treasuries_0!G3 -> 46295 | H2: =treasuries_0!H3 -> 46294 | ... CP2: =treasuries_0!CP3 -> 46174 | CQ2: =treasuries_0!#REF! -> #REF! | CR2: =treasuries_0!#REF! -> #REF! | CS2: =treasuries_0!#REF! -> #REF! | CT2: =treasuries_0!#REF! -> #REF! | CU2: =treasuries_0!#REF! -> #REF! | CV2: =treasuries_0!#REF! -> #REF! | CW2: =treasuries_0!#REF! -> #REF! | CX2: =treasuries_0!#REF! -> #REF! | ... DT2: =treasuries_0!#REF! -> #REF!
A3: =treasuries[[#Headers],[US 2 YEAR TREASURY]] -> US 2 YEAR TREASURY | B3: =treasuries_0!B6 -> 4485918 | C3: =treasuries_0!C6 -> 4485918 | D3: =treasuries_0!D6 -> 4450685 | E3: =treasuries_0!E6 -> 4449153 | F3: =treasuries_0!F6 -> 4461944 | G3: =treasuries_0!G6 -> 4452102 | H3: =treasuries_0!H6 -> 4529756 | I3: =treasuries_0!I6 -> 4542298 | ... CP3: =treasuries_0!CP6 -> 4359098 | CQ3: =treasuries_0!#REF! -> #REF! | CR3: =treasuries_0!#REF! -> #REF! | CS3: =treasuries_0!#REF! -> #REF! | CT3: =treasuries_0!#REF! -> #REF! | CU3: =treasuries_0!#REF! -> #REF! | CV3: =treasuries_0!#REF! -> #REF! | CW3: =treasuries_0!#REF! -> #REF! | CX3: =treasuries_0!#REF! -> #REF! | ... DT3: =treasuries_0!#REF! -> #REF!
A7: =treasuries_0!A9 -> US 5 YEAR TREASURY | B7: =treasuries_0!B14 -> 6775834 | C7: =treasuries_0!C14 -> 6775834 | D7: =treasuries_0!D14 -> 6776095 | E7: =treasuries_0!E14 -> 6804145 | F7: =treasuries_0!F14 -> 6847141 | G7: =treasuries_0!G14 -> 6852481 | H7: =treasuries_0!H14 -> 6789194 | I7: =treasuries_0!I14 -> 6794314 | ... CP7: =treasuries_0!CP14 -> 6324635 | CQ7: =treasuries_0!#REF! -> #REF! | CR7: =treasuries_0!#REF! -> #REF! | CS7: =treasuries_0!#REF! -> #REF! | CT7: =treasuries_0!#REF! -> #REF! | CU7: =treasuries_0!#REF! -> #REF! | CV7: =treasuries_0!#REF! -> #REF! | CW7: =treasuries_0!#REF! -> #REF! | CX7: =treasuries_0!#REF! -> #REF! | ... DT7: =treasuries_0!#REF! -> #REF!
A11: =treasuries_0!A17 -> US 10 YEAR TREASURY | B11: =treasuries_0!B22 -> 5755169 | C11: =treasuries_0!C22 -> 5755169 | D11: =treasuries_0!D22 -> 5721678 | E11: =treasuries_0!E22 -> 5704492 | F11: =treasuries_0!F22 -> 5712433 | G11: =treasuries_0!G22 -> 5744864 | H11: =treasuries_0!H22 -> 5676556 | I11: =treasuries_0!I22 -> 5694396 | ... CP11: =treasuries_0!CP22 -> 5332292 | CQ11: =treasuries_0!#REF! -> #REF! | CR11: =treasuries_0!#REF! -> #REF! | CS11: =treasuries_0!#REF! -> #REF! | CT11: =treasuries_0!#REF! -> #REF! | CU11: =treasuries_0!#REF! -> #REF! | CV11: =treasuries_0!#REF! -> #REF! | CW11: =treasuries_0!#REF! -> #REF! | CX11: =treasuries_0!#REF! -> #REF! | ... DT11: =treasuries_0!#REF! -> #REF!
A12: =treasuries_0!A24 -> US 10 YEAR ULTRA TREASURY | B12: =treasuries_0!B29 -> 2593267 | C12: =treasuries_0!C29 -> 2593267 | D12: =treasuries_0!D29 -> 2601466 | E12: =treasuries_0!E29 -> 2598897 | F12: =treasuries_0!F29 -> 2589004 | G12: =treasuries_0!G29 -> 2563720 | H12: =treasuries_0!H29 -> 2580149 | I12: =treasuries_0!I29 -> 5168032 | ... CP12: =treasuries_0!CP29 -> 2415424 | CQ12: =treasuries_0!#REF! -> #REF! | CR12: =treasuries_0!#REF! -> #REF! | CS12: =treasuries_0!#REF! -> #REF! | CT12: =treasuries_0!#REF! -> #REF! | CU12: =treasuries_0!#REF! -> #REF! | CV12: =treasuries_0!#REF! -> #REF! | CW12: =treasuries_0!#REF! -> #REF! | CX12: =treasuries_0!#REF! -> #REF! | ... DT12: =treasuries_0!#REF! -> #REF!
A15: =treasuries_0!A31 -> US 30 YEAR TREASURY | B15: =treasuries_0!B36 -> 1898166 | C15: =treasuries_0!C36 -> 1898166 | D15: =treasuries_0!D36 -> 1903679 | E15: =treasuries_0!E36 -> 1884082 | F15: =treasuries_0!F36 -> 1875295 | G15: =treasuries_0!G36 -> 1900665 | H15: =treasuries_0!H36 -> 1879173 | I15: =treasuries_0!I36 -> 1870476 | ... CP15: =treasuries_0!CP36 -> 1881970 | CQ15: =treasuries_0!#REF! -> #REF! | CR15: =treasuries_0!#REF! -> #REF! | CS15: =treasuries_0!#REF! -> #REF! | CT15: =treasuries_0!#REF! -> #REF! | CU15: =treasuries_0!#REF! -> #REF! | CV15: =treasuries_0!#REF! -> #REF! | CW15: =treasuries_0!#REF! -> #REF! | CX15: =treasuries_0!#REF! -> #REF! | ... DT15: =treasuries_0!#REF! -> #REF!
A16: =treasuries_0!A38 -> US 30 YEAR ULTRA TREASURY | B16: =treasuries_0!B43 -> 2403978 | C16: =treasuries_0!C43 -> 2403978 | D16: =treasuries_0!D43 -> 2432658 | E16: =treasuries_0!E43 -> 4911944 | F16: =treasuries_0!F43 -> 4941535 | G16: =treasuries_0!G43 -> 4952680 | H16: =treasuries_0!H43 -> 4977512 | I16: =treasuries_0!I43 -> 4965634 | ... CP16: =treasuries_0!CP43 -> 2350787 | CQ16: =treasuries_0!#REF! -> #REF! | CR16: =treasuries_0!#REF! -> #REF! | CS16: =treasuries_0!#REF! -> #REF! | CT16: =treasuries_0!#REF! -> #REF! | CU16: =treasuries_0!#REF! -> #REF! | CV16: =treasuries_0!#REF! -> #REF! | CW16: =treasuries_0!#REF! -> #REF! | CX16: =treasuries_0!#REF! -> #REF! | ... DT16: =treasuries_0!#REF! -> #REF!

Sheet ER
A2: =ER_PX[[#This Row],[Column1]] -> Dates | B2: =ER_PX[[#This Row],[Column2]] -> 46302 | C2: =ER_PX[[#This Row],[Column3]] -> 46301 | D2: =ER_PX[[#This Row],[Column4]] -> 46300 | E2: =ER_PX[[#This Row],[Column5]] -> 46297 | F2: =ER_PX[[#This Row],[Column6]] -> 46296 | G2: =ER_PX[[#This Row],[Column7]] -> 46295 | H2: =ER_PX[[#This Row],[Column8]] -> 46294 | I2: =ER_PX[[#This Row],[Column9]] -> 46293 | J2: =ER_PX[[#This Row],[Column10]] -> 46290 | K2: =ER_PX[[#This Row],[Column11]] -> 46289 | L2: =ER_PX[[#This Row],[Column12]] -> 46288 | M2: =ER_PX[[#This Row],[Column13]] -> 46287 | N2: =ER_PX[[#This Row],[Column14]] -> 46286 | O2: =ER_PX[[#This Row],[Column15]] -> 46283 | P2: =ER_PX[[#This Row],[Column16]] -> 46282 | Q2: =ER_PX[[#This Row],[Column17]] -> 46281 | R2: =ER_PX[[#This Row],[Column18]] -> 46280 | S2: =ER_PX[[#This Row],[Column19]] -> 46279 | T2: =ER_PX[[#This Row],[Column20]] -> 46276 | U2: =ER_PX[[#This Row],[Column21]] -> 46275 | V2: =ER_PX[[#This Row],[Column22]] -> 46274 | W2: =ER_PX[[#This Row],[Column23]] -> 46273 | X2: =ER_PX[[#This Row],[Column24]] -> 46272 | Y2: =ER_PX[[#This Row],[Column25]] -> 46269 | Z2: =ER_PX[[#This Row],[Column26]] -> 46268 | AA2: =ER_PX[[#This Row],[Column27]] -> 46267 | AB2: =ER_PX[[#This Row],[Column28]] -> 46266 | AC2: =ER_PX[[#This Row],[Column29]] -> 46265 | AD2: =ER_PX[[#This Row],[Column30]] -> 46262 | AE2: =ER_PX[[#This Row],[Column31]] -> 46261 | AF2: =ER_PX[[#This Row],[Column32]] -> 46260 | AG2: =ER_PX[[#This Row],[Column33]] -> 46259 | AH2: =ER_PX[[#This Row],[Column34]] -> 46258 | AI2: =ER_PX[[#This Row],[Column35]] -> 46255 | AJ2: =ER_PX[[#This Row],[Column36]] -> 46254 | AK2: =ER_PX[[#This Row],[Column37]] -> 46253 | AL2: =ER_PX[[#This Row],[Column38]] -> 46252 | AM2: =ER_PX[[#This Row],[Column39]] -> 46251 | AN2: =ER_PX[[#This Row],[Column40]] -> 46248 | AO2: =ER_PX[[#This Row],[Column41]] -> 46247 | AP2: =ER_PX[[#This Row],[Column42]] -> 46246 | AQ2: =ER_PX[[#This Row],[Column43]] -> 46245 | AR2: =ER_PX[[#This Row],[Column44]] -> 46244 | AS2: =ER_PX[[#This Row],[Column45]] -> 46241 | AT2: =ER_PX[[#This Row],[Column46]] -> 46240 | AU2: =ER_PX[[#This Row],[Column47]] -> 46239 | AV2: =ER_PX[[#This Row],[Column48]] -> 46238 | AW2: =ER_PX[[#This Row],[Column49]] -> 46237 | AX2: =ER_PX[[#This Row],[Column50]] -> 46234 | AY2: =ER_PX[[#This Row],[Column51]] -> 46233 | AZ2: =ER_PX[[#This Row],[Column52]] -> 46232 | BA2: =ER_PX[[#This Row],[Column53]] -> 46231 | BB2: =ER_PX[[#This Row],[Column54]] -> 46230 | BC2: =ER_PX[[#This Row],[Column55]] -> 46227 | BD2: =ER_PX[[#This Row],[Column56]] -> 46226 | BE2: =ER_PX[[#This Row],[Column57]] -> 46225 | BF2: =ER_PX[[#This Row],[Column58]] -> 46224 | BG2: =ER_PX[[#This Row],[Column59]] -> 46223 | BH2: =ER_PX[[#This Row],[Column60]] -> 46220 | BI2: =ER_PX[[#This Row],[Column61]] -> 46219 | BJ2: =ER_PX[[#This Row],[Column62]] -> 46218 | BK2: =ER_PX[[#This Row],[Column63]] -> 46217 | BL2: =ER_PX[[#This Row],[Column64]] -> 46216 | BM2: =ER_PX[[#This Row],[Column65]] -> 46213 | BN2: =ER_PX[[#This Row],[Column66]] -> 46212 | BO2: =ER_PX[[#This Row],[Column67]] -> 46211 | BP2: =ER_PX[[#This Row],[Column68]] -> 46210 | BQ2: =ER_PX[[#This Row],[Column69]] -> 46209 | BR2: =ER_PX[[#This Row],[Column70]] -> 46206
A3: ='cont list_0'!E6 -> U26 | B3: =ER_PX[[#This Row],[Column2]] -> 902205 | C3: =ER_PX[[#This Row],[Column3]] -> 902205 | D3: =ER_PX[[#This Row],[Column4]] -> 929568 | E3: =ER_PX[[#This Row],[Column5]] -> 921331 | F3: =ER_PX[[#This Row],[Column6]] -> 942386 | G3: =ER_PX[[#This Row],[Column7]] -> 948980 | H3: =ER_PX[[#This Row],[Column8]] -> 951322 | I3: =ER_PX[[#This Row],[Column9]] -> 955828 | J3: =ER_PX[[#This Row],[Column10]] -> 939288 | K3: =ER_PX[[#This Row],[Column11]] -> 945021 | L3: =ER_PX[[#This Row],[Column12]] -> 944177 | M3: =ER_PX[[#This Row],[Column13]] -> 946765 | N3: =ER_PX[[#This Row],[Column14]] -> 957002 | O3: =ER_PX[[#This Row],[Column15]] -> 955354 | P3: =ER_PX[[#This Row],[Column16]] -> 940221 | Q3: =ER_PX[[#This Row],[Column17]] -> 948349 | R3: =ER_PX[[#This Row],[Column18]] -> 953447 | S3: =ER_PX[[#This Row],[Column19]] -> 644716 | T3: =ER_PX[[#This Row],[Column20]] -> 644716 | U3: =ER_PX[[#This Row],[Column21]] -> 646959 | V3: =ER_PX[[#This Row],[Column22]] -> 651480 | W3: =ER_PX[[#This Row],[Column23]] -> 657197 | X3: =ER_PX[[#This Row],[Column24]] -> 666481 | Y3: =ER_PX[[#This Row],[Column25]] -> 661527 | Z3: =ER_PX[[#This Row],[Column26]] -> 665139 | AA3: =ER_PX[[#This Row],[Column27]] -> 650309 | AB3: =ER_PX[[#This Row],[Column28]] -> 645348 | AC3: =ER_PX[[#This Row],[Column29]] -> 653506 | AD3: =ER_PX[[#This Row],[Column30]] -> 643813 | AE3: =ER_PX[[#This Row],[Column31]] -> 631705 | AF3: =ER_PX[[#This Row],[Column32]] -> 631223 | AG3: =ER_PX[[#This Row],[Column33]] -> 636823 | AH3: =ER_PX[[#This Row],[Column34]] -> 632867 | AI3: =ER_PX[[#This Row],[Column35]] -> 628793 | AJ3: =ER_PX[[#This Row],[Column36]] -> 620765 | AK3: =ER_PX[[#This Row],[Column37]] -> 622057 | AL3: =ER_PX[[#This Row],[Column38]] -> 617584 | AM3: =ER_PX[[#This Row],[Column39]] -> 618672 | AN3: =ER_PX[[#This Row],[Column40]] -> 624494 | AO3: =ER_PX[[#This Row],[Column41]] -> 642077 | AP3: =ER_PX[[#This Row],[Column42]] -> 651147 | AQ3: =ER_PX[[#This Row],[Column43]] -> 659673 | AR3: =ER_PX[[#This Row],[Column44]] -> 665435 | AS3: =ER_PX[[#This Row],[Column45]] -> 665023 | AT3: =ER_PX[[#This Row],[Column46]] -> 666575 | AU3: =ER_PX[[#This Row],[Column47]] -> 684511 | AV3: =ER_PX[[#This Row],[Column48]] -> 663430 | AW3: =ER_PX[[#This Row],[Column49]] -> 661835 | AX3: =ER_PX[[#This Row],[Column50]] -> 656754 | AY3: =ER_PX[[#This Row],[Column51]] -> 658483 | AZ3: =ER_PX[[#This Row],[Column52]] -> 666205 | BA3: =ER_PX[[#This Row],[Column53]] -> 672831 | BB3: =ER_PX[[#This Row],[Column54]] -> 676004 | BC3: =ER_PX[[#This Row],[Column55]] -> 681992 | BD3: =ER_PX[[#This Row],[Column56]] -> 678603 | BE3: =ER_PX[[#This Row],[Column57]] -> 690166 | BF3: =ER_PX[[#This Row],[Column58]] -> 680573 | BG3: =ER_PX[[#This Row],[Column59]] -> 688689 | BH3: =ER_PX[[#This Row],[Column60]] -> 683853 | BI3: =ER_PX[[#This Row],[Column61]] -> 669511 | BJ3: =ER_PX[[#This Row],[Column62]] -> 666354 | BK3: =ER_PX[[#This Row],[Column63]] -> 652091 | BL3: =ER_PX[[#This Row],[Column64]] -> 648962 | BM3: =ER_PX[[#This Row],[Column65]] -> 642408 | BN3: =ER_PX[[#This Row],[Column66]] -> 647803 | BO3: =ER_PX[[#This Row],[Column67]] -> 647543 | BP3: =ER_PX[[#This Row],[Column68]] -> 645859 | BQ3: =ER_PX[[#This Row],[Column69]] -> 638543 | BR3: =ER_PX[[#This Row],[Column70]] -> 639052
A4: ='cont list_0'!E7 -> Z26 | B4: =ER_PX[[#This Row],[Column2]] -> 621548 | C4: =ER_PX[[#This Row],[Column3]] -> 621548 | D4: =ER_PX[[#This Row],[Column4]] -> 619643 | E4: =ER_PX[[#This Row],[Column5]] -> 594575 | F4: =ER_PX[[#This Row],[Column6]] -> 597955 | G4: =ER_PX[[#This Row],[Column7]] -> 597239 | H4: =ER_PX[[#This Row],[Column8]] -> 584150 | I4: =ER_PX[[#This Row],[Column9]] -> 581245 | J4: =ER_PX[[#This Row],[Column10]] -> 592559 | K4: =ER_PX[[#This Row],[Column11]] -> 592343 | L4: =ER_PX[[#This Row],[Column12]] -> 558402 | M4: =ER_PX[[#This Row],[Column13]] -> 565563 | N4: =ER_PX[[#This Row],[Column14]] -> 552793 | O4: =ER_PX[[#This Row],[Column15]] -> 560857 | P4: =ER_PX[[#This Row],[Column16]] -> 562074 | Q4: =ER_PX[[#This Row],[Column17]] -> 567160 | R4: =ER_PX[[#This Row],[Column18]] -> 562305 | S4: =ER_PX[[#This Row],[Column19]] -> 953209 | T4: =ER_PX[[#This Row],[Column20]] -> 965727 | U4: =ER_PX[[#This Row],[Column21]] -> 973331 | V4: =ER_PX[[#This Row],[Column22]] -> 968556 | W4: =ER_PX[[#This Row],[Column23]] -> 964864 | X4: =ER_PX[[#This Row],[Column24]] -> 971609 | Y4: =ER_PX[[#This Row],[Column25]] -> 969508 | Z4: =ER_PX[[#This Row],[Column26]] -> 964759 | AA4: =ER_PX[[#This Row],[Column27]] -> 974821 | AB4: =ER_PX[[#This Row],[Column28]] -> 968240 | AC4: =ER_PX[[#This Row],[Column29]] -> 965400 | AD4: =ER_PX[[#This Row],[Column30]] -> 966169 | AE4: =ER_PX[[#This Row],[Column31]] -> 962854 | AF4: =ER_PX[[#This Row],[Column32]] -> 950145 | AG4: =ER_PX[[#This Row],[Column33]] -> 946628 | AH4: =ER_PX[[#This Row],[Column34]] -> 938377 | AI4: =ER_PX[[#This Row],[Column35]] -> 949372 | AJ4: =ER_PX[[#This Row],[Column36]] -> 946395 | AK4: =ER_PX[[#This Row],[Column37]] -> 934878 | AL4: =ER_PX[[#This Row],[Column38]] -> 936623 | AM4: =ER_PX[[#This Row],[Column39]] -> 930909 | AN4: =ER_PX[[#This Row],[Column40]] -> 942369 | AO4: =ER_PX[[#This Row],[Column41]] -> 940905 | AP4: =ER_PX[[#This Row],[Column42]] -> 941301 | AQ4: =ER_PX[[#This Row],[Column43]] -> 951040 | AR4: =ER_PX[[#This Row],[Column44]] -> 951638 | AS4: =ER_PX[[#This Row],[Column45]] -> 947792 | AT4: =ER_PX[[#This Row],[Column46]] -> 952477 | AU4: =ER_PX[[#This Row],[Column47]] -> 960384 | AV4: =ER_PX[[#This Row],[Column48]] -> 950430 | AW4: =ER_PX[[#This Row],[Column49]] -> 938380 | AX4: =ER_PX[[#This Row],[Column50]] -> 949027 | AY4: =ER_PX[[#This Row],[Column51]] -> 953571 | AZ4: =ER_PX[[#This Row],[Column52]] -> 960480 | BA4: =ER_PX[[#This Row],[Column53]] -> 958823 | BB4: =ER_PX[[#This Row],[Column54]] -> 976328 | BC4: =ER_PX[[#This Row],[Column55]] -> 976071 | BD4: =ER_PX[[#This Row],[Column56]] -> 970906 | BE4: =ER_PX[[#This Row],[Column57]] -> 954549 | BF4: =ER_PX[[#This Row],[Column58]] -> 952978 | BG4: =ER_PX[[#This Row],[Column59]] -> 953946 | BH4: =ER_PX[[#This Row],[Column60]] -> 958076 | BI4: =ER_PX[[#This Row],[Column61]] -> 961058 | BJ4: =ER_PX[[#This Row],[Column62]] -> 967801 | BK4: =ER_PX[[#This Row],[Column63]] -> 973903 | BL4: =ER_PX[[#This Row],[Column64]] -> 972020 | BM4: =ER_PX[[#This Row],[Column65]] -> 958331 | BN4: =ER_PX[[#This Row],[Column66]] -> 954229 | BO4: =ER_PX[[#This Row],[Column67]] -> 952032 | BP4: =ER_PX[[#This Row],[Column68]] -> 943245 | BQ4: =ER_PX[[#This Row],[Column69]] -> 943297 | BR4: =ER_PX[[#This Row],[Column70]] -> 942900
A5: ='cont list_0'!E8 -> H27 | B5: =ER_PX[[#This Row],[Column2]] -> 554937 | C5: =ER_PX[[#This Row],[Column3]] -> 554937 | D5: =ER_PX[[#This Row],[Column4]] -> 553763 | E5: =ER_PX[[#This Row],[Column5]] -> 562267 | F5: =ER_PX[[#This Row],[Column6]] -> 565727 | G5: =ER_PX[[#This Row],[Column7]] -> 594157 | H5: =ER_PX[[#This Row],[Column8]] -> 593107 | I5: =ER_PX[[#This Row],[Column9]] -> 591753 | J5: =ER_PX[[#This Row],[Column10]] -> 590344 | K5: =ER_PX[[#This Row],[Column11]] -> 594927 | L5: =ER_PX[[#This Row],[Column12]] -> 604021 | M5: =ER_PX[[#This Row],[Column13]] -> 573121 | N5: =ER_PX[[#This Row],[Column14]] -> 566582 | O5: =ER_PX[[#This Row],[Column15]] -> 565878 | P5: =ER_PX[[#This Row],[Column16]] -> 552699 | Q5: =ER_PX[[#This Row],[Column17]] -> 553307 | R5: =ER_PX[[#This Row],[Column18]] -> 558115 | S5: =ER_PX[[#This Row],[Column19]] -> 566902 | T5: =ER_PX[[#This Row],[Column20]] -> 571799 | U5: =ER_PX[[#This Row],[Column21]] -> 579590 | V5: =ER_PX[[#This Row],[Column22]] -> 553349 | W5: =ER_PX[[#This Row],[Column23]] -> 557838 | X5: =ER_PX[[#This Row],[Column24]] -> 549405 | Y5: =ER_PX[[#This Row],[Column25]] -> 542908 | Z5: =ER_PX[[#This Row],[Column26]] -> 538845 | AA5: =ER_PX[[#This Row],[Column27]] -> 533320 | AB5: =ER_PX[[#This Row],[Column28]] -> 514514 | AC5: =ER_PX[[#This Row],[Column29]] -> 504013 | AD5: =ER_PX[[#This Row],[Column30]] -> 496712 | AE5: =ER_PX[[#This Row],[Column31]] -> 484295 | AF5: =ER_PX[[#This Row],[Column32]] -> 479260 | AG5: =ER_PX[[#This Row],[Column33]] -> 470133 | AH5: =ER_PX[[#This Row],[Column34]] -> 467001 | AI5: =ER_PX[[#This Row],[Column35]] -> 469055 | AJ5: =ER_PX[[#This Row],[Column36]] -> 476605 | AK5: =ER_PX[[#This Row],[Column37]] -> 478563 | AL5: =ER_PX[[#This Row],[Column38]] -> 474645 | AM5: =ER_PX[[#This Row],[Column39]] -> 478274 | AN5: =ER_PX[[#This Row],[Column40]] -> 482342 | AO5: =ER_PX[[#This Row],[Column41]] -> 478708 | AP5: =ER_PX[[#This Row],[Column42]] -> 473570 | AQ5: =ER_PX[[#This Row],[Column43]] -> 472127 | AR5: =ER_PX[[#This Row],[Column44]] -> 481083 | AS5: =ER_PX[[#This Row],[Column45]] -> 476561 | AT5: =ER_PX[[#This Row],[Column46]] -> 472111 | AU5: =ER_PX[[#This Row],[Column47]] -> 483251 | AV5: =ER_PX[[#This Row],[Column48]] -> 482559 | AW5: =ER_PX[[#This Row],[Column49]] -> 470182 | AX5: =ER_PX[[#This Row],[Column50]] -> 464396 | AY5: =ER_PX[[#This Row],[Column51]] -> 459106 | AZ5: =ER_PX[[#This Row],[Column52]] -> 455097 | BA5: =ER_PX[[#This Row],[Column53]] -> 461319 | BB5: =ER_PX[[#This Row],[Column54]] -> 469024 | BC5: =ER_PX[[#This Row],[Column55]] -> 479737 | BD5: =ER_PX[[#This Row],[Column56]] -> 478105 | BE5: =ER_PX[[#This Row],[Column57]] -> 490441 | BF5: =ER_PX[[#This Row],[Column58]] -> 482586 | BG5: =ER_PX[[#This Row],[Column59]] -> 489839 | BH5: =ER_PX[[#This Row],[Column60]] -> 483750 | BI5: =ER_PX[[#This Row],[Column61]] -> 507223 | BJ5: =ER_PX[[#This Row],[Column62]] -> 499779 | BK5: =ER_PX[[#This Row],[Column63]] -> 479965 | BL5: =ER_PX[[#This Row],[Column64]] -> 482427 | BM5: =ER_PX[[#This Row],[Column65]] -> 475338 | BN5: =ER_PX[[#This Row],[Column66]] -> 477602 | BO5: =ER_PX[[#This Row],[Column67]] -> 475967 | BP5: =ER_PX[[#This Row],[Column68]] -> 473137 | BQ5: =ER_PX[[#This Row],[Column69]] -> 478213 | BR5: =ER_PX[[#This Row],[Column70]] -> 482677
A6: ='cont list_0'!E9 -> M27 | B6: =ER_PX[[#This Row],[Column2]] -> 470180 | C6: =ER_PX[[#This Row],[Column3]] -> 470180 | D6: =ER_PX[[#This Row],[Column4]] -> 472833 | E6: =ER_PX[[#This Row],[Column5]] -> 461751 | F6: =ER_PX[[#This Row],[Column6]] -> 464352 | G6: =ER_PX[[#This Row],[Column7]] -> 494238 | H6: =ER_PX[[#This Row],[Column8]] -> 487556 | I6: =ER_PX[[#This Row],[Column9]] -> 480871 | J6: =ER_PX[[#This Row],[Column10]] -> 474173 | K6: =ER_PX[[#This Row],[Column11]] -> 470067 | L6: =ER_PX[[#This Row],[Column12]] -> 464237 | M6: =ER_PX[[#This Row],[Column13]] -> 459462 | N6: =ER_PX[[#This Row],[Column14]] -> 461391 | O6: =ER_PX[[#This Row],[Column15]] -> 463055 | P6: =ER_PX[[#This Row],[Column16]] -> 467988 | Q6: =ER_PX[[#This Row],[Column17]] -> 456526 | R6: =ER_PX[[#This Row],[Column18]] -> 451745 | S6: =ER_PX[[#This Row],[Column19]] -> 553756 | T6: =ER_PX[[#This Row],[Column20]] -> 549750 | U6: =ER_PX[[#This Row],[Column21]] -> 578437 | V6: =ER_PX[[#This Row],[Column22]] -> 573177 | W6: =ER_PX[[#This Row],[Column23]] -> 567788 | X6: =ER_PX[[#This Row],[Column24]] -> 571587 | Y6: =ER_PX[[#This Row],[Column25]] -> 561059 | Z6: =ER_PX[[#This Row],[Column26]] -> 555186 | AA6: =ER_PX[[#This Row],[Column27]] -> 555895 | AB6: =ER_PX[[#This Row],[Column28]] -> 544367 | AC6: =ER_PX[[#This Row],[Column29]] -> 530686 | AD6: =ER_PX[[#This Row],[Column30]] -> 524961 | AE6: =ER_PX[[#This Row],[Column31]] -> 515926 | AF6: =ER_PX[[#This Row],[Column32]] -> 503715 | AG6: =ER_PX[[#This Row],[Column33]] -> 499432 | AH6: =ER_PX[[#This Row],[Column34]] -> 500255 | AI6: =ER_PX[[#This Row],[Column35]] -> 493924 | AJ6: =ER_PX[[#This Row],[Column36]] -> 491722 | AK6: =ER_PX[[#This Row],[Column37]] -> 488701 | AL6: =ER_PX[[#This Row],[Column38]] -> 488764 | AM6: =ER_PX[[#This Row],[Column39]] -> 481740 | AN6: =ER_PX[[#This Row],[Column40]] -> 485967 | AO6: =ER_PX[[#This Row],[Column41]] -> 487796 | AP6: =ER_PX[[#This Row],[Column42]] -> 491360 | AQ6: =ER_PX[[#This Row],[Column43]] -> 482183 | AR6: =ER_PX[[#This Row],[Column44]] -> 483087 | AS6: =ER_PX[[#This Row],[Column45]] -> 485236 | AT6: =ER_PX[[#This Row],[Column46]] -> 485355 | AU6: =ER_PX[[#This Row],[Column47]] -> 487233 | AV6: =ER_PX[[#This Row],[Column48]] -> 485218 | AW6: =ER_PX[[#This Row],[Column49]] -> 477467 | AX6: =ER_PX[[#This Row],[Column50]] -> 482298 | AY6: =ER_PX[[#This Row],[Column51]] -> 480067 | AZ6: =ER_PX[[#This Row],[Column52]] -> 480420 | BA6: =ER_PX[[#This Row],[Column53]] -> 474948 | BB6: =ER_PX[[#This Row],[Column54]] -> 473831 | BC6: =ER_PX[[#This Row],[Column55]] -> 476679 | BD6: =ER_PX[[#This Row],[Column56]] -> 478776 | BE6: =ER_PX[[#This Row],[Column57]] -> 479910 | BF6: =ER_PX[[#This Row],[Column58]] -> 460744 | BG6: =ER_PX[[#This Row],[Column59]] -> 476623 | BH6: =ER_PX[[#This Row],[Column60]] -> 472041 | BI6: =ER_PX[[#This Row],[Column61]] -> 469117 | BJ6: =ER_PX[[#This Row],[Column62]] -> 465226 | BK6: =ER_PX[[#This Row],[Column63]] -> 451607 | BL6: =ER_PX[[#This Row],[Column64]] -> 444202 | BM6: =ER_PX[[#This Row],[Column65]] -> 446656 | BN6: =ER_PX[[#This Row],[Column66]] -> 448400 | BO6: =ER_PX[[#This Row],[Column67]] -> 458338 | BP6: =ER_PX[[#This Row],[Column68]] -> 435277 | BQ6: =ER_PX[[#This Row],[Column69]] -> 424724 | BR6: =ER_PX[[#This Row],[Column70]] -> 424197
A7: ='cont list_0'!E10 -> U27 | B7: =ER_PX[[#This Row],[Column2]] -> 585184 | C7: =ER_PX[[#This Row],[Column3]] -> 585184 | D7: =ER_PX[[#This Row],[Column4]] -> 604721 | E7: =ER_PX[[#This Row],[Column5]] -> 595740 | F7: =ER_PX[[#This Row],[Column6]] -> 582595 | G7: =ER_PX[[#This Row],[Column7]] -> 583891 | H7: =ER_PX[[#This Row],[Column8]] -> 576929 | I7: =ER_PX[[#This Row],[Column9]] -> 585977 | J7: =ER_PX[[#This Row],[Column10]] -> 592155 | K7: =ER_PX[[#This Row],[Column11]] -> 571133 | L7: =ER_PX[[#This Row],[Column12]] -> 570403 | M7: =ER_PX[[#This Row],[Column13]] -> 532929 | N7: =ER_PX[[#This Row],[Column14]] -> 541621 | O7: =ER_PX[[#This Row],[Column15]] -> 540351 | P7: =ER_PX[[#This Row],[Column16]] -> 530450 | Q7: =ER_PX[[#This Row],[Column17]] -> 522980 | R7: =ER_PX[[#This Row],[Column18]] -> 503955 | S7: =ER_PX[[#This Row],[Column19]] -> 444977 | T7: =ER_PX[[#This Row],[Column20]] -> 440297 | U7: =ER_PX[[#This Row],[Column21]] -> 507266 | V7: =ER_PX[[#This Row],[Column22]] -> 496645 | W7: =ER_PX[[#This Row],[Column23]] -> 486008 | X7: =ER_PX[[#This Row],[Column24]] -> 498123 | Y7: =ER_PX[[#This Row],[Column25]] -> 490891 | Z7: =ER_PX[[#This Row],[Column26]] -> 489279 | AA7: =ER_PX[[#This Row],[Column27]] -> 486206 | AB7: =ER_PX[[#This Row],[Column28]] -> 493952 | AC7: =ER_PX[[#This Row],[Column29]] -> 484208 | AD7: =ER_PX[[#This Row],[Column30]] -> 461564 | AE7: =ER_PX[[#This Row],[Column31]] -> 454760 | AF7: =ER_PX[[#This Row],[Column32]] -> 449456 | AG7: =ER_PX[[#This Row],[Column33]] -> 445520 | AH7: =ER_PX[[#This Row],[Column34]] -> 442523 | AI7: =ER_PX[[#This Row],[Column35]] -> 439873 | AJ7: =ER_PX[[#This Row],[Column36]] -> 435321 | AK7: =ER_PX[[#This Row],[Column37]] -> 439475 | AL7: =ER_PX[[#This Row],[Column38]] -> 440774 | AM7: =ER_PX[[#This Row],[Column39]] -> 436263 | AN7: =ER_PX[[#This Row],[Column40]] -> 440790 | AO7: =ER_PX[[#This Row],[Column41]] -> 438246 | AP7: =ER_PX[[#This Row],[Column42]] -> 440548 | AQ7: =ER_PX[[#This Row],[Column43]] -> 441357 | AR7: =ER_PX[[#This Row],[Column44]] -> 439947 | AS7: =ER_PX[[#This Row],[Column45]] -> 432597 | AT7: =ER_PX[[#This Row],[Column46]] -> 439888 | AU7: =ER_PX[[#This Row],[Column47]] -> 441357 | AV7: =ER_PX[[#This Row],[Column48]] -> 445247 | AW7: =ER_PX[[#This Row],[Column49]] -> 439544 | AX7: =ER_PX[[#This Row],[Column50]] -> 442943 | AY7: =ER_PX[[#This Row],[Column51]] -> 447880 | AZ7: =ER_PX[[#This Row],[Column52]] -> 445296 | BA7: =ER_PX[[#This Row],[Column53]] -> 442973 | BB7: =ER_PX[[#This Row],[Column54]] -> 444750 | BC7: =ER_PX[[#This Row],[Column55]] -> 455521 | BD7: =ER_PX[[#This Row],[Column56]] -> 455810 | BE7: =ER_PX[[#This Row],[Column57]] -> 444807 | BF7: =ER_PX[[#This Row],[Column58]] -> 428019 | BG7: =ER_PX[[#This Row],[Column59]] -> 422481 | BH7: =ER_PX[[#This Row],[Column60]] -> 415412 | BI7: =ER_PX[[#This Row],[Column61]] -> 406393 | BJ7: =ER_PX[[#This Row],[Column62]] -> 394992 | BK7: =ER_PX[[#This Row],[Column63]] -> 383079 | BL7: =ER_PX[[#This Row],[Column64]] -> 386269 | BM7: =ER_PX[[#This Row],[Column65]] -> 380684 | BN7: =ER_PX[[#This Row],[Column66]] -> 389256 | BO7: =ER_PX[[#This Row],[Column67]] -> 390546 | BP7: =ER_PX[[#This Row],[Column68]] -> 379360 | BQ7: =ER_PX[[#This Row],[Column69]] -> 379984 | BR7: =ER_PX[[#This Row],[Column70]] -> 382009
A8: ='cont list_0'!E11 -> Z27 | B8: =ER_PX[[#This Row],[Column2]] -> 391554 | C8: =ER_PX[[#This Row],[Column3]] -> 391554 | D8: =ER_PX[[#This Row],[Column4]] -> 388743 | E8: =ER_PX[[#This Row],[Column5]] -> 385371 | F8: =ER_PX[[#This Row],[Column6]] -> 384945 | G8: =ER_PX[[#This Row],[Column7]] -> 380241 | H8: =ER_PX[[#This Row],[Column8]] -> 378496 | I8: =ER_PX[[#This Row],[Column9]] -> 395799 | J8: =ER_PX[[#This Row],[Column10]] -> 389386 | K8: =ER_PX[[#This Row],[Column11]] -> 390793 | L8: =ER_PX[[#This Row],[Column12]] -> 381457 | M8: =ER_PX[[#This Row],[Column13]] -> 396443 | N8: =ER_PX[[#This Row],[Column14]] -> 398363 | O8: =ER_PX[[#This Row],[Column15]] -> 394232 | P8: =ER_PX[[#This Row],[Column16]] -> 389095 | Q8: =ER_PX[[#This Row],[Column17]] -> 395602 | R8: =ER_PX[[#This Row],[Column18]] -> 407334 | S8: =ER_PX[[#This Row],[Column19]] -> 500301 | T8: =ER_PX[[#This Row],[Column20]] -> 497119 | U8: =ER_PX[[#This Row],[Column21]] -> 532850 | V8: =ER_PX[[#This Row],[Column22]] -> 547724 | W8: =ER_PX[[#This Row],[Column23]] -> 549513 | X8: =ER_PX[[#This Row],[Column24]] -> 545847 | Y8: =ER_PX[[#This Row],[Column25]] -> 543279 | Z8: =ER_PX[[#This Row],[Column26]] -> 536343 | AA8: =ER_PX[[#This Row],[Column27]] -> 533913 | AB8: =ER_PX[[#This Row],[Column28]] -> 514950 | AC8: =ER_PX[[#This Row],[Column29]] -> 514791 | AD8: =ER_PX[[#This Row],[Column30]] -> 512601 | AE8: =ER_PX[[#This Row],[Column31]] -> 515582 | AF8: =ER_PX[[#This Row],[Column32]] -> 497939 | AG8: =ER_PX[[#This Row],[Column33]] -> 499316 | AH8: =ER_PX[[#This Row],[Column34]] -> 501237 | AI8: =ER_PX[[#This Row],[Column35]] -> 497883 | AJ8: =ER_PX[[#This Row],[Column36]] -> 492812 | AK8: =ER_PX[[#This Row],[Column37]] -> 485594 | AL8: =ER_PX[[#This Row],[Column38]] -> 480626 | AM8: =ER_PX[[#This Row],[Column39]] -> 473736 | AN8: =ER_PX[[#This Row],[Column40]] -> 467344 | AO8: =ER_PX[[#This Row],[Column41]] -> 477172 | AP8: =ER_PX[[#This Row],[Column42]] -> 476272 | AQ8: =ER_PX[[#This Row],[Column43]] -> 474892 | AR8: =ER_PX[[#This Row],[Column44]] -> 471655 | AS8: =ER_PX[[#This Row],[Column45]] -> 470864 | AT8: =ER_PX[[#This Row],[Column46]] -> 470389 | AU8: =ER_PX[[#This Row],[Column47]] -> 476321 | AV8: =ER_PX[[#This Row],[Column48]] -> 476618 | AW8: =ER_PX[[#This Row],[Column49]] -> 488980 | AX8: =ER_PX[[#This Row],[Column50]] -> 495403 | AY8: =ER_PX[[#This Row],[Column51]] -> 496911 | AZ8: =ER_PX[[#This Row],[Column52]] -> 497633 | BA8: =ER_PX[[#This Row],[Column53]] -> 494774 | BB8: =ER_PX[[#This Row],[Column54]] -> 493576 | BC8: =ER_PX[[#This Row],[Column55]] -> 501791 | BD8: =ER_PX[[#This Row],[Column56]] -> 503987 | BE8: =ER_PX[[#This Row],[Column57]] -> 510256 | BF8: =ER_PX[[#This Row],[Column58]] -> 504437 | BG8: =ER_PX[[#This Row],[Column59]] -> 498783 | BH8: =ER_PX[[#This Row],[Column60]] -> 511803 | BI8: =ER_PX[[#This Row],[Column61]] -> 516035 | BJ8: =ER_PX[[#This Row],[Column62]] -> 510760 | BK8: =ER_PX[[#This Row],[Column63]] -> 508806 | BL8: =ER_PX[[#This Row],[Column64]] -> 502827 | BM8: =ER_PX[[#This Row],[Column65]] -> 496601 | BN8: =ER_PX[[#This Row],[Column66]] -> 505778 | BO8: =ER_PX[[#This Row],[Column67]] -> 505546 | BP8: =ER_PX[[#This Row],[Column68]] -> 467038 | BQ8: =ER_PX[[#This Row],[Column69]] -> 446536 | BR8: =ER_PX[[#This Row],[Column70]] -> 448008
A9: ='cont list_0'!E12 -> H28 | B9: =ER_PX[[#This Row],[Column2]] -> 304102 | C9: =ER_PX[[#This Row],[Column3]] -> 304102 | D9: =ER_PX[[#This Row],[Column4]] -> 301001 | E9: =ER_PX[[#This Row],[Column5]] -> 295360 | F9: =ER_PX[[#This Row],[Column6]] -> 302984 | G9: =ER_PX[[#This Row],[Column7]] -> 299209 | H9: =ER_PX[[#This Row],[Column8]] -> 297219 | I9: =ER_PX[[#This Row],[Column9]] -> 293202 | J9: =ER_PX[[#This Row],[Column10]] -> 289649 | K9: =ER_PX[[#This Row],[Column11]] -> 296500 | L9: =ER_PX[[#This Row],[Column12]] -> 299060 | M9: =ER_PX[[#This Row],[Column13]] -> 305248 | N9: =ER_PX[[#This Row],[Column14]] -> 303654 | O9: =ER_PX[[#This Row],[Column15]] -> 298765 | P9: =ER_PX[[#This Row],[Column16]] -> 292533 | Q9: =ER_PX[[#This Row],[Column17]] -> 296082 | R9: =ER_PX[[#This Row],[Column18]] -> 302187 | S9: =ER_PX[[#This Row],[Column19]] -> 399771 | T9: =ER_PX[[#This Row],[Column20]] -> 381570 | U9: =ER_PX[[#This Row],[Column21]] -> 381760 | V9: =ER_PX[[#This Row],[Column22]] -> 378016 | W9: =ER_PX[[#This Row],[Column23]] -> 371904 | X9: =ER_PX[[#This Row],[Column24]] -> 369181 | Y9: =ER_PX[[#This Row],[Column25]] -> 365540 | Z9: =ER_PX[[#This Row],[Column26]] -> 362131 | AA9: =ER_PX[[#This Row],[Column27]] -> 352192 | AB9: =ER_PX[[#This Row],[Column28]] -> 358308 | AC9: =ER_PX[[#This Row],[Column29]] -> 367345 | AD9: =ER_PX[[#This Row],[Column30]] -> 364757 | AE9: =ER_PX[[#This Row],[Column31]] -> 358495 | AF9: =ER_PX[[#This Row],[Column32]] -> 359709 | AG9: =ER_PX[[#This Row],[Column33]] -> 368664 | AH9: =ER_PX[[#This Row],[Column34]] -> 369609 | AI9: =ER_PX[[#This Row],[Column35]] -> 366668 | AJ9: =ER_PX[[#This Row],[Column36]] -> 362183 | AK9: =ER_PX[[#This Row],[Column37]] -> 362682 | AL9: =ER_PX[[#This Row],[Column38]] -> 363587 | AM9: =ER_PX[[#This Row],[Column39]] -> 360555 | AN9: =ER_PX[[#This Row],[Column40]] -> 360770 | AO9: =ER_PX[[#This Row],[Column41]] -> 358399 | AP9: =ER_PX[[#This Row],[Column42]] -> 356995 | AQ9: =ER_PX[[#This Row],[Column43]] -> 355329 | AR9: =ER_PX[[#This Row],[Column44]] -> 355432 | AS9: =ER_PX[[#This Row],[Column45]] -> 358275 | AT9: =ER_PX[[#This Row],[Column46]] -> 359277 | AU9: =ER_PX[[#This Row],[Column47]] -> 362962 | AV9: =ER_PX[[#This Row],[Column48]] -> 365965 | AW9: =ER_PX[[#This Row],[Column49]] -> 366342 | AX9: =ER_PX[[#This Row],[Column50]] -> 366837 | AY9: =ER_PX[[#This Row],[Column51]] -> 368851 | AZ9: =ER_PX[[#This Row],[Column52]] -> 362060 | BA9: =ER_PX[[#This Row],[Column53]] -> 357934 | BB9: =ER_PX[[#This Row],[Column54]] -> 357399 | BC9: =ER_PX[[#This Row],[Column55]] -> 356242 | BD9: =ER_PX[[#This Row],[Column56]] -> 360641 | BE9: =ER_PX[[#This Row],[Column57]] -> 360587 | BF9: =ER_PX[[#This Row],[Column58]] -> 357495 | BG9: =ER_PX[[#This Row],[Column59]] -> 357453 | BH9: =ER_PX[[#This Row],[Column60]] -> 360584 | BI9: =ER_PX[[#This Row],[Column61]] -> 359237 | BJ9: =ER_PX[[#This Row],[Column62]] -> 356966 | BK9: =ER_PX[[#This Row],[Column63]] -> 353622 | BL9: =ER_PX[[#This Row],[Column64]] -> 353341 | BM9: =ER_PX[[#This Row],[Column65]] -> 352094 | BN9: =ER_PX[[#This Row],[Column66]] -> 351342 | BO9: =ER_PX[[#This Row],[Column67]] -> 347767 | BP9: =ER_PX[[#This Row],[Column68]] -> 342943 | BQ9: =ER_PX[[#This Row],[Column69]] -> 341477 | BR9: =ER_PX[[#This Row],[Column70]] -> 345746
A10: ='cont list_0'!E13 -> M28 | B10: =ER_PX[[#This Row],[Column2]] -> 326357 | C10: =ER_PX[[#This Row],[Column3]] -> 326357 | D10: =ER_PX[[#This Row],[Column4]] -> 323223 | E10: =ER_PX[[#This Row],[Column5]] -> 322746 | F10: =ER_PX[[#This Row],[Column6]] -> 314649 | G10: =ER_PX[[#This Row],[Column7]] -> 316993 | H10: =ER_PX[[#This Row],[Column8]] -> 314430 | I10: =ER_PX[[#This Row],[Column9]] -> 324350 | J10: =ER_PX[[#This Row],[Column10]] -> 324467 | K10: =ER_PX[[#This Row],[Column11]] -> 322045 | L10: =ER_PX[[#This Row],[Column12]] -> 319155 | M10: =ER_PX[[#This Row],[Column13]] -> 309186 | N10: =ER_PX[[#This Row],[Column14]] -> 306637 | O10: =ER_PX[[#This Row],[Column15]] -> 305448 | P10: =ER_PX[[#This Row],[Column16]] -> 297405 | Q10: =ER_PX[[#This Row],[Column17]] -> 294074 | R10: =ER_PX[[#This Row],[Column18]] -> 282349 | S10: =ER_PX[[#This Row],[Column19]] -> 311894 | T10: =ER_PX[[#This Row],[Column20]] -> 318877 | U10: =ER_PX[[#This Row],[Column21]] -> 331889 | V10: =ER_PX[[#This Row],[Column22]] -> 336226 | W10: =ER_PX[[#This Row],[Column23]] -> 332169 | X10: =ER_PX[[#This Row],[Column24]] -> 326926 | Y10: =ER_PX[[#This Row],[Column25]] -> 320731 | Z10: =ER_PX[[#This Row],[Column26]] -> 315991 | AA10: =ER_PX[[#This Row],[Column27]] -> 323341 | AB10: =ER_PX[[#This Row],[Column28]] -> 320988 | AC10: =ER_PX[[#This Row],[Column29]] -> 311188 | AD10: =ER_PX[[#This Row],[Column30]] -> 303244 | AE10: =ER_PX[[#This Row],[Column31]] -> 297190 | AF10: =ER_PX[[#This Row],[Column32]] -> 293139 | AG10: =ER_PX[[#This Row],[Column33]] -> 292037 | AH10: =ER_PX[[#This Row],[Column34]] -> 285826 | AI10: =ER_PX[[#This Row],[Column35]] -> 286097 | AJ10: =ER_PX[[#This Row],[Column36]] -> 287375 | AK10: =ER_PX[[#This Row],[Column37]] -> 291504 | AL10: =ER_PX[[#This Row],[Column38]] -> 293575 | AM10: =ER_PX[[#This Row],[Column39]] -> 288196 | AN10: =ER_PX[[#This Row],[Column40]] -> 293080 | AO10: =ER_PX[[#This Row],[Column41]] -> 292563 | AP10: =ER_PX[[#This Row],[Column42]] -> 294327 | AQ10: =ER_PX[[#This Row],[Column43]] -> 292303 | AR10: =ER_PX[[#This Row],[Column44]] -> 292042 | AS10: =ER_PX[[#This Row],[Column45]] -> 278607 | AT10: =ER_PX[[#This Row],[Column46]] -> 276199 | AU10: =ER_PX[[#This Row],[Column47]] -> 277085 | AV10: =ER_PX[[#This Row],[Column48]] -> 277464 | AW10: =ER_PX[[#This Row],[Column49]] -> 277609 | AX10: =ER_PX[[#This Row],[Column50]] -> 275962 | AY10: =ER_PX[[#This Row],[Column51]] -> 276479 | AZ10: =ER_PX[[#This Row],[Column52]] -> 273977 | BA10: =ER_PX[[#This Row],[Column53]] -> 275808 | BB10: =ER_PX[[#This Row],[Column54]] -> 277057 | BC10: =ER_PX[[#This Row],[Column55]] -> 277636 | BD10: =ER_PX[[#This Row],[Column56]] -> 267634 | BE10: =ER_PX[[#This Row],[Column57]] -> 264376 | BF10: =ER_PX[[#This Row],[Column58]] -> 263328 | BG10: =ER_PX[[#This Row],[Column59]] -> 261585 | BH10: =ER_PX[[#This Row],[Column60]] -> 259951 | BI10: =ER_PX[[#This Row],[Column61]] -> 256432 | BJ10: =ER_PX[[#This Row],[Column62]] -> 253400 | BK10: =ER_PX[[#This Row],[Column63]] -> 249858 | BL10: =ER_PX[[#This Row],[Column64]] -> 251700 | BM10: =ER_PX[[#This Row],[Column65]] -> 249676 | BN10: =ER_PX[[#This Row],[Column66]] -> 245235 | BO10: =ER_PX[[#This Row],[Column67]] -> 239215 | BP10: =ER_PX[[#This Row],[Column68]] -> 239861 | BQ10: =ER_PX[[#This Row],[Column69]] -> 238130 | BR10: =ER_PX[[#This Row],[Column70]] -> 245298
A11: ='cont list_0'!E14 -> U28 | B11: =ER_PX[[#This Row],[Column2]] -> 342683 | C11: =ER_PX[[#This Row],[Column3]] -> 342683 | D11: =ER_PX[[#This Row],[Column4]] -> 343070 | E11: =ER_PX[[#This Row],[Column5]] -> 338313 | F11: =ER_PX[[#This Row],[Column6]] -> 341745 | G11: =ER_PX[[#This Row],[Column7]] -> 344760 | H11: =ER_PX[[#This Row],[Column8]] -> 338702 | I11: =ER_PX[[#This Row],[Column9]] -> 324015 | J11: =ER_PX[[#This Row],[Column10]] -> 327110 | K11: =ER_PX[[#This Row],[Column11]] -> 329182 | L11: =ER_PX[[#This Row],[Column12]] -> 333374 | M11: =ER_PX[[#This Row],[Column13]] -> 328154 | N11: =ER_PX[[#This Row],[Column14]] -> 329150 | O11: =ER_PX[[#This Row],[Column15]] -> 336839 | P11: =ER_PX[[#This Row],[Column16]] -> 338281 | Q11: =ER_PX[[#This Row],[Column17]] -> 330837 | R11: =ER_PX[[#This Row],[Column18]] -> 329240 | S11: =ER_PX[[#This Row],[Column19]] -> 289641 | T11: =ER_PX[[#This Row],[Column20]] -> 292070 | U11: =ER_PX[[#This Row],[Column21]] -> 296717 | V11: =ER_PX[[#This Row],[Column22]] -> 296259 | W11: =ER_PX[[#This Row],[Column23]] -> 290618 | X11: =ER_PX[[#This Row],[Column24]] -> 288251 | Y11: =ER_PX[[#This Row],[Column25]] -> 286460 | Z11: =ER_PX[[#This Row],[Column26]] -> 286245 | AA11: =ER_PX[[#This Row],[Column27]] -> 289740 | AB11: =ER_PX[[#This Row],[Column28]] -> 282351 | AC11: =ER_PX[[#This Row],[Column29]] -> 272256 | AD11: =ER_PX[[#This Row],[Column30]] -> 269605 | AE11: =ER_PX[[#This Row],[Column31]] -> 268437 | AF11: =ER_PX[[#This Row],[Column32]] -> 267542 | AG11: =ER_PX[[#This Row],[Column33]] -> 263560 | AH11: =ER_PX[[#This Row],[Column34]] -> 258290 | AI11: =ER_PX[[#This Row],[Column35]] -> 251390 | AJ11: =ER_PX[[#This Row],[Column36]] -> 248641 | AK11: =ER_PX[[#This Row],[Column37]] -> 252084 | AL11: =ER_PX[[#This Row],[Column38]] -> 254770 | AM11: =ER_PX[[#This Row],[Column39]] -> 254327 | AN11: =ER_PX[[#This Row],[Column40]] -> 253697 | AO11: =ER_PX[[#This Row],[Column41]] -> 256897 | AP11: =ER_PX[[#This Row],[Column42]] -> 258038 | AQ11: =ER_PX[[#This Row],[Column43]] -> 259027 | AR11: =ER_PX[[#This Row],[Column44]] -> 257088 | AS11: =ER_PX[[#This Row],[Column45]] -> 246225 | AT11: =ER_PX[[#This Row],[Column46]] -> 247429 | AU11: =ER_PX[[#This Row],[Column47]] -> 246082 | AV11: =ER_PX[[#This Row],[Column48]] -> 246085 | AW11: =ER_PX[[#This Row],[Column49]] -> 244992 | AX11: =ER_PX[[#This Row],[Column50]] -> 248666 | AY11: =ER_PX[[#This Row],[Column51]] -> 248302 | AZ11: =ER_PX[[#This Row],[Column52]] -> 246844 | BA11: =ER_PX[[#This Row],[Column53]] -> 235133 | BB11: =ER_PX[[#This Row],[Column54]] -> 239196 | BC11: =ER_PX[[#This Row],[Column55]] -> 240851 | BD11: =ER_PX[[#This Row],[Column56]] -> 245376 | BE11: =ER_PX[[#This Row],[Column57]] -> 232845 | BF11: =ER_PX[[#This Row],[Column58]] -> 222278 | BG11: =ER_PX[[#This Row],[Column59]] -> 223664 | BH11: =ER_PX[[#This Row],[Column60]] -> 223312 | BI11: =ER_PX[[#This Row],[Column61]] -> 223107 | BJ11: =ER_PX[[#This Row],[Column62]] -> 218765 | BK11: =ER_PX[[#This Row],[Column63]] -> 212175 | BL11: =ER_PX[[#This Row],[Column64]] -> 220035 | BM11: =ER_PX[[#This Row],[Column65]] -> 222687 | BN11: =ER_PX[[#This Row],[Column66]] -> 227239 | BO11: =ER_PX[[#This Row],[Column67]] -> 222132 | BP11: =ER_PX[[#This Row],[Column68]] -> 220466 | BQ11: =ER_PX[[#This Row],[Column69]] -> 221284 | BR11: =ER_PX[[#This Row],[Column70]] -> 221034
A12: ='cont list_0'!E15 -> Z28 | B12: =ER_PX[[#This Row],[Column2]] -> 210848 | C12: =ER_PX[[#This Row],[Column3]] -> 210848 | D12: =ER_PX[[#This Row],[Column4]] -> 214804 | E12: =ER_PX[[#This Row],[Column5]] -> 211710 | F12: =ER_PX[[#This Row],[Column6]] -> 206205 | G12: =ER_PX[[#This Row],[Column7]] -> 201749 | H12: =ER_PX[[#This Row],[Column8]] -> 203358 | I12: =ER_PX[[#This Row],[Column9]] -> 200972 | J12: =ER_PX[[#This Row],[Column10]] -> 203300 | K12: =ER_PX[[#This Row],[Column11]] -> 209055 | L12: =ER_PX[[#This Row],[Column12]] -> 215927 | M12: =ER_PX[[#This Row],[Column13]] -> 216447 | N12: =ER_PX[[#This Row],[Column14]] -> 221504 | O12: =ER_PX[[#This Row],[Column15]] -> 222763 | P12: =ER_PX[[#This Row],[Column16]] -> 222497 | Q12: =ER_PX[[#This Row],[Column17]] -> 225973 | R12: =ER_PX[[#This Row],[Column18]] -> 221955 | S12: =ER_PX[[#This Row],[Column19]] -> 325841 | T12: =ER_PX[[#This Row],[Column20]] -> 325463 | U12: =ER_PX[[#This Row],[Column21]] -> 318438 | V12: =ER_PX[[#This Row],[Column22]] -> 304082 | W12: =ER_PX[[#This Row],[Column23]] -> 296891 | X12: =ER_PX[[#This Row],[Column24]] -> 293055 | Y12: =ER_PX[[#This Row],[Column25]] -> 292174 | Z12: =ER_PX[[#This Row],[Column26]] -> 296029 | AA12: =ER_PX[[#This Row],[Column27]] -> 289035 | AB12: =ER_PX[[#This Row],[Column28]] -> 282926 | AC12: =ER_PX[[#This Row],[Column29]] -> 279934 | AD12: =ER_PX[[#This Row],[Column30]] -> 281331 | AE12: =ER_PX[[#This Row],[Column31]] -> 276924 | AF12: =ER_PX[[#This Row],[Column32]] -> 274208 | AG12: =ER_PX[[#This Row],[Column33]] -> 273091 | AH12: =ER_PX[[#This Row],[Column34]] -> 276799 | AI12: =ER_PX[[#This Row],[Column35]] -> 274606 | AJ12: =ER_PX[[#This Row],[Column36]] -> 272674 | AK12: =ER_PX[[#This Row],[Column37]] -> 274527 | AL12: =ER_PX[[#This Row],[Column38]] -> 272125 | AM12: =ER_PX[[#This Row],[Column39]] -> 277055 | AN12: =ER_PX[[#This Row],[Column40]] -> 270449 | AO12: =ER_PX[[#This Row],[Column41]] -> 273291 | AP12: =ER_PX[[#This Row],[Column42]] -> 272174 | AQ12: =ER_PX[[#This Row],[Column43]] -> 273789 | AR12: =ER_PX[[#This Row],[Column44]] -> 274403 | AS12: =ER_PX[[#This Row],[Column45]] -> 271046 | AT12: =ER_PX[[#This Row],[Column46]] -> 269889 | AU12: =ER_PX[[#This Row],[Column47]] -> 269442 | AV12: =ER_PX[[#This Row],[Column48]] -> 268969 | AW12: =ER_PX[[#This Row],[Column49]] -> 265789 | AX12: =ER_PX[[#This Row],[Column50]] -> 264624 | AY12: =ER_PX[[#This Row],[Column51]] -> 264796 | AZ12: =ER_PX[[#This Row],[Column52]] -> 267794 | BA12: =ER_PX[[#This Row],[Column53]] -> 262720 | BB12: =ER_PX[[#This Row],[Column54]] -> 258982 | BC12: =ER_PX[[#This Row],[Column55]] -> 249415 | BD12: =ER_PX[[#This Row],[Column56]] -> 245089 | BE12: =ER_PX[[#This Row],[Column57]] -> 236670 | BF12: =ER_PX[[#This Row],[Column58]] -> 234548 | BG12: =ER_PX[[#This Row],[Column59]] -> 239030 | BH12: =ER_PX[[#This Row],[Column60]] -> 239383 | BI12: =ER_PX[[#This Row],[Column61]] -> 233844 | BJ12: =ER_PX[[#This Row],[Column62]] -> 235217 | BK12: =ER_PX[[#This Row],[Column63]] -> 232368 | BL12: =ER_PX[[#This Row],[Column64]] -> 240758 | BM12: =ER_PX[[#This Row],[Column65]] -> 248969 | BN12: =ER_PX[[#This Row],[Column66]] -> 247848 | BO12: =ER_PX[[#This Row],[Column67]] -> 249147 | BP12: =ER_PX[[#This Row],[Column68]] -> 244717 | BQ12: =ER_PX[[#This Row],[Column69]] -> 247202 | BR12: =ER_PX[[#This Row],[Column70]] -> 244480
A13: ='cont list_0'!E16 -> H29 | B13: =ER_PX[[#This Row],[Column2]] -> 179414 | C13: =ER_PX[[#This Row],[Column3]] -> 179414 | D13: =ER_PX[[#This Row],[Column4]] -> 178795 | E13: =ER_PX[[#This Row],[Column5]] -> 176123 | F13: =ER_PX[[#This Row],[Column6]] -> 172412 | G13: =ER_PX[[#This Row],[Column7]] -> 164189 | H13: =ER_PX[[#This Row],[Column8]] -> 159940 | I13: =ER_PX[[#This Row],[Column9]] -> 159065 | J13: =ER_PX[[#This Row],[Column10]] -> 167199 | K13: =ER_PX[[#This Row],[Column11]] -> 161647 | L13: =ER_PX[[#This Row],[Column12]] -> 153936 | M13: =ER_PX[[#This Row],[Column13]] -> 148912 | N13: =ER_PX[[#This Row],[Column14]] -> 149194 | O13: =ER_PX[[#This Row],[Column15]] -> 148285 | P13: =ER_PX[[#This Row],[Column16]] -> 145070 | Q13: =ER_PX[[#This Row],[Column17]] -> 143037 | R13: =ER_PX[[#This Row],[Column18]] -> 144290 | S13: =ER_PX[[#This Row],[Column19]] -> 228042 | T13: =ER_PX[[#This Row],[Column20]] -> 234339 | U13: =ER_PX[[#This Row],[Column21]] -> 236817 | V13: =ER_PX[[#This Row],[Column22]] -> 230939 | W13: =ER_PX[[#This Row],[Column23]] -> 225341 | X13: =ER_PX[[#This Row],[Column24]] -> 223069 | Y13: =ER_PX[[#This Row],[Column25]] -> 217128 | Z13: =ER_PX[[#This Row],[Column26]] -> 214450 | AA13: =ER_PX[[#This Row],[Column27]] -> 213613 | AB13: =ER_PX[[#This Row],[Column28]] -> 213539 | AC13: =ER_PX[[#This Row],[Column29]] -> 207679 | AD13: =ER_PX[[#This Row],[Column30]] -> 204673 | AE13: =ER_PX[[#This Row],[Column31]] -> 201516 | AF13: =ER_PX[[#This Row],[Column32]] -> 201732 | AG13: =ER_PX[[#This Row],[Column33]] -> 202091 | AH13: =ER_PX[[#This Row],[Column34]] -> 202551 | AI13: =ER_PX[[#This Row],[Column35]] -> 200625 | AJ13: =ER_PX[[#This Row],[Column36]] -> 200395 | AK13: =ER_PX[[#This Row],[Column37]] -> 199726 | AL13: =ER_PX[[#This Row],[Column38]] -> 199464 | AM13: =ER_PX[[#This Row],[Column39]] -> 198855 | AN13: =ER_PX[[#This Row],[Column40]] -> 192708 | AO13: =ER_PX[[#This Row],[Column41]] -> 196904 | AP13: =ER_PX[[#This Row],[Column42]] -> 198282 | AQ13: =ER_PX[[#This Row],[Column43]] -> 197030 | AR13: =ER_PX[[#This Row],[Column44]] -> 199648 | AS13: =ER_PX[[#This Row],[Column45]] -> 196247 | AT13: =ER_PX[[#This Row],[Column46]] -> 197380 | AU13: =ER_PX[[#This Row],[Column47]] -> 191433 | AV13: =ER_PX[[#This Row],[Column48]] -> 189980 | AW13: =ER_PX[[#This Row],[Column49]] -> 189260 | AX13: =ER_PX[[#This Row],[Column50]] -> 189954 | AY13: =ER_PX[[#This Row],[Column51]] -> 187849 | AZ13: =ER_PX[[#This Row],[Column52]] -> 186071 | BA13: =ER_PX[[#This Row],[Column53]] -> 182902 | BB13: =ER_PX[[#This Row],[Column54]] -> 182028 | BC13: =ER_PX[[#This Row],[Column55]] -> 180184 | BD13: =ER_PX[[#This Row],[Column56]] -> 183301 | BE13: =ER_PX[[#This Row],[Column57]] -> 182044 | BF13: =ER_PX[[#This Row],[Column58]] -> 182666 | BG13: =ER_PX[[#This Row],[Column59]] -> 182077 | BH13: =ER_PX[[#This Row],[Column60]] -> 179120 | BI13: =ER_PX[[#This Row],[Column61]] -> 175457 | BJ13: =ER_PX[[#This Row],[Column62]] -> 176641 | BK13: =ER_PX[[#This Row],[Column63]] -> 172458 | BL13: =ER_PX[[#This Row],[Column64]] -> 170180 | BM13: =ER_PX[[#This Row],[Column65]] -> 170391 | BN13: =ER_PX[[#This Row],[Column66]] -> 170271 | BO13: =ER_PX[[#This Row],[Column67]] -> 171860 | BP13: =ER_PX[[#This Row],[Column68]] -> 174614 | BQ13: =ER_PX[[#This Row],[Column69]] -> 172116 | BR13: =ER_PX[[#This Row],[Column70]] -> 171674
A14: ='cont list_0'!E17 -> M29 | B14: =ER_PX[[#This Row],[Column2]] -> 115124 | C14: =ER_PX[[#This Row],[Column3]] -> 115124 | D14: =ER_PX[[#This Row],[Column4]] -> 113770 | E14: =ER_PX[[#This Row],[Column5]] -> 115635 | F14: =ER_PX[[#This Row],[Column6]] -> 113554 | G14: =ER_PX[[#This Row],[Column7]] -> 116715 | H14: =ER_PX[[#This Row],[Column8]] -> 116255 | I14: =ER_PX[[#This Row],[Column9]] -> 112160 | J14: =ER_PX[[#This Row],[Column10]] -> 114988 | K14: =ER_PX[[#This Row],[Column11]] -> 121332 | L14: =ER_PX[[#This Row],[Column12]] -> 120235 | M14: =ER_PX[[#This Row],[Column13]] -> 114865 | N14: =ER_PX[[#This Row],[Column14]] -> 115356 | O14: =ER_PX[[#This Row],[Column15]] -> 116185 | P14: =ER_PX[[#This Row],[Column16]] -> 114559 | Q14: =ER_PX[[#This Row],[Column17]] -> 112755 | R14: =ER_PX[[#This Row],[Column18]] -> 109122 | S14: =ER_PX[[#This Row],[Column19]] -> 147236 | T14: =ER_PX[[#This Row],[Column20]] -> 143775 | U14: =ER_PX[[#This Row],[Column21]] -> 143059 | V14: =ER_PX[[#This Row],[Column22]] -> 146705 | W14: =ER_PX[[#This Row],[Column23]] -> 140472 | X14: =ER_PX[[#This Row],[Column24]] -> 143502 | Y14: =ER_PX[[#This Row],[Column25]] -> 146016 | Z14: =ER_PX[[#This Row],[Column26]] -> 143609 | AA14: =ER_PX[[#This Row],[Column27]] -> 141939 | AB14: =ER_PX[[#This Row],[Column28]] -> 145584 | AC14: =ER_PX[[#This Row],[Column29]] -> 145366 | AD14: =ER_PX[[#This Row],[Column30]] -> 145648 | AE14: =ER_PX[[#This Row],[Column31]] -> 147348 | AF14: =ER_PX[[#This Row],[Column32]] -> 144387 | AG14: =ER_PX[[#This Row],[Column33]] -> 141570 | AH14: =ER_PX[[#This Row],[Column34]] -> 140101 | AI14: =ER_PX[[#This Row],[Column35]] -> 135018 | AJ14: =ER_PX[[#This Row],[Column36]] -> 135773 | AK14: =ER_PX[[#This Row],[Column37]] -> 136805 | AL14: =ER_PX[[#This Row],[Column38]] -> 137484 | AM14: =ER_PX[[#This Row],[Column39]] -> 137238 | AN14: =ER_PX[[#This Row],[Column40]] -> 139087 | AO14: =ER_PX[[#This Row],[Column41]] -> 139907 | AP14: =ER_PX[[#This Row],[Column42]] -> 139803 | AQ14: =ER_PX[[#This Row],[Column43]] -> 140328 | AR14: =ER_PX[[#This Row],[Column44]] -> 141584 | AS14: =ER_PX[[#This Row],[Column45]] -> 138887 | AT14: =ER_PX[[#This Row],[Column46]] -> 138487 | AU14: =ER_PX[[#This Row],[Column47]] -> 137154 | AV14: =ER_PX[[#This Row],[Column48]] -> 135949 | AW14: =ER_PX[[#This Row],[Column49]] -> 134290 | AX14: =ER_PX[[#This Row],[Column50]] -> 134664 | AY14: =ER_PX[[#This Row],[Column51]] -> 134326 | AZ14: =ER_PX[[#This Row],[Column52]] -> 133203 | BA14: =ER_PX[[#This Row],[Column53]] -> 133400 | BB14: =ER_PX[[#This Row],[Column54]] -> 132587 | BC14: =ER_PX[[#This Row],[Column55]] -> 133073 | BD14: =ER_PX[[#This Row],[Column56]] -> 130227 | BE14: =ER_PX[[#This Row],[Column57]] -> 131730 | BF14: =ER_PX[[#This Row],[Column58]] -> 132542 | BG14: =ER_PX[[#This Row],[Column59]] -> 130100 | BH14: =ER_PX[[#This Row],[Column60]] -> 126634 | BI14: =ER_PX[[#This Row],[Column61]] -> 122209 | BJ14: =ER_PX[[#This Row],[Column62]] -> 118603 | BK14: =ER_PX[[#This Row],[Column63]] -> 115551 | BL14: =ER_PX[[#This Row],[Column64]] -> 112225 | BM14: =ER_PX[[#This Row],[Column65]] -> 110919 | BN14: =ER_PX[[#This Row],[Column66]] -> 113867 | BO14: =ER_PX[[#This Row],[Column67]] -> 117187 | BP14: =ER_PX[[#This Row],[Column68]] -> 117830 | BQ14: =ER_PX[[#This Row],[Column69]] -> 116626 | BR14: =ER_PX[[#This Row],[Column70]] -> 116435
... A26: ='cont list_0'!E29 -> M32 | B26: =ER_PX[[#This Row],[Column2]] -> 16 | C26: =ER_PX[[#This Row],[Column3]] -> 16 | D26: =ER_PX[[#This Row],[Column4]] -> 16 | E26: =ER_PX[[#This Row],[Column5]] -> 16 | F26: =ER_PX[[#This Row],[Column6]] -> 16 | G26: =ER_PX[[#This Row],[Column7]] -> 16 | H26: =ER_PX[[#This Row],[Column8]] -> 16 | I26: =ER_PX[[#This Row],[Column9]] -> 16 | J26: =ER_PX[[#This Row],[Column10]] -> 16 | K26: =ER_PX[[#This Row],[Column11]] -> 16 | L26: =ER_PX[[#This Row],[Column12]] -> 16 | M26: =ER_PX[[#This Row],[Column13]] -> 16 | N26: =ER_PX[[#This Row],[Column14]] -> 16 | O26: =ER_PX[[#This Row],[Column15]] -> 16 | P26: =ER_PX[[#This Row],[Column16]] -> 16 | Q26: =ER_PX[[#This Row],[Column17]] -> 16 | R26: =ER_PX[[#This Row],[Column18]] -> 16 | S26: =ER_PX[[#This Row],[Column19]] -> 16 | T26: =ER_PX[[#This Row],[Column20]] -> 16 | U26: =ER_PX[[#This Row],[Column21]] -> 16 | V26: =ER_PX[[#This Row],[Column22]] -> 15 | W26: =ER_PX[[#This Row],[Column23]] -> 15 | X26: =ER_PX[[#This Row],[Column24]] -> 15 | Y26: =ER_PX[[#This Row],[Column25]] -> 15 | Z26: =ER_PX[[#This Row],[Column26]] -> 15 | AA26: =ER_PX[[#This Row],[Column27]] -> 15 | AB26: =ER_PX[[#This Row],[Column28]] -> 15 | AC26: =ER_PX[[#This Row],[Column29]] -> 15 | AD26: =ER_PX[[#This Row],[Column30]] -> 15 | AE26: =ER_PX[[#This Row],[Column31]] -> 15 | AF26: =ER_PX[[#This Row],[Column32]] -> 15 | AG26: =ER_PX[[#This Row],[Column33]] -> 2 | AH26: =ER_PX[[#This Row],[Column34]] -> 2 | AI26: =ER_PX[[#This Row],[Column35]] -> 2 | AJ26: =ER_PX[[#This Row],[Column36]] -> 2 | AK26: =ER_PX[[#This Row],[Column37]] -> 2 | AL26: =ER_PX[[#This Row],[Column38]] -> 2 | AM26: =ER_PX[[#This Row],[Column39]] -> 2 | AN26: =ER_PX[[#This Row],[Column40]] -> 2 | AO26: =ER_PX[[#This Row],[Column41]] -> 2 | AP26: =ER_PX[[#This Row],[Column42]] -> 2 | AQ26: =ER_PX[[#This Row],[Column43]] -> 2 | AR26: =ER_PX[[#This Row],[Column44]] -> 2 | AS26: =ER_PX[[#This Row],[Column45]] -> 2 | AT26: =ER_PX[[#This Row],[Column46]] -> 2 | AU26: =ER_PX[[#This Row],[Column47]] -> 2 | AV26: =ER_PX[[#This Row],[Column48]] -> 2 | AW26: =ER_PX[[#This Row],[Column49]] -> 2 | AX26: =ER_PX[[#This Row],[Column50]] -> 2 | AY26: =ER_PX[[#This Row],[Column51]] -> 2 | AZ26: =ER_PX[[#This Row],[Column52]] -> 2 | BA26: =ER_PX[[#This Row],[Column53]] -> 2 | BB26: =ER_PX[[#This Row],[Column54]] -> 2 | BC26: =ER_PX[[#This Row],[Column55]] -> 2 | BD26: =ER_PX[[#This Row],[Column56]] -> 2 | BE26: =ER_PX[[#This Row],[Column57]] -> 2 | BF26: =ER_PX[[#This Row],[Column58]] -> 2 | BG26: =ER_PX[[#This Row],[Column59]] -> 2 | BH26: =ER_PX[[#This Row],[Column60]] -> 2 | BI26: =ER_PX[[#This Row],[Column61]] -> 2 | BJ26: =ER_PX[[#This Row],[Column62]] -> 2 | BK26: =ER_PX[[#This Row],[Column63]] -> 2 | BL26: =ER_PX[[#This Row],[Column64]] -> 2 | BM26: =ER_PX[[#This Row],[Column65]] -> 2 | BN26: =ER_PX[[#This Row],[Column66]] -> 2 | BO26: =ER_PX[[#This Row],[Column67]] -> 2 | BP26: =ER_PX[[#This Row],[Column68]] -> 2 | BQ26: =ER_PX[[#This Row],[Column69]] -> 2 | BR26: =ER_PX[[#This Row],[Column70]] -> 2

Sheet SONIA
A2: =SONIA_PX[[#This Row],[Column1]] -> Dates | B2: =SONIA_PX[[#This Row],[Column2]] -> 46302 | C2: =SONIA_PX[[#This Row],[Column3]] -> 46301 | D2: =SONIA_PX[[#This Row],[Column4]] -> 46300 | E2: =SONIA_PX[[#This Row],[Column5]] -> 46297 | F2: =SONIA_PX[[#This Row],[Column6]] -> 46296 | G2: =SONIA_PX[[#This Row],[Column7]] -> 46295 | H2: =SONIA_PX[[#This Row],[Column8]] -> 46294 | I2: =SONIA_PX[[#This Row],[Column9]] -> 46293 | J2: =SONIA_PX[[#This Row],[Column10]] -> 46290 | K2: =SONIA_PX[[#This Row],[Column11]] -> 46289 | L2: =SONIA_PX[[#This Row],[Column12]] -> 46288 | M2: =SONIA_PX[[#This Row],[Column13]] -> 46287 | N2: =SONIA_PX[[#This Row],[Column14]] -> 46286 | O2: =SONIA_PX[[#This Row],[Column15]] -> 46283 | P2: =SONIA_PX[[#This Row],[Column16]] -> 46282 | Q2: =SONIA_PX[[#This Row],[Column17]] -> 46281 | R2: =SONIA_PX[[#This Row],[Column18]] -> 46280 | S2: =SONIA_PX[[#This Row],[Column19]] -> 46279 | T2: =SONIA_PX[[#This Row],[Column20]] -> 46276 | U2: =SONIA_PX[[#This Row],[Column21]] -> 46275 | V2: =SONIA_PX[[#This Row],[Column22]] -> 46274 | W2: =SONIA_PX[[#This Row],[Column23]] -> 46273 | X2: =SONIA_PX[[#This Row],[Column24]] -> 46272 | Y2: =SONIA_PX[[#This Row],[Column25]] -> 46269 | Z2: =SONIA_PX[[#This Row],[Column26]] -> 46268 | AA2: =SONIA_PX[[#This Row],[Column27]] -> 46267 | AB2: =SONIA_PX[[#This Row],[Column28]] -> 46266 | AC2: =SONIA_PX[[#This Row],[Column29]] -> 46265 | AD2: =SONIA_PX[[#This Row],[Column30]] -> 46262 | AE2: =SONIA_PX[[#This Row],[Column31]] -> 46261 | AF2: =SONIA_PX[[#This Row],[Column32]] -> 46260 | AG2: =SONIA_PX[[#This Row],[Column33]] -> 46259 | AH2: =SONIA_PX[[#This Row],[Column34]] -> 46258 | AI2: =SONIA_PX[[#This Row],[Column35]] -> 46255 | AJ2: =SONIA_PX[[#This Row],[Column36]] -> 46254 | AK2: =SONIA_PX[[#This Row],[Column37]] -> 46253 | AL2: =SONIA_PX[[#This Row],[Column38]] -> 46252 | AM2: =SONIA_PX[[#This Row],[Column39]] -> 46251 | AN2: =SONIA_PX[[#This Row],[Column40]] -> 46248 | AO2: =SONIA_PX[[#This Row],[Column41]] -> 46247 | AP2: =SONIA_PX[[#This Row],[Column42]] -> 46246 | AQ2: =SONIA_PX[[#This Row],[Column43]] -> 46245 | AR2: =SONIA_PX[[#This Row],[Column44]] -> 46244 | AS2: =SONIA_PX[[#This Row],[Column45]] -> 46241 | AT2: =SONIA_PX[[#This Row],[Column1]] -> Dates | AU2: =SONIA_PX[[#This Row],[Column2]] -> 46302 | AV2: =SONIA_PX[[#This Row],[Column3]] -> 46301 | AW2: =SONIA_PX[[#This Row],[Column4]] -> 46300 | AX2: =SONIA_PX[[#This Row],[Column5]] -> 46297 | AY2: =SONIA_PX[[#This Row],[Column6]] -> 46296 | AZ2: =SONIA_PX[[#This Row],[Column7]] -> 46295 | BA2: =SONIA_PX[[#This Row],[Column8]] -> 46294 | BB2: =SONIA_PX[[#This Row],[Column9]] -> 46293 | BC2: =SONIA_PX[[#This Row],[Column10]] -> 46290 | BD2: =SONIA_PX[[#This Row],[Column11]] -> 46289 | BE2: =SONIA_PX[[#This Row],[Column12]] -> 46288 | BF2: =SONIA_PX[[#This Row],[Column13]] -> 46287 | BG2: =SONIA_PX[[#This Row],[Column14]] -> 46286 | BH2: =SONIA_PX[[#This Row],[Column15]] -> 46283 | BI2: =SONIA_PX[[#This Row],[Column16]] -> 46282 | BJ2: =SONIA_PX[[#This Row],[Column17]] -> 46281 | BK2: =SONIA_PX[[#This Row],[Column18]] -> 46280 | BL2: =SONIA_PX[[#This Row],[Column19]] -> 46279 | BM2: =SONIA_PX[[#This Row],[Column20]] -> 46276 | BN2: =SONIA_PX[[#This Row],[Column21]] -> 46275 | BO2: =SONIA_PX[[#This Row],[Column22]] -> 46274 | BP2: =SONIA_PX[[#This Row],[Column23]] -> 46273 | BQ2: =SONIA_PX[[#This Row],[Column24]] -> 46272 | BR2: =SONIA_PX[[#This Row],[Column25]] -> 46269 | BS2: =SONIA_PX[[#This Row],[Column26]] -> 46268 | BT2: =SONIA_PX[[#This Row],[Column27]] -> 46267 | BU2: =SONIA_PX[[#This Row],[Column28]] -> 46266 | BV2: =SONIA_PX[[#This Row],[Column29]] -> 46265 | BW2: =SONIA_PX[[#This Row],[Column30]] -> 46262 | BX2: =SONIA_PX[[#This Row],[Column31]] -> 46261 | BY2: =SONIA_PX[[#This Row],[Column32]] -> 46260 | BZ2: =SONIA_PX[[#This Row],[Column33]] -> 46259 | CA2: =SONIA_PX[[#This Row],[Column34]] -> 46258 | CB2: =SONIA_PX[[#This Row],[Column35]] -> 46255 | CC2: =SONIA_PX[[#This Row],[Column36]] -> 46254 | CD2: =SONIA_PX[[#This Row],[Column37]] -> 46253 | CE2: =SONIA_PX[[#This Row],[Column38]] -> 46252 | CF2: =SONIA_PX[[#This Row],[Column39]] -> 46251 | CG2: =SONIA_PX[[#This Row],[Column40]] -> 46248 | CH2: =SONIA_PX[[#This Row],[Column41]] -> 46247 | CI2: =SONIA_PX[[#This Row],[Column42]] -> 46246 | CJ2: =SONIA_PX[[#This Row],[Column43]] -> 46245 | CK2: =SONIA_PX[[#This Row],[Column44]] -> 46244 | CL2: =SONIA_PX[[#This Row],[Column45]] -> 46241
A3: ='cont list_0'!I6 -> U26 | B3: =SONIA_PX[[#This Row],[Column2]] -> 398214 | C3: =SONIA_PX[[#This Row],[Column3]] -> 398214 | D3: =SONIA_PX[[#This Row],[Column4]] -> 397088 | E3: =SONIA_PX[[#This Row],[Column5]] -> 394389 | F3: =SONIA_PX[[#This Row],[Column6]] -> 385969 | G3: =SONIA_PX[[#This Row],[Column7]] -> 381529 | H3: =SONIA_PX[[#This Row],[Column8]] -> 379719 | I3: =SONIA_PX[[#This Row],[Column9]] -> 386970 | J3: =SONIA_PX[[#This Row],[Column10]] -> 386566 | K3: =SONIA_PX[[#This Row],[Column11]] -> 383813 | L3: =SONIA_PX[[#This Row],[Column12]] -> 401521 | M3: =SONIA_PX[[#This Row],[Column13]] -> 400365 | N3: =SONIA_PX[[#This Row],[Column14]] -> 394318 | O3: =SONIA_PX[[#This Row],[Column15]] -> 400282 | P3: =SONIA_PX[[#This Row],[Column16]] -> 404149 | Q3: =SONIA_PX[[#This Row],[Column17]] -> 457786 | R3: =SONIA_PX[[#This Row],[Column18]] -> 387550 | S3: =SONIA_PX[[#This Row],[Column19]] -> 386934 | T3: =SONIA_PX[[#This Row],[Column20]] -> 387598 | U3: =SONIA_PX[[#This Row],[Column21]] -> 386945 | V3: =SONIA_PX[[#This Row],[Column22]] -> 387425 | W3: =SONIA_PX[[#This Row],[Column23]] -> 387931 | X3: =SONIA_PX[[#This Row],[Column24]] -> 388976 | Y3: =SONIA_PX[[#This Row],[Column25]] -> 388824 | Z3: =SONIA_PX[[#This Row],[Column26]] -> 389198 | AA3: =SONIA_PX[[#This Row],[Column27]] -> 389024 | AB3: =SONIA_PX[[#This Row],[Column28]] -> 390444 | AC3: =SONIA_PX[[#This Row],[Column29]] -> 391553 | AD3: =SONIA_PX[[#This Row],[Column30]] -> 391553 | AE3: =SONIA_PX[[#This Row],[Column31]] -> 389136 | AF3: =SONIA_PX[[#This Row],[Column32]] -> 388948 | AG3: =SONIA_PX[[#This Row],[Column33]] -> 388250 | AH3: =SONIA_PX[[#This Row],[Column34]] -> 389848 | AI3: =SONIA_PX[[#This Row],[Column35]] -> 389624 | AJ3: =SONIA_PX[[#This Row],[Column36]] -> 390418 | AK3: =SONIA_PX[[#This Row],[Column37]] -> 391716 | AL3: =SONIA_PX[[#This Row],[Column38]] -> 392088 | AM3: =SONIA_PX[[#This Row],[Column39]] -> 392869 | AN3: =SONIA_PX[[#This Row],[Column40]] -> 390881 | AO3: =SONIA_PX[[#This Row],[Column41]] -> 392751 | AP3: =SONIA_PX[[#This Row],[Column42]] -> 388584 | AQ3: =SONIA_PX[[#This Row],[Column43]] -> 396296 | AR3: =SONIA_PX[[#This Row],[Column44]] -> 400428 | AS3: =SONIA_PX[[#This Row],[Column45]] -> 401912 | AT3: =SONIA_PX[[#This Row],[Column1]] -> SFI1 Comdty | AU3: =SONIA_PX[[#This Row],[Column2]] -> 398214 | AV3: =SONIA_PX[[#This Row],[Column3]] -> 398214 | AW3: =SONIA_PX[[#This Row],[Column4]] -> 397088 | AX3: =SONIA_PX[[#This Row],[Column5]] -> 394389 | AY3: =SONIA_PX[[#This Row],[Column6]] -> 385969 | AZ3: =SONIA_PX[[#This Row],[Column7]] -> 381529 | BA3: =SONIA_PX[[#This Row],[Column8]] -> 379719 | BB3: =SONIA_PX[[#This Row],[Column9]] -> 386970 | BC3: =SONIA_PX[[#This Row],[Column10]] -> 386566 | BD3: =SONIA_PX[[#This Row],[Column11]] -> 383813 | BE3: =SONIA_PX[[#This Row],[Column12]] -> 401521 | BF3: =SONIA_PX[[#This Row],[Column13]] -> 400365 | BG3: =SONIA_PX[[#This Row],[Column14]] -> 394318 | BH3: =SONIA_PX[[#This Row],[Column15]] -> 400282 | BI3: =SONIA_PX[[#This Row],[Column16]] -> 404149 | BJ3: =SONIA_PX[[#This Row],[Column17]] -> 457786 | BK3: =SONIA_PX[[#This Row],[Column18]] -> 387550 | BL3: =SONIA_PX[[#This Row],[Column19]] -> 386934 | BM3: =SONIA_PX[[#This Row],[Column20]] -> 387598 | BN3: =SONIA_PX[[#This Row],[Column21]] -> 386945 | BO3: =SONIA_PX[[#This Row],[Column22]] -> 387425 | BP3: =SONIA_PX[[#This Row],[Column23]] -> 387931 | BQ3: =SONIA_PX[[#This Row],[Column24]] -> 388976 | BR3: =SONIA_PX[[#This Row],[Column25]] -> 388824 | BS3: =SONIA_PX[[#This Row],[Column26]] -> 389198 | BT3: =SONIA_PX[[#This Row],[Column27]] -> 389024 | BU3: =SONIA_PX[[#This Row],[Column28]] -> 390444 | BV3: =SONIA_PX[[#This Row],[Column29]] -> 391553 | BW3: =SONIA_PX[[#This Row],[Column30]] -> 391553 | BX3: =SONIA_PX[[#This Row],[Column31]] -> 389136 | BY3: =SONIA_PX[[#This Row],[Column32]] -> 388948 | BZ3: =SONIA_PX[[#This Row],[Column33]] -> 388250 | CA3: =SONIA_PX[[#This Row],[Column34]] -> 389848 | CB3: =SONIA_PX[[#This Row],[Column35]] -> 389624 | CC3: =SONIA_PX[[#This Row],[Column36]] -> 390418 | CD3: =SONIA_PX[[#This Row],[Column37]] -> 391716 | CE3: =SONIA_PX[[#This Row],[Column38]] -> 392088 | CF3: =SONIA_PX[[#This Row],[Column39]] -> 392869 | CG3: =SONIA_PX[[#This Row],[Column40]] -> 390881 | CH3: =SONIA_PX[[#This Row],[Column41]] -> 392751 | CI3: =SONIA_PX[[#This Row],[Column42]] -> 388584 | CJ3: =SONIA_PX[[#This Row],[Column43]] -> 396296 | CK3: =SONIA_PX[[#This Row],[Column44]] -> 400428 | CL3: =SONIA_PX[[#This Row],[Column45]] -> 401912
